id,h_ses
01001,-1.0665
01003,-4.3914
01005,0.7319
01007,0.3190
01009,-1.8878
01011,-12.9999
01013,1.4097
01015,-0.7705
01017,0.2433
01019,-1.6764
01021,-2.6376
01023,1.9214
01027,-1.8543
01029,-1.2273
01031,-2.8739
01033,-0.1351
01037,-3.6538
01039,0.9597
01041,-6.8701
01043,-3.3409
01045,-0.7497
01047,-3.0495
01049,-2.3638
01051,-1.9340
01053,-4.4621
01055,-2.6466
01057,2.2141
01059,-2.1781
01061,-0.2756
01063,0.7621
01065,1.8239
01067,-1.4733
01069,-2.4854
01071,0.6846
01073,-0.6385
01075,-0.5508
01077,-0.4894
01079,-1.8669
01081,-2.8097
01083,-1.0119
01089,-0.4364
01091,2.2248
01093,1.7264
01095,-2.0908
01097,-1.3091
01101,-1.9859
01103,-2.5748
01107,1.5268
01109,-4.5403
01111,-2.8057
01113,0.2782
01115,-3.6594
01117,-2.1620
01119,1.9214
01121,-1.3011
01123,-2.1133
01125,-0.4925
01127,-1.0585
01133,-4.4434
02013,-1.8290
02016,0.5118
02020,-0.2389
02050,1.4180
02060,1.6106
02070,-3.7360
02090,0.5223
02105,0.3141
02110,-0.3142
02122,0.3527
02130,-4.2655
02150,-0.2103
02170,-0.8196
02180,-5.2540
02185,0.7111
02188,-8.4861
02198,-3.5056
02220,-0.0616
02240,1.4867
02270,-13.4902
02290,-8.9361
04001,-0.6194
04003,-2.1410
04005,-0.7291
04007,-1.2618
04009,-1.0206
04011,-1.6533
04012,-2.0726
04013,-1.3963
04015,-2.7052
04017,-0.8487
04019,-1.8129
04021,-1.0482
04023,-2.4821
04025,-1.2978
04027,-2.5638
05001,-0.1414
05003,-3.3247
05005,-0.6202
05007,-0.4770
05009,-0.0540
05011,-1.5705
05015,-0.5567
05017,-4.0252
05019,-4.1392
05021,-2.4825
05023,-4.0209
05025,-9.0590
05027,-0.6257
05029,-0.7494
05031,-2.9850
05033,-1.1027
05035,1.1178
05037,-0.4868
05039,-14.2690
05041,-1.4032
05043,-0.5180
05045,-1.4230
05047,-2.1081
05049,-8.9737
05051,-0.5751
05053,0.1498
05055,-2.3588
05057,-1.2203
05059,-3.4102
05061,-1.9539
05063,-2.2037
05067,-3.7947
05069,-2.1538
05071,0.0504
05073,0.6182
05075,-2.1302
05077,-3.6975
05079,-5.2626
05081,-1.4944
05083,-1.3575
05085,-0.4093
05087,-1.1563
05089,2.2393
05091,-1.7789
05093,-2.4610
05095,-4.8266
05097,-5.3434
05099,1.5161
05101,-8.8169
05103,-1.0064
05105,-3.9262
05107,1.7352
05109,-4.0268
05111,-3.5100
05113,-2.4419
05115,-2.5745
05117,-7.3041
05119,-1.9240
05121,1.4933
05123,-1.5808
05125,-0.3504
05127,-0.9640
05129,-6.4716
05131,-2.2961
05133,-2.2545
05135,1.9882
05137,-1.1468
05139,-3.5345
05141,-5.7404
05143,-1.4545
05145,-2.1046
05149,-0.4219
06001,-0.5074
06005,0.3149
06007,-2.0528
06009,0.6765
06011,-2.2286
06013,-0.0983
06015,-0.9683
06017,-0.1405
06019,-2.4441
06021,-0.9697
06023,-1.5458
06025,-2.0850
06027,-0.5041
06029,-1.9151
06031,-1.6720
06033,-1.5078
06035,0.3177
06037,-1.1354
06039,-1.9145
06041,-0.1300
06043,-1.0783
06045,-2.0342
06047,-2.0828
06049,-1.6067
06051,-0.6905
06053,-1.2991
06055,-0.0814
06057,-0.5071
06059,-0.5645
06061,0.2083
06063,-0.8253
06065,-0.8959
06067,-1.3952
06069,-0.5570
06071,-0.9030
06073,-0.8578
06075,-0.4522
06077,-1.4298
06079,-0.7355
06081,-0.1425
06083,-0.8487
06085,-0.6304
06087,-1.0237
06089,-1.3972
06091,-1.5539
06093,-1.6766
06095,-0.2216
06097,-0.3074
06099,-1.6611
06101,-2.1317
06103,-2.7537
06105,-8.5511
06107,-2.4820
06109,0.2943
06111,-0.5168
06113,-1.1725
06115,-2.0298
08001,-1.0222
08003,-2.5113
08005,-1.2589
08007,-0.4714
08009,-1.4328
08011,-3.6891
08013,-0.8035
08015,-3.2446
08017,1.5675
08019,1.8120
08021,-2.4426
08023,-3.2756
08025,-1.7095
08027,-0.4316
08029,-2.1032
08031,-1.9947
08035,1.8306
08037,-0.6535
08039,1.3327
08041,-1.3898
08043,-1.0530
08045,-0.4796
08047,-0.5415
08049,-0.9155
08051,1.1232
08055,-3.6302
08057,-0.8498
08059,-1.4011
08061,1.9214
08063,0.6335
08065,-3.0328
08067,-0.9530
08069,-1.4155
08071,-1.4982
08073,0.4927
08075,-3.0896
08077,-1.6428
08081,-1.6078
08083,-1.9464
08085,-1.5711
08087,-1.4278
08089,-2.1982
08091,-0.4894
08093,1.7971
08095,-0.3635
08097,1.5643
08099,-3.8796
08101,-1.7868
08103,-1.6778
08105,-1.9616
08107,0.2528
08109,-2.9105
08113,-4.4761
08115,-0.0051
08117,0.9157
08119,-1.1016
08121,-3.9711
08123,-1.4470
08125,-0.5765
09001,-1.0692
09003,-3.4034
09005,-1.1008
09007,-0.9401
09009,-3.0784
09011,-2.0013
09013,-0.2294
09015,-4.1014
10001,-1.4188
10003,-1.2156
10005,-1.5901
11001,-0.5386
12001,-1.2089
12003,-3.0227
12005,-0.5838
12007,-2.5306
12009,-0.7620
12011,-0.2004
12013,-1.0901
12015,-1.7257
12017,-0.6163
12019,0.1183
12021,-1.3774
12023,-1.6058
12027,-2.7745
12031,-0.5996
12033,-1.5705
12035,-0.5877
12037,-10.8405
12039,-2.6392
12041,-3.5093
12043,-3.5416
12045,-3.4997
12047,-1.0999
12049,-3.0742
12051,-2.7211
12053,-1.6840
12055,-2.2111
12057,-1.1407
12059,-1.5253
12061,-1.2620
12063,0.2511
12065,-0.5349
12067,-3.7884
12069,-0.5005
12071,-1.3649
12073,-0.0585
12075,-2.2956
12077,-5.6269
12079,0.7318
12081,-1.5322
12083,-2.3555
12085,-1.6043
12086,-0.7647
12087,-0.7544
12089,0.2472
12091,-1.0986
12093,-2.5160
12095,-1.3050
12097,-1.2615
12099,-1.0710
12101,-0.9180
12103,-0.9937
12105,-1.4858
12107,-3.6344
12109,0.7083
12111,-1.6341
12113,-0.1568
12115,-1.5079
12117,-0.5341
12119,-0.2506
12121,-0.9904
12123,0.4254
12125,-2.5899
12127,-0.9579
12129,1.6619
12131,0.0670
12133,-3.8315
13001,-5.0501
13003,-4.4814
13005,-0.8213
13009,-0.7802
13011,-1.2901
13013,-0.6993
13015,-1.5289
13017,-6.7823
13019,-2.2575
13021,-1.3810
13025,-8.4578
13027,-1.9434
13029,-0.6182
13031,-3.1066
13033,-1.2070
13035,0.9467
13037,-1.1509
13039,-0.1131
13043,-0.3250
13045,-2.1579
13047,0.0897
13049,-5.5821
13051,-0.9058
13053,-7.9251
13055,-3.5265
13057,-0.4057
13059,-1.3534
13063,-2.1939
13067,-1.1205
13069,-1.9341
13071,-2.5853
13073,1.4414
13075,-0.0879
13077,-0.0796
13079,-4.5810
13081,-5.6025
13083,0.4562
13085,-2.2184
13087,-2.8158
13089,-1.5152
13091,-3.5963
13093,-2.0647
13095,-1.0655
13097,-0.5484
13099,1.9214
13101,-4.4587
13103,1.2094
13105,-1.4060
13107,-0.2271
13109,-4.0345
13111,-2.0092
13113,-0.5093
13115,-1.7737
13117,-0.3052
13119,-1.9502
13121,-0.6707
13123,-2.2916
13127,-1.1870
13129,-1.9738
13131,-3.8163
13133,-7.6038
13135,-1.1109
13137,-1.8984
13139,-1.2342
13143,0.1030
13145,2.1824
13147,-3.3626
13149,-0.7737
13151,-0.5813
13153,-1.3115
13155,1.9214
13157,0.6635
13159,-0.2764
13161,-3.1757
13163,-1.2386
13165,-2.2055
13169,-9.0590
13171,-9.3470
13173,-0.4559
13175,-0.4879
13177,-0.6937
13179,-2.3041
13181,-5.2268
13183,-1.1547
13185,-1.8670
13187,-1.6829
13189,-0.9394
13191,-7.2205
13193,-4.4421
13195,-6.0332
13197,-3.1685
13199,0.1030
13205,-4.0746
13207,0.9432
13209,1.6957
13211,-7.6467
13213,-1.8063
13215,-1.6485
13217,-1.8463
13219,-1.3310
13221,-1.1645
13223,0.2971
13225,-1.8369
13227,1.0230
13229,-1.7788
13231,-6.4294
13233,-4.0070
13235,1.1462
13237,-2.0788
13241,0.7301
13245,-2.1214
13247,-2.0776
13249,-0.2911
13253,-1.1036
13255,-1.0559
13257,-1.6503
13259,-3.6538
13261,-3.4443
13267,-1.5731
13269,-0.2351
13271,-5.7462
13273,1.7352
13275,-2.9380
13277,-2.4107
13279,-3.0840
13285,-2.1586
13287,-2.0761
13291,-7.0146
13293,-1.1472
13295,-3.1460
13297,-1.8191
13299,-2.9467
13303,-1.1252
13305,-3.4832
13311,-0.0358
13313,-1.6269
13317,1.4376
13319,-2.1476
13321,-6.4188
15003,-0.8276
16001,-0.8362
16003,-6.1027
16005,-2.1264
16007,0.8737
16009,-4.4646
16011,-1.7380
16013,-0.1801
16015,-1.9295
16017,-2.4222
16019,-1.2559
16021,-0.1176
16023,1.4994
16025,-4.2650
16027,-2.5134
16029,-1.1046
16031,-2.0454
16035,1.5189
16037,-2.1079
16039,-1.3970
16041,-1.6319
16043,-0.5168
16045,-1.7808
16047,0.1324
16049,0.2303
16051,-1.7941
16053,-1.1039
16055,-1.2841
16057,-0.7086
16059,-6.6183
16061,-9.0590
16063,0.0357
16065,-1.1862
16067,-1.2480
16069,-4.8250
16073,-1.7606
16075,-1.9296
16077,-1.5664
16079,1.5342
16081,-0.3599
16083,-0.1489
16085,-2.3799
16087,-2.9953
17001,1.3125
17005,-0.4834
17007,-1.4663
17011,-0.5707
17015,-0.7883
17017,-0.3926
17019,-1.7517
17021,0.9286
17023,-3.8268
17025,-1.7409
17027,0.0411
17029,-0.9362
17031,-1.1046
17033,-5.1507
17035,1.9214
17037,-0.9967
17039,0.3944
17041,-0.2938
17043,-0.1278
17045,2.6081
17049,0.0442
17051,0.5691
17053,1.4755
17055,-1.1301
17057,-1.1585
17059,2.0310
17061,-1.8350
17063,-0.2837
17065,-1.6882
17067,0.0175
17069,-5.9144
17073,-1.1456
17075,-1.2575
17077,-1.1898
17081,-3.5885
17083,3.1237
17085,-0.2110
17087,1.8810
17089,-0.6830
17091,-1.5905
17093,0.6151
17095,-0.0156
17097,-0.4527
17099,-0.4456
17101,1.3178
17103,-2.1853
17105,-3.7651
17107,-3.3510
17109,-5.6408
17111,-0.5248
17113,-0.3536
17115,-0.5915
17117,-2.9062
17119,-0.1476
17121,-3.2199
17123,2.7793
17125,1.8275
17127,1.0566
17129,0.3430
17131,0.1400
17133,1.1209
17135,0.8990
17137,-6.2075
17139,-4.9021
17141,-1.8619
17143,-1.3286
17145,-1.7229
17147,1.2412
17149,-4.4771
17151,-9.0590
17153,1.8334
17155,-3.1062
17157,0.3569
17159,-9.0590
17161,-1.2584
17163,0.1695
17165,-1.8280
17167,-2.0130
17169,1.7637
17171,1.9214
17175,-2.8920
17177,-4.5511
17179,-0.7590
17181,-1.1015
17183,-1.0348
17185,0.9434
17187,-3.2949
17189,-0.4370
17191,-5.2397
17193,2.5201
17195,-2.6495
17197,-0.1850
17199,-1.2216
17201,-2.7668
17203,1.3929
18001,-1.0379
18003,-1.7719
18005,-1.6191
18007,-0.5025
18009,-1.2626
18011,-1.3008
18013,-8.3231
18015,-3.9299
18017,-0.4759
18019,-2.1180
18021,-0.7027
18023,-2.2292
18025,1.9214
18027,-0.7585
18029,1.1126
18031,0.5599
18033,-2.6952
18035,0.2854
18037,-0.5453
18039,-2.2145
18041,-8.9454
18043,-1.8042
18045,0.4436
18047,-0.6373
18049,-1.2654
18051,1.9093
18053,-2.5651
18055,-3.6076
18057,1.0293
18059,-1.4320
18061,-6.4594
18063,0.8761
18065,-1.2473
18067,-3.1698
18069,-4.3042
18071,-1.0975
18073,0.7644
18075,0.1580
18077,-3.6259
18079,-1.0225
18081,-0.8188
18083,-2.2912
18085,-1.0234
18087,-0.8202
18089,-0.9110
18091,-1.3276
18093,0.5695
18095,-1.6933
18097,-2.2799
18099,-1.2791
18101,3.4255
18103,-6.4411
18105,0.8471
18107,-2.5006
18109,-1.8716
18111,1.7099
18113,-1.7936
18115,-1.7675
18117,0.2366
18121,-5.3240
18123,2.1959
18125,0.1574
18127,-1.1159
18129,-2.6699
18131,-5.0979
18133,2.1498
18135,-2.4890
18137,-3.5688
18139,-5.6209
18141,-2.2143
18143,-0.7537
18145,-1.5205
18147,-1.9400
18149,-0.7512
18151,-3.3617
18153,-3.7484
18155,-3.3478
18157,-1.7887
18159,1.7820
18161,-5.2626
18163,-1.7101
18165,0.3671
18167,-0.3144
18169,-5.3683
18173,1.4099
18175,-3.1059
18177,-1.0884
18179,-3.6297
18181,-0.0191
18183,-1.9503
19001,-13.5186
19003,-1.7666
19005,-1.5841
19007,0.5859
19009,-0.5187
19011,-2.7143
19013,-2.2063
19015,-5.4426
19017,-0.1069
19019,1.6611
19021,-1.4551
19023,0.7343
19025,-4.9179
19027,-5.0284
19029,-10.7815
19031,-2.5011
19033,-3.8207
19035,1.7117
19037,1.1462
19039,0.8013
19041,-0.0623
19043,-5.9103
19045,-1.0978
19047,-1.1007
19049,-0.1391
19051,1.9214
19053,0.9012
19055,1.7352
19057,-2.4953
19059,1.1811
19061,-0.9780
19063,-3.1730
19065,0.4853
19067,-5.4507
19069,-1.9738
19071,-3.2194
19073,-7.2797
19075,0.1581
19077,-0.5071
19079,-0.6966
19081,-6.2738
19083,-1.8630
19085,0.1544
19087,-2.6527
19089,-6.9306
19091,-2.3801
19093,-2.4708
19095,0.0148
19097,-0.9886
19099,-0.1958
19101,0.2216
19103,0.3041
19105,-1.5126
19107,-0.0374
19109,-3.1918
19111,-3.4522
19113,-1.2660
19115,-1.2063
19119,1.2881
19121,-1.0955
19123,-2.3985
19125,-2.2003
19127,-1.8483
19129,-0.4704
19131,2.7359
19133,1.9829
19137,-4.6958
19139,-2.5376
19141,-3.9824
19143,-0.8063
19145,0.4942
19147,0.2035
19149,0.7940
19151,-1.9414
19153,-1.5145
19155,-1.0937
19157,1.7169
19159,1.2881
19161,-3.5051
19163,-1.7090
19167,-0.8898
19169,-0.1790
19171,-2.2693
19173,0.2514
19175,1.7614
19179,-2.0746
19181,0.1654
19183,-3.1568
19187,-6.1789
19189,-1.0412
19191,0.0976
19193,-1.6880
19195,1.5887
19197,-4.2995
20001,-0.5802
20005,0.7940
20007,0.9442
20009,-0.5874
20011,-7.7413
20013,-4.2109
20015,-0.6561
20017,0.9187
20019,2.0523
20021,0.4850
20023,1.5018
20025,-1.3357
20027,-0.5627
20029,-3.5688
20031,0.8805
20033,1.5728
20035,-0.7632
20037,-3.7428
20041,-1.5925
20043,-0.7075
20045,-0.6669
20047,-0.3821
20049,1.2811
20051,0.4558
20053,1.2425
20055,-0.3947
20057,-0.5603
20059,1.1344
20061,-0.7449
20063,-4.4751
20065,1.1462
20067,-0.7602
20069,0.1243
20071,1.8420
20073,-6.3603
20075,-0.2883
20077,-2.7571
20079,-0.3448
20081,-0.9387
20083,-0.2858
20085,-2.2100
20087,0.4022
20089,-6.1027
20091,-0.4633
20093,-2.4956
20095,-1.5010
20097,-7.3142
20099,-0.6229
20101,-6.8129
20103,-0.0032
20105,-0.0403
20107,0.0201
20111,-2.3111
20113,0.8765
20115,-0.4399
20117,0.9528
20119,-2.2585
20121,0.8361
20123,1.0847
20125,0.7557
20127,-0.5855
20129,1.3000
20131,0.4793
20133,-5.1088
20135,-1.7800
20137,1.9214
20139,-3.3210
20141,1.7750
20143,2.3093
20145,0.7149
20147,-2.9301
20149,-2.8676
20151,-2.4707
20153,1.9093
20155,-3.4978
20157,-9.0590
20159,-0.7747
20161,-1.0786
20163,-9.0590
20165,0.7614
20167,-9.0590
20169,0.4213
20171,0.2426
20173,-1.6804
20175,-0.7210
20177,-2.8202
20179,0.1611
20181,0.3702
20183,-4.8244
20185,-1.6859
20187,0.0584
20189,-2.2452
20191,0.4310
20193,2.1463
20195,2.7988
20197,-0.5981
20201,-0.6231
20203,-1.6420
20205,-0.5751
20207,-0.6741
20209,-1.5720
21003,-7.4069
21005,1.4808
21007,-10.9451
21009,2.2471
21013,1.0766
21015,-0.0508
21017,-4.3686
21019,1.7503
21021,-3.1034
21027,-3.7243
21029,-3.0354
21031,-0.3564
21033,-0.3874
21035,0.5195
21037,0.1489
21039,-9.0590
21041,-4.4550
21043,1.9214
21045,-5.4875
21047,-1.6807
21049,-4.5795
21053,-3.3218
21055,1.9214
21057,-12.0547
21059,-1.1640
21061,-13.4424
21065,-1.4733
21067,-1.6893
21069,-0.9031
21071,-3.5238
21073,-0.9583
21075,-1.5221
21077,-2.9651
21079,-4.9453
21081,-2.1028
21083,-3.8513
21085,-3.0198
21087,-5.1105
21089,-8.3008
21091,-5.8873
21093,-2.7324
21095,-1.0945
21097,2.5833
21099,-12.5281
21101,-0.8358
21103,-1.0665
21107,0.4074
21109,1.8842
21111,-1.7159
21113,-5.0797
21117,-1.9088
21119,-9.0590
21121,-8.2110
21123,-5.9864
21125,2.2862
21127,1.2823
21133,-2.2417
21137,-0.7281
21139,-2.5891
21141,-5.1690
21143,1.9214
21145,-0.6822
21147,-2.0630
21149,-1.8242
21151,-1.8822
21153,-5.0920
21155,-5.3656
21157,2.1884
21159,1.9214
21161,-2.9388
21163,-3.4219
21167,-10.2422
21171,-8.9099
21173,-0.9522
21175,2.3601
21177,-2.3506
21179,-3.1520
21181,-11.7872
21183,-9.4634
21185,0.6310
21187,-0.9176
21191,1.9214
21193,1.1462
21195,-1.2252
21197,-9.2300
21199,-4.7739
21203,-9.0590
21205,0.4542
21207,2.3324
21209,-4.4253
21211,-2.2350
21213,-14.6583
21215,1.8858
21217,0.8821
21219,-8.8782
21221,-0.7430
21223,-3.1616
21225,-2.5432
21227,-1.1265
21229,-4.6319
21231,-5.3828
21233,-0.8060
21235,-2.5919
21239,-3.1751
22001,-1.3167
22003,-5.2465
22005,-1.0549
22007,-0.0091
22009,2.4819
22011,-1.2056
22015,-1.5471
22017,-1.1724
22019,-0.7528
22021,0.7930
22025,-4.1119
22027,-5.3988
22029,1.4500
22031,-3.5899
22033,-0.3415
22035,-13.0725
22039,1.5746
22041,1.4097
22043,-0.3632
22045,-1.1335
22047,-4.3769
22049,1.0436
22051,-0.9437
22053,1.7194
22055,-0.7944
22057,0.5100
22059,-7.6767
22061,-4.4143
22063,-0.3738
22065,-3.8657
22067,-5.1929
22069,-2.6440
22071,-1.1861
22073,0.0772
22075,1.3714
22077,1.4722
22079,0.0276
22081,2.3999
22083,1.2222
22085,-3.3840
22087,-0.1779
22089,0.5803
22093,-0.2902
22095,0.8841
22097,0.7401
22099,-3.4404
22101,-2.2448
22103,0.1997
22105,-1.6744
22109,-0.4809
22111,-5.4490
22113,0.9405
22115,-0.0322
22117,-6.9566
22119,-7.9361
22121,-5.6625
22123,-1.7796
22125,-3.0447
22127,-6.2167
23001,-4.6553
23003,-0.2159
23005,-2.5707
23007,-8.1122
23009,0.5396
23011,-2.1204
23013,0.7584
23015,-0.1112
23017,1.5248
23019,-2.2847
23023,1.6990
23025,-8.5263
23027,-3.1369
23029,-2.5346
23031,-0.3871
24001,0.4895
24003,0.4573
24005,0.1199
24009,1.9515
24011,0.0961
24013,0.6512
24015,-0.9210
24017,1.2260
24019,-3.4751
24021,1.0111
24023,1.2243
24025,-0.1731
24027,1.2265
24029,-4.5575
24031,0.2313
24033,-0.1768
24035,-0.8990
24037,1.6882
24039,0.6295
24041,-0.0225
24043,-1.0430
24045,-2.3406
24047,-3.4971
24510,-1.8400
25001,-0.8475
25003,-2.5073
25005,-4.5073
25009,-2.7575
25011,-2.2163
25013,-4.9847
25015,-3.3012
25017,-1.2806
25019,2.3911
25021,-0.4415
25023,-1.5294
25025,-3.2499
25027,-3.4087
26001,0.3160
26003,1.5161
26005,-1.8715
26007,0.7882
26009,-4.5482
26011,-1.6887
26013,-0.5091
26015,-2.1576
26017,-3.8783
26019,-2.0682
26021,-3.3201
26023,-3.7345
26025,-3.6027
26027,-4.1757
26029,-0.3323
26031,-1.4343
26033,-4.2867
26035,-1.8003
26037,1.4329
26039,-6.2606
26041,0.1291
26043,-0.4394
26045,-1.7784
26047,0.1509
26049,-2.8561
26051,-3.8292
26053,-0.0477
26055,-4.1445
26057,-3.6461
26059,-2.0938
26061,-0.8211
26063,-3.6034
26065,-2.0543
26067,-2.9317
26069,-3.4131
26071,-6.3494
26073,-2.6677
26075,-0.8376
26077,-3.0514
26079,-4.8577
26081,-2.9779
26085,-6.0142
26087,-1.1531
26089,-2.1601
26091,-3.2725
26093,-0.7548
26095,-6.9798
26097,-0.7251
26099,-1.3639
26101,-1.1613
26103,-7.4332
26105,-1.8233
26107,-2.8512
26109,-1.0051
26111,-0.6520
26113,-0.5332
26115,-1.0943
26117,-2.4168
26119,-3.7949
26121,-2.5581
26123,-2.1281
26125,-1.6822
26127,-3.2403
26129,-4.0561
26131,-1.4388
26133,0.3882
26135,-0.5703
26137,0.0018
26139,-1.7743
26141,-6.8936
26143,-8.7832
26145,-2.3798
26147,-4.2592
26149,-4.1668
26151,-3.3529
26153,-5.3539
26155,0.3764
26157,-5.3331
26159,-2.0168
26161,-1.1092
26163,-2.3541
26165,-6.5587
27001,-4.5098
27003,-0.8241
27005,-0.4129
27007,-0.9961
27009,3.1766
27011,0.0913
27013,-2.7786
27015,-4.1989
27017,0.6605
27019,-1.0388
27021,-5.1740
27023,-1.9438
27025,0.6693
27027,-2.0792
27029,2.3910
27031,2.2773
27033,-3.8625
27035,-1.8601
27037,-0.8193
27039,1.5696
27041,2.0816
27043,-1.8977
27045,-0.2079
27047,-0.6356
27049,-1.4187
27051,1.6299
27053,-1.1193
27055,2.1827
27057,-0.6938
27059,-0.0109
27061,0.8040
27063,-1.8874
27065,-4.0017
27067,-3.7077
27071,-3.1372
27073,-1.9857
27075,0.7456
27077,1.9214
27079,-2.6174
27081,-2.4708
27083,-4.2600
27085,-1.6455
27087,-1.3612
27089,-2.1008
27091,-2.4407
27093,-2.5633
27095,-0.1316
27097,1.1415
27099,-2.0006
27101,-0.2252
27103,-1.5215
27105,-2.1909
27107,-5.4113
27109,0.7925
27111,0.8637
27113,2.4026
27115,-2.0638
27117,-7.0495
27119,-3.2177
27121,-9.0590
27123,-1.7669
27125,-3.9258
27127,0.7949
27129,-3.1602
27131,-2.9992
27133,1.8134
27135,1.6453
27137,-2.5646
27139,-0.0538
27141,0.6744
27143,-2.3041
27145,-3.0962
27147,-0.9588
27149,1.3486
27151,-4.6528
27153,-0.0690
27155,-4.6314
27157,-1.0859
27159,-0.9839
27161,0.3819
27163,0.3347
27165,-0.2851
27167,-4.3719
27169,-1.1036
27171,1.2411
27173,-5.8319
28003,0.4516
28007,2.1298
28011,-2.9140
28013,-2.0478
28015,-4.3765
28017,-1.9551
28027,-0.3229
28029,1.1083
28031,-5.7621
28033,-1.3569
28035,-1.0622
28039,1.7352
28043,1.1962
28045,0.4810
28047,-1.1076
28049,-2.0759
28057,1.1469
28059,-0.6650
28061,-0.3924
28065,1.9214
28067,-1.5922
28069,-1.4773
28071,-3.2230
28073,0.9605
28075,-0.3696
28077,-2.8821
28079,-1.2101
28081,0.3749
28083,-5.8989
28085,2.7096
28087,0.0386
28089,0.4414
28093,-2.5720
28095,0.7126
28099,-2.0803
28101,-2.6353
28105,-1.7295
28107,1.9214
28109,-3.3800
28113,-2.5933
28115,0.0370
28121,-0.0606
28123,-1.9831
28127,0.5546
28129,1.4870
28131,0.7748
28133,-5.0157
28135,-8.9897
28137,-1.8716
28139,0.9094
28141,0.0499
28143,1.3209
28145,-0.9949
28147,-4.7706
28149,-0.9627
28151,-1.9343
28153,-5.2318
28155,-0.7554
28157,-4.9378
28161,0.7621
28163,-5.2874
29001,1.4080
29003,0.3365
29007,1.8691
29009,-2.4390
29011,-5.9943
29013,0.2943
29015,0.6711
29017,-5.2626
29019,-0.0251
29021,-0.3199
29023,1.3130
29025,-2.6250
29027,-1.5464
29029,0.6011
29031,-1.6262
29033,-11.0556
29037,-0.7053
29039,-8.8745
29041,-0.7187
29043,-0.9247
29047,-0.6409
29049,0.3144
29051,-0.5788
29053,1.1366
29055,-0.9561
29057,-1.5352
29059,-2.5838
29061,1.9214
29063,2.1298
29065,0.1886
29069,-3.7710
29071,-0.2910
29073,-3.9772
29075,0.9236
29077,-0.7624
29079,-14.5603
29081,-10.3321
29083,-0.7154
29089,-2.4072
29091,-2.5079
29093,1.6695
29095,-1.7389
29097,-3.3907
29099,0.2321
29101,0.1682
29103,2.3831
29105,-1.1977
29107,-0.3200
29109,-3.4602
29113,-3.5998
29115,1.5907
29117,0.2504
29119,-1.5494
29121,-0.0992
29123,-1.6339
29125,-2.8750
29127,-1.2483
29129,-1.7147
29131,-2.3463
29133,1.9214
29135,0.9051
29137,-5.7123
29139,-3.3169
29141,-3.8588
29143,-5.2649
29145,-1.5414
29147,-0.9141
29149,-8.6910
29151,-1.8031
29153,2.3680
29155,-4.0664
29159,-2.9414
29161,-3.8668
29163,-7.3430
29165,0.2663
29167,-0.8306
29169,1.3840
29171,-2.6341
29173,-9.0590
29175,-1.9770
29177,-5.5111
29181,0.1242
29183,-0.3190
29185,-13.4487
29186,-5.9292
29187,-3.7536
29189,-0.0595
29195,-1.7044
29199,1.9214
29201,-2.8768
29203,-4.5659
29205,2.0617
29207,-2.3171
29209,-3.8900
29211,-2.2362
29213,0.2135
29215,0.8871
29217,-5.8934
29219,-2.0039
29221,0.9644
29225,0.5611
29229,-4.0216
29510,-2.5622
30001,-3.4086
30003,-2.2533
30005,0.3090
30009,-1.1544
30013,-3.8539
30015,-6.8629
30017,-0.2878
30021,2.5705
30023,-8.5638
30025,-0.1396
30027,-2.5313
30029,0.1333
30031,-0.1775
30035,-4.1465
30039,-1.5811
30041,0.9158
30043,0.6354
30047,-3.0972
30049,-1.0232
30053,0.6455
30057,1.2592
30059,1.3010
30061,-7.1522
30063,-3.5076
30065,0.6321
30067,-4.6063
30071,1.9214
30073,-6.1198
30075,2.6233
30077,-9.0590
30081,-0.9055
30083,0.2128
30085,-1.6159
30087,-9.1663
30089,-3.6414
30091,2.0297
30093,-1.3537
30095,-1.5270
30097,1.9214
30099,-1.6424
30105,-2.3197
30109,-6.1027
30111,-1.6303
31001,-1.1479
31003,-1.8183
31011,2.7187
31013,-5.1707
31019,-1.3235
31021,-0.8480
31023,0.8615
31025,1.2314
31027,-1.3877
31029,0.0828
31031,1.6162
31033,-1.7777
31035,-1.5732
31037,0.0427
31039,-2.9385
31041,-5.1913
31043,-0.2388
31045,2.0337
31047,-0.4894
31049,-9.0590
31051,-1.9307
31053,-1.7513
31055,-1.0788
31057,0.1026
31059,0.3307
31061,1.7352
31063,-8.7655
31065,-0.7970
31067,-6.8862
31069,-1.5654
31071,2.1298
31073,-1.1073
31077,1.9214
31079,-1.3296
31081,1.1121
31083,-3.0812
31087,1.9214
31089,-0.6871
31093,1.5880
31095,2.0775
31097,-0.2273
31099,1.1058
31101,1.9959
31105,-0.0683
31107,1.1495
31109,-1.7066
31111,0.3010
31119,-0.3031
31121,1.9214
31123,-0.7566
31125,-7.3102
31127,-5.8145
31129,-6.2003
31131,-2.1529
31133,-8.4159
31135,-1.2694
31137,0.2622
31139,-3.3799
31141,-0.8711
31143,-1.1740
31145,-2.5726
31147,-2.1972
31149,1.9214
31151,-0.7141
31153,-0.4242
31155,0.0764
31157,-1.7872
31159,1.9716
31161,1.0038
31163,-4.7040
31167,-6.2285
31169,0.8025
31173,-3.6427
31175,-0.5712
31177,1.7244
31179,-3.6435
31181,2.4740
31185,1.8192
32001,0.3673
32003,-0.7583
32005,-0.4269
32007,0.9001
32011,2.4793
32013,0.0253
32015,-0.1542
32017,-5.3320
32019,-1.1991
32023,-2.1353
32027,0.3674
32031,-1.0982
32033,0.6556
32510,-1.1052
33001,0.6784
33003,-2.4847
33005,-1.4586
33007,2.2019
33009,0.9115
33011,-1.2130
33013,0.5080
33015,0.9814
33017,-0.7425
33019,-2.4119
34001,-1.1263
34003,0.3106
34005,0.0490
34007,-2.3875
34009,-2.0267
34011,-2.3064
34013,-1.5449
34015,-0.3216
34017,-1.6760
34019,1.0233
34021,-1.1486
34023,-0.5407
34025,-0.5597
34027,0.5873
34029,-0.2787
34031,-1.7829
34033,-1.9138
34035,0.7011
34037,0.8910
34039,-0.6790
34041,-0.7622
35001,-1.3013
35005,-2.0923
35006,-2.0025
35007,-0.8545
35009,-2.7869
35013,-2.3063
35015,-1.7019
35017,-1.4238
35019,-1.5565
35023,-2.9957
35025,-1.0524
35027,-1.8293
35028,1.7782
35029,-3.5731
35031,-0.6958
35035,-0.7500
35037,-2.5221
35039,-1.4900
35041,-2.5244
35043,-0.0539
35045,-0.5515
35047,-1.9128
35049,-1.1614
35051,-0.9872
35053,-1.5509
35055,-1.5673
35057,-0.8655
35059,-0.9305
35061,-1.6198
36001,-1.2198
36003,-0.1188
36007,-3.9216
36009,-0.4724
36011,-2.1461
36013,-4.3856
36015,-4.6381
36017,-1.5366
36019,-3.1307
36021,-3.8234
36023,-0.3567
36025,-0.5828
36027,0.0581
36029,-4.4074
36031,-1.3943
36033,-0.4102
36035,-1.7352
36037,-1.3212
36039,-0.9340
36043,-5.4578
36045,-1.8435
36049,-2.8038
36051,-1.1566
36053,-1.5165
36055,-3.3748
36057,-3.6346
36059,0.2998
36061,-3.0356
36063,-1.1413
36065,-4.1400
36067,-3.1448
36069,-1.1590
36071,-0.1228
36073,-2.2656
36075,-2.7096
36077,-1.6423
36079,1.4829
36083,-5.8791
36087,0.3455
36089,-4.0090
36091,0.0313
36093,-2.9857
36095,-2.5631
36097,-1.9253
36099,-4.2490
36101,-1.3656
36103,0.2528
36105,-1.3131
36107,-2.4517
36109,-0.8954
36111,-0.7241
36113,1.4735
36115,-1.0227
36117,-2.3437
36119,-1.0086
36121,-3.8111
36123,-4.9885
37001,-2.3555
37003,-3.4933
37005,-7.0756
37007,-3.1454
37009,-1.5479
37011,-3.9001
37013,-2.4394
37015,-9.0590
37017,-2.9601
37019,-2.4922
37021,-1.5421
37023,-2.6085
37025,-2.1774
37027,-1.6662
37029,2.4389
37031,-0.8489
37033,-4.3521
37035,-2.3038
37037,-1.8850
37039,-3.8341
37041,-3.2699
37045,-2.6531
37047,-3.8879
37049,-1.9586
37051,-1.7650
37053,-1.3328
37055,-2.1619
37057,-1.8949
37059,-2.3252
37061,-2.3626
37063,-0.9731
37065,-2.9175
37067,-2.0121
37069,-1.1996
37071,-2.6671
37073,2.1298
37075,-4.6625
37077,0.3260
37079,-1.3262
37081,-1.4392
37083,-6.4232
37085,-0.5542
37087,-0.9340
37089,-2.0519
37091,-2.9833
37093,0.0179
37095,1.1345
37097,-1.6054
37099,-2.8536
37101,-2.5840
37103,-1.3769
37105,-1.3570
37107,-4.0207
37109,-1.2134
37111,-3.4503
37113,-1.4390
37115,-0.6227
37117,-1.1466
37119,-1.4685
37121,-4.9852
37123,-2.3756
37125,-1.4639
37127,-1.2780
37129,-1.1896
37131,1.4908
37133,-0.2493
37135,-2.2187
37137,0.9218
37139,0.3746
37141,-1.3662
37143,2.1674
37145,-1.4557
37147,-1.5707
37149,-3.0780
37151,-1.9032
37153,-0.6866
37155,-4.0615
37157,-1.9514
37159,-1.2621
37161,-3.2708
37163,-2.9174
37165,-3.6191
37167,-3.8398
37169,-1.9526
37171,-1.6595
37173,-9.0553
37175,-0.6715
37177,-6.5240
37179,-0.0920
37181,-2.0320
37183,-1.2228
37185,-2.2697
37187,-9.9049
37189,-3.2750
37191,-2.5101
37193,-4.4005
37195,-3.4946
37197,-2.3288
37199,-2.7977
38001,1.2823
38005,-3.2428
38009,-8.0938
38011,1.3283
38015,-1.3407
38017,-3.7702
38021,1.6106
38025,1.9214
38027,-1.9593
38035,0.2073
38041,1.7352
38043,-4.9844
38047,1.9214
38049,-0.4936
38053,-11.3262
38057,-7.7428
38059,1.7054
38061,1.7562
38063,1.9214
38065,1.9093
38067,1.2395
38069,-1.9969
38071,1.9214
38073,-1.6078
38077,2.0502
38079,-6.0913
38085,-8.0696
38089,-0.6510
38091,-8.9897
38093,-4.7412
38097,-0.3356
38099,-2.4196
38101,-2.6301
38105,1.2163
39001,-0.6114
39003,-3.5252
39005,-1.0540
39007,-2.3311
39009,0.2914
39011,-1.0559
39013,-3.6783
39015,-0.9991
39017,-1.5862
39019,0.0684
39021,-0.4030
39023,-2.3004
39025,-0.3608
39027,-1.3907
39029,-3.3192
39031,0.1371
39033,-3.3232
39035,-3.2617
39037,-2.4815
39039,-1.5879
39041,1.0880
39043,-0.4907
39045,-1.0043
39047,-2.0775
39049,-1.7320
39051,-3.0935
39053,1.9214
39055,0.9353
39057,1.5947
39059,2.2818
39061,-1.3329
39063,-3.7432
39065,-4.7886
39067,-2.1739
39069,-2.9493
39071,1.9313
39073,-2.5632
39075,1.5507
39077,-2.0012
39079,-7.6882
39081,-6.5066
39083,-1.9572
39085,-1.5060
39087,-0.4756
39089,-0.3382
39091,1.5606
39093,-3.3479
39095,-2.9376
39097,-4.2088
39099,-3.1647
39101,-4.1109
39103,0.7141
39105,-5.9277
39107,0.2523
39109,-0.9329
39113,-1.2857
39115,-8.9073
39117,-5.9213
39119,-1.2742
39121,0.9676
39123,-1.4206
39125,-0.6729
39127,-3.2494
39129,-8.0770
39131,0.4131
39133,-3.3657
39135,-2.4521
39137,-3.2369
39139,-2.0839
39141,0.2410
39143,-1.9040
39145,-7.4651
39147,-2.1998
39149,0.4681
39151,-2.2390
39153,-0.3568
39155,-1.5990
39157,-1.5935
39159,1.6985
39161,-0.9720
39165,1.6299
39167,-4.3448
39169,0.1190
39171,-0.6069
39173,-1.6262
39175,1.3390
40001,-4.6619
40003,1.8648
40007,-2.3484
40009,-1.7320
40011,-1.7596
40013,-1.1784
40015,-1.5269
40017,-0.1347
40019,-0.2404
40021,-1.3941
40023,0.8897
40027,0.0786
40029,-12.2408
40031,-0.8393
40033,-4.1688
40035,-2.4209
40037,-0.7539
40039,-0.1008
40041,-1.3665
40043,-0.9808
40045,1.3148
40047,-0.7130
40049,-0.7887
40051,-3.1326
40053,0.4016
40055,-6.7126
40057,-3.3997
40059,0.3394
40061,-4.7063
40063,-4.4747
40065,-3.4133
40067,-1.2031
40069,-4.6052
40071,-2.5890
40073,-0.9977
40075,-1.4586
40077,-8.4429
40079,-3.6990
40081,1.1246
40083,-1.5378
40085,0.5984
40087,0.2261
40089,-5.1090
40091,-4.5003
40093,0.2095
40095,0.5250
40097,-1.0341
40099,0.5341
40101,-1.6240
40103,-4.9091
40105,-2.3562
40107,-4.0501
40109,-1.5949
40111,-2.9692
40113,-1.7012
40115,-2.5452
40117,-3.2454
40119,-1.9885
40121,0.1260
40123,-1.1662
40125,0.2523
40127,1.5912
40129,1.1462
40131,-1.6145
40133,-3.5475
40135,-2.0472
40137,-1.8344
40139,-1.1988
40141,-2.9040
40143,-1.2199
40145,-1.9405
40147,0.5116
40149,-0.8326
40151,-3.8580
40153,-2.1748
41001,-4.2087
41003,-0.7173
41005,-1.0095
41007,-3.8450
41009,-0.8936
41011,-3.8100
41013,-1.9704
41015,1.3496
41017,-1.6279
41019,-1.9020
41023,2.4270
41025,2.1180
41027,-0.0883
41029,-1.9294
41031,-0.9391
41033,-2.0205
41035,-2.1653
41037,-3.1137
41039,-1.5165
41041,-1.2808
41043,-0.7964
41045,-3.0529
41047,-2.1822
41049,-1.6060
41051,-2.2251
41053,-1.0429
41055,-3.7814
41057,-2.5615
41059,-2.3663
41061,0.5568
41063,-8.2637
41065,-1.8342
41067,-1.2769
41071,-1.7074
42001,-0.5372
42003,-0.1744
42005,1.8051
42007,-1.0925
42009,-0.5815
42011,-4.1771
42013,-4.2538
42015,1.2103
42017,0.1562
42019,-0.0361
42021,-5.2567
42025,-0.6271
42027,-5.8760
42029,0.1032
42031,0.6572
42033,-6.2151
42035,2.7019
42037,-2.4904
42039,-2.3997
42041,-0.3562
42043,-3.3410
42045,-1.2263
42047,-0.1437
42049,-2.8239
42051,-1.0020
42053,1.7560
42055,-2.3490
42057,-0.6026
42059,-2.4254
42061,-0.4746
42063,-0.5414
42065,-2.2964
42067,-4.0076
42069,-3.6490
42071,-3.1785
42073,-1.4510
42075,-3.5038
42077,-3.2981
42079,-3.4910
42081,-4.5683
42083,-2.6299
42085,0.6824
42087,-6.8062
42089,-1.1566
42091,0.0534
42093,-1.4227
42095,-2.6035
42097,-3.7725
42099,-0.1151
42101,-4.4349
42103,-0.4573
42105,-8.0784
42107,-3.5224
42109,-6.4476
42111,0.1817
42115,-2.3820
42117,0.8664
42119,-5.3903
42121,-6.0694
42123,-1.9356
42125,0.6034
42127,-6.4517
42129,-2.1492
42131,-6.7135
42133,-3.5425
44001,2.1410
44003,-1.4654
44005,-0.1361
44007,-3.3907
44009,1.7263
45001,1.6974
45003,-2.9522
45005,-5.0981
45007,-1.3585
45009,1.7882
45011,-1.0443
45013,-0.9217
45015,-2.7477
45017,2.8394
45019,-1.5647
45021,-0.2155
45023,-0.6835
45025,-2.2875
45027,-1.6492
45029,-2.6175
45031,-1.3139
45033,-6.6730
45035,-0.6972
45037,-3.4615
45041,-1.6657
45043,-3.6142
45045,-1.6647
45047,-2.7103
45049,1.1189
45051,-1.9904
45053,-0.9443
45055,-0.6994
45057,-2.2436
45059,-4.4277
45061,1.8340
45063,-1.5394
45067,-3.4274
45069,-0.8760
45071,-1.0163
45073,-1.5097
45075,-3.8439
45077,-1.2453
45079,-0.5527
45081,-2.6146
45083,-1.9009
45087,-2.5481
45089,0.6250
45091,-0.8198
46005,-3.5801
46007,-2.1286
46009,1.7352
46011,1.1759
46013,2.5337
46015,1.1870
46019,-14.3960
46023,-6.1153
46025,0.1943
46027,1.9214
46029,2.3830
46031,-4.0128
46033,0.1955
46035,1.9214
46037,2.8121
46039,-2.3226
46041,-9.0590
46047,2.7607
46051,1.9214
46053,-3.2101
46055,-1.3028
46057,-1.6182
46059,1.9214
46063,-8.2579
46065,-5.4621
46067,-0.0517
46071,-5.3078
46077,-4.1637
46079,2.2908
46081,-0.2593
46083,-1.7461
46087,-3.0571
46091,1.5161
46093,-0.8159
46097,1.6106
46099,-0.4318
46101,-5.0627
46103,-1.6193
46107,1.9214
46109,-6.0877
46111,-5.9738
46113,-0.7148
46115,-0.4387
46117,1.9810
46119,1.2585
46121,-4.0729
46125,-0.1351
46127,1.6454
46135,-0.6648
46137,-10.4130
47001,-4.1347
47003,-4.5120
47005,-2.1698
47009,-3.8654
47011,-2.3124
47013,1.1912
47015,-1.3709
47017,-0.8614
47019,-1.7316
47021,0.5810
47023,1.9017
47025,-1.5546
47029,-2.3053
47031,-0.7818
47033,-4.7820
47035,-1.3226
47037,-2.0068
47039,-3.8931
47041,0.3788
47043,-0.6086
47045,0.5050
47047,-2.1202
47049,-0.7270
47051,1.3969
47053,-5.3536
47055,1.4046
47057,-2.5713
47059,-4.2314
47061,1.1592
47063,-2.4447
47065,-2.6190
47069,0.4123
47071,-1.8700
47073,-1.1705
47075,0.3299
47077,-1.8775
47079,0.0781
47081,1.8568
47083,-4.9557
47085,0.1793
47087,1.9214
47089,-2.9402
47091,-4.5399
47093,-1.6635
47095,1.4069
47097,-5.0591
47099,-3.7570
47101,-9.0590
47103,-0.9307
47105,-3.3021
47107,-4.7545
47109,-0.7500
47111,-3.5079
47113,-2.6477
47115,1.5456
47117,-3.4763
47119,-2.2009
47123,-0.4822
47125,-0.9756
47127,1.7882
47131,-2.2328
47139,-3.7433
47141,-2.8044
47143,-0.4775
47145,-0.6713
47147,-0.9839
47149,-1.9645
47151,-10.5516
47153,0.9595
47155,-1.4304
47157,-2.2288
47159,-1.8927
47161,0.7353
47163,-2.5011
47165,-2.6385
47167,-2.4241
47169,-1.9247
47171,-2.5037
47173,-2.2362
47175,-4.8285
47177,-5.2888
47179,-3.6753
47181,1.9214
47183,-3.3754
47185,-1.5125
47187,1.2647
47189,0.5613
48001,-1.4013
48003,-1.2278
48005,-1.6297
48007,-2.1923
48009,1.0226
48011,-3.9249
48013,-2.0419
48015,-0.1181
48017,-1.1481
48019,-0.6045
48021,-0.9303
48023,-3.5057
48025,-1.5850
48027,-0.6101
48029,-1.4712
48031,-2.1143
48035,-2.8774
48037,0.1235
48039,-0.4737
48041,-1.5167
48043,-1.0598
48045,-2.8731
48047,-2.3030
48049,-0.1283
48051,0.1535
48053,-2.1102
48055,-2.2855
48057,-1.6921
48059,-0.8460
48061,-2.7292
48063,-2.5172
48065,1.7541
48067,-1.0828
48069,-2.3935
48071,0.3491
48073,-2.2124
48075,-1.7308
48077,1.4452
48079,-2.7391
48081,-3.8991
48083,-4.1425
48085,0.2950
48087,-3.4702
48089,-0.9469
48091,-0.0001
48093,-1.9136
48095,-2.5636
48097,-1.1416
48099,-0.8108
48101,-0.3406
48103,-0.2915
48105,-3.2347
48107,-1.8571
48109,-1.5084
48111,-0.4233
48113,-1.2326
48115,-1.3348
48117,-1.4068
48119,-6.5163
48121,0.0243
48123,-1.4645
48125,-4.2893
48127,-3.6593
48129,-2.3049
48131,-1.8443
48133,-2.3170
48135,-1.2615
48139,-0.9693
48141,-2.1500
48143,-1.6036
48145,-0.8800
48147,-1.0748
48149,-1.4120
48151,-2.0225
48153,-2.2787
48155,-5.4463
48157,0.1610
48159,-1.4326
48161,-2.1402
48163,-1.8503
48165,-1.6961
48167,-0.6201
48169,-3.0470
48171,-0.5414
48173,-1.2963
48175,-0.8640
48177,-1.7884
48179,-1.4074
48181,-2.1088
48183,-1.5867
48185,-1.0928
48187,-0.7253
48189,-1.4786
48191,-3.2967
48193,-0.2037
48195,-1.0864
48199,-1.0024
48201,-1.1675
48203,-0.4779
48207,-1.8000
48209,-0.6210
48211,0.4915
48213,-1.4659
48215,-2.9143
48217,-0.8970
48219,-2.1597
48221,-2.1822
48223,-1.8766
48225,-2.7874
48227,-1.6160
48229,-4.0643
48231,-1.8636
48233,-1.7270
48237,1.5180
48239,-1.1186
48241,-3.5514
48243,-4.3137
48245,-1.7254
48247,0.4237
48249,-2.1993
48251,-1.2335
48253,-2.4053
48255,-1.9614
48257,-1.1955
48259,0.3749
48265,-2.2678
48267,-1.0665
48271,-3.5473
48273,-1.5018
48275,-2.0109
48277,-1.1677
48279,-1.8290
48281,-1.4929
48283,-2.8238
48285,-1.0512
48287,-0.7723
48289,-1.6242
48291,-1.4742
48293,-1.3605
48295,-1.2658
48297,-1.0353
48299,-1.3771
48303,-1.7330
48305,-2.4294
48307,-3.6734
48309,-2.0271
48313,-0.3886
48315,-2.2008
48317,1.5307
48319,-1.7512
48321,-2.9076
48323,-2.5413
48325,-2.3817
48329,-1.0204
48331,-1.0229
48333,-3.2873
48335,-1.5285
48337,-1.2608
48339,-0.8750
48341,-0.8898
48343,-2.1309
48345,1.3004
48347,-2.4134
48349,-2.2894
48351,-0.6692
48353,-1.9535
48355,-2.0370
48357,-2.2010
48361,-1.1536
48363,-2.3914
48365,-0.1913
48367,-1.7723
48369,-1.3933
48371,-1.0417
48373,-1.5545
48375,-1.8896
48377,-3.0545
48379,-0.3600
48381,0.6494
48383,0.3760
48385,-0.5982
48387,0.4838
48389,-2.4544
48391,-1.8785
48395,-3.0627
48397,0.0763
48399,-2.1558
48401,-0.5756
48403,-4.3627
48405,-4.4455
48407,-2.8536
48409,-1.5836
48411,-1.8391
48413,-0.7482
48415,-1.1362
48417,0.2516
48419,-3.4270
48421,-1.6337
48423,-1.3741
48425,-0.2256
48427,-3.0434
48429,-1.2095
48435,0.5482
48437,-0.9847
48439,-1.1103
48441,-1.5468
48445,-1.2390
48449,-1.2739
48451,-2.2392
48453,-1.7784
48455,0.1137
48457,1.5521
48459,0.1542
48461,0.2116
48463,-3.3077
48465,-1.7905
48467,-1.1018
48469,-2.2888
48471,-1.4662
48473,-1.1522
48475,-0.7740
48477,-2.4506
48479,-2.1644
48481,-1.6792
48483,-2.5704
48485,-0.9760
48487,-2.4610
48489,-3.4356
48491,-0.1635
48493,-0.3710
48495,-0.7985
48497,-0.6728
48499,-1.9069
48501,-1.9195
48503,-1.3264
48505,-3.2279
48507,-3.9419
49001,-3.0697
49003,-0.9659
49005,-1.6897
49007,-1.5093
49011,-0.6648
49013,-0.7040
49015,-1.5559
49017,-2.9095
49019,-0.8639
49021,-3.4643
49023,-0.7626
49025,2.4763
49027,-2.1606
49029,2.6032
49031,-2.1521
49033,1.7352
49035,-1.0022
49037,-2.8053
49039,-1.6992
49041,-2.2744
49043,-0.3854
49045,0.2542
49047,-1.7392
49049,0.0011
49051,0.9619
49053,-0.2722
49055,-3.0812
49057,-1.9104
50001,1.7858
50003,0.0853
50005,-3.0073
50007,-2.4593
50011,0.0748
50013,2.7029
50015,2.8688
50017,1.6299
50019,1.2319
50021,0.7891
50023,0.5230
50025,-2.0081
50027,-5.1892
51001,-1.5692
51005,-2.6762
51007,1.5379
51011,2.1298
51013,-0.2946
51015,-1.5919
51023,2.5637
51025,1.1221
51027,2.3176
51031,2.3083
51033,0.0829
51036,-5.0408
51037,2.5963
51041,-0.2763
51043,0.7785
51047,-0.0956
51049,1.5511
51051,2.3999
51053,1.8603
51057,1.6758
51059,0.6779
51061,0.2115
51063,-8.2472
51065,-1.3470
51067,0.3958
51071,3.0104
51073,0.1607
51075,-2.5017
51077,0.9331
51079,-0.1184
51083,-0.7714
51085,1.5370
51087,-1.1886
51089,-5.6671
51093,0.6612
51097,0.7919
51099,-2.4493
51101,2.8016
51103,2.2183
51105,-3.7144
51107,1.1948
51109,2.4427
51111,-1.5278
51113,2.1061
51115,-9.0590
51117,-3.3468
51119,2.4957
51121,-0.5773
51125,-0.3775
51127,0.3220
51131,0.8204
51135,-0.2139
51137,-0.3374
51139,-1.9993
51141,-3.9744
51143,-2.0872
51145,2.4477
51147,1.3031
51149,0.8864
51153,0.4576
51155,1.6172
51159,1.9093
51161,-0.9389
51163,2.0078
51169,1.5127
51171,-0.6009
51173,-0.3008
51177,0.7533
51179,1.2265
51181,-8.9127
51183,-3.2233
51187,0.9752
51191,-3.5247
51193,0.9699
51195,-1.8356
51197,1.7507
51199,1.2848
51510,-0.1681
51520,-7.5392
51540,0.1768
51550,1.2960
51570,0.8411
51580,-9.0590
51590,-1.5972
51595,1.0479
51610,1.1343
51630,-0.4247
51640,-7.2422
51650,-1.9703
51660,-0.8376
51670,-7.5298
51680,-1.0038
51683,-1.0819
51685,0.4145
51690,-0.3040
51700,-0.3646
51710,-0.8502
51730,-3.1974
51735,1.7071
51740,-0.9254
51750,2.1773
51760,-3.2698
51770,-2.3606
51775,-2.5682
51790,-0.4751
51800,0.2344
51810,0.3085
51820,-4.1111
51840,-0.2026
53001,-2.6638
53003,-1.6717
53005,-2.0982
53007,-0.9158
53009,-2.1929
53011,-2.3660
53013,-7.3579
53015,-3.4578
53017,-1.6469
53021,-2.0136
53023,-3.0270
53025,-2.7423
53027,-3.2790
53029,-0.7461
53031,1.0383
53033,-0.8259
53035,-0.3561
53037,-2.7444
53039,-3.3250
53041,-2.2412
53043,-2.6392
53045,-1.8072
53047,-1.9951
53049,-1.7224
53051,-4.9694
53053,-1.2823
53055,-1.4035
53057,-1.5296
53059,1.4067
53061,-0.7329
53063,-1.4007
53065,-1.7235
53067,-0.6883
53071,-3.5005
53073,-1.4029
53075,2.3047
53077,-2.7886
54001,1.9214
54003,-1.3191
54005,2.1298
54007,-2.0775
54009,1.2881
54011,-2.2367
54017,1.5597
54019,-0.6495
54021,-1.1736
54025,-3.9705
54027,-9.0590
54029,1.4942
54031,-6.9580
54033,-2.9778
54035,-3.1585
54037,1.5644
54039,-2.4740
54043,1.9214
54045,1.9093
54049,-2.2823
54051,-4.3428
54053,-9.0590
54055,2.4275
54057,0.2308
54061,-0.0486
54065,-4.7590
54067,-4.8747
54069,0.5586
54071,1.9214
54075,-9.0590
54077,-2.0607
54079,0.5855
54081,-0.7647
54083,-1.9660
54085,-8.6117
54087,-6.6303
54089,1.9093
54091,-4.3603
54093,-9.0590
54097,2.4024
54103,1.9214
54107,0.9980
55001,-3.0513
55003,-1.8282
55005,-2.6517
55007,0.2412
55009,-1.2688
55011,-1.7336
55013,-5.0567
55015,-0.3103
55017,-0.3062
55019,-0.9168
55021,-1.0636
55023,1.9214
55025,-0.3200
55027,-2.5704
55029,-0.8615
55031,-1.1681
55033,-2.6155
55035,-2.9830
55037,2.5504
55039,-1.8158
55041,-0.9565
55043,0.0380
55045,1.1995
55047,-0.4694
55049,-0.7245
55053,-2.2551
55055,-2.7272
55057,-0.7891
55059,-1.4999
55061,-1.5037
55063,-1.6320
55065,-1.4497
55067,0.9770
55069,0.5196
55071,-1.9419
55073,-0.5017
55075,-2.0459
55077,-1.0866
55078,1.4559
55079,-2.1546
55081,-2.5601
55083,-1.9527
55085,1.1034
55087,-0.7114
55089,0.8058
55091,1.5965
55093,1.2027
55095,-2.4830
55097,-2.2686
55099,-2.4142
55101,-1.6602
55103,0.5947
55105,-2.9150
55107,-3.9315
55109,-1.7392
55111,-1.5278
55113,-3.3881
55115,-2.7904
55117,-2.3098
55119,-2.9983
55121,-1.3819
55123,0.3867
55125,0.2406
55127,-1.4447
55129,0.5664
55131,-1.9584
55133,-0.3236
55135,0.6900
55137,-3.2722
55139,-0.0627
55141,-1.8285
56001,-0.2831
56003,0.2643
56005,-0.0955
56007,-0.3977
56009,-0.4282
56011,2.6818
56013,-3.7545
56015,-0.8544
56017,-10.8104
56019,-4.5762
56021,-0.3807
56023,-0.0082
56025,-0.2824
56027,2.3178
56029,-1.5366
56031,-0.6448
56033,-0.6837
56035,0.9756
56037,0.4163
56039,1.0610
56041,-1.3859
56043,-0.3393
56045,-0.1561
