id,mf_avg
01001,-5.8764
01003,-5.9435
01005,-6.1044
01007,-6.0568
01009,-5.8952
01011,-6.2441
01013,-6.0254
01015,-5.9368
01017,-5.9957
01019,-6.2030
01021,-5.9836
01023,-6.0650
01025,-6.2722
01027,-5.8458
01029,-6.0528
01031,-5.8881
01033,-6.0800
01035,-5.9922
01037,-6.1579
01039,-6.1508
01041,-6.0934
01043,-5.8126
01045,-6.0716
01047,-6.1325
01049,-5.8790
01051,-5.8607
01053,-6.0218
01055,-6.0141
01057,-6.0123
01059,-5.9286
01061,-5.9940
01063,-6.3403
01065,-6.0597
01067,-6.1280
01069,-5.9763
01071,-6.0586
01073,-6.0666
01075,-5.9237
01077,-5.9525
01079,-6.0491
01081,-5.9308
01083,-6.0506
01085,-6.4506
01087,-6.1671
01089,-5.9650
01091,-6.3130
01093,-5.9767
01095,-5.9426
01097,-6.1224
01099,-6.1549
01101,-6.2300
01103,-5.8859
01105,-6.3776
01107,-6.0915
01109,-5.9875
01111,-6.0329
01113,-6.0085
01115,-5.9976
01117,-5.9386
01119,-6.3083
01121,-6.0680
01123,-6.0699
01125,-6.1419
01127,-6.0601
01129,-6.0991
01131,-6.4263
01133,-6.0700
02016,-5.8780
02020,-5.9642
02050,-5.7597
02068,-5.7341
02070,-5.9984
02090,-5.9209
02110,-5.8531
02122,-5.9078
02130,-5.9273
02150,-6.1407
02170,-5.9270
02180,-5.8834
02185,-6.0560
02188,-6.1879
02195,-5.9363
02198,-6.1619
02220,-6.1858
02240,-5.7803
02261,-6.0154
02270,-5.9311
02290,-6.2286
04001,-6.1664
04003,-5.9704
04005,-6.1159
04007,-6.0318
04009,-6.0528
04011,-6.0905
04012,-6.0061
04013,-5.9647
04015,-5.9934
04017,-6.0186
04019,-5.9728
04021,-6.0270
04023,-5.9066
04025,-5.9514
04027,-6.0424
05001,-6.5558
05003,-6.3640
05005,-6.4293
05007,-6.1436
05009,-6.2913
05011,-6.4841
05013,-6.3531
05015,-6.0300
05017,-6.5609
05019,-6.1468
05021,-6.2308
05023,-6.3015
05025,-6.7252
05027,-6.4307
05029,-6.2586
05031,-6.2013
05033,-6.1227
05035,-6.2746
05037,-6.3556
05039,-6.2401
05041,-6.2993
05043,-6.1562
05045,-6.1138
05047,-6.1516
05049,-6.1962
05051,-6.2517
05053,-6.3672
05055,-6.3250
05057,-6.3396
05059,-6.2968
05061,-6.1745
05063,-6.2870
05065,-6.2402
05067,-6.3858
05069,-6.3327
05071,-6.1707
05073,-6.6161
05075,-6.3672
05077,-6.1658
05079,-6.2606
05081,-6.2782
05083,-6.1872
05085,-6.1551
05087,-6.1462
05089,-6.3202
05091,-6.2398
05093,-6.2375
05095,-6.4378
05097,-6.3293
05099,-6.1906
05101,-6.5143
05103,-6.4095
05105,-6.4960
05107,-6.2475
05109,-6.4627
05111,-6.3304
05113,-6.4168
05115,-6.2488
05117,-6.3164
05119,-6.3392
05121,-6.2179
05123,-6.4257
05125,-6.1324
05127,-6.3310
05129,-6.0851
05131,-6.1380
05133,-6.2330
05135,-6.0604
05137,-6.3233
05139,-6.4453
05141,-6.2621
05143,-6.2145
05145,-6.2784
05147,-6.3170
05149,-6.3602
06001,-5.9223
06005,-5.8419
06007,-5.8324
06009,-5.9019
06011,-5.9315
06013,-5.9215
06015,-5.9377
06017,-5.8134
06019,-5.9572
06021,-6.0350
06023,-5.8967
06025,-5.8847
06027,-5.7739
06029,-5.9939
06031,-6.0020
06033,-6.0001
06035,-5.8370
06037,-5.9262
06039,-5.9595
06041,-5.7235
06043,-5.9453
06045,-6.0409
06047,-5.9511
06049,-5.9716
06051,-5.7147
06053,-5.9569
06055,-5.8740
06057,-5.9029
06059,-5.8149
06061,-5.7729
06063,-5.9621
06065,-5.9003
06067,-5.9440
06069,-5.9296
06071,-5.9124
06073,-5.8501
06075,-5.9412
06077,-6.0061
06079,-5.8530
06081,-5.9416
06083,-5.9358
06085,-5.9141
06087,-5.8498
06089,-5.8262
06093,-5.9263
06095,-5.9889
06097,-5.8456
06099,-5.8868
06101,-5.8766
06103,-5.8094
06105,-5.9955
06107,-6.0503
06109,-5.8413
06111,-5.8633
06113,-5.9551
06115,-5.9638
08001,-5.8644
08003,-5.9122
08005,-5.9166
08007,-5.9272
08011,-5.6735
08013,-5.8129
08015,-6.0420
08019,-5.8027
08021,-5.7895
08029,-5.9419
08031,-6.0316
08035,-5.8378
08037,-5.8983
08039,-5.8875
08041,-5.8703
08043,-6.0485
08045,-5.7919
08049,-5.7648
08051,-5.9536
08055,-5.7896
08059,-5.8838
08063,-5.9984
08065,-5.8222
08067,-5.9490
08069,-5.8927
08071,-5.9841
08073,-5.7383
08075,-5.9963
08077,-5.8507
08081,-5.9040
08083,-5.9692
08085,-5.8173
08087,-5.8408
08089,-5.9536
08091,-6.2160
08093,-5.9629
08095,-5.8668
08097,-5.9296
08099,-6.0849
08101,-5.7934
08103,-6.1837
08105,-5.9441
08107,-5.8934
08109,-5.8212
08113,-5.7776
08117,-5.8488
08119,-5.9086
08121,-6.0535
08123,-5.8667
08125,-6.3410
09001,-5.7095
09003,-5.7778
09005,-5.8178
09007,-5.7923
09009,-5.8286
09011,-5.8318
09013,-5.7572
09015,-5.7846
10001,-5.8195
10003,-5.8671
10005,-5.7911
11001,-6.2298
12001,-5.8048
12003,-5.7401
12005,-5.6754
12007,-5.7015
12009,-5.6599
12011,-5.8562
12013,-5.6391
12015,-5.7416
12017,-5.7988
12019,-5.6813
12021,-5.7506
12023,-5.6597
12027,-5.7117
12029,-5.8912
12031,-5.7397
12033,-5.6765
12035,-5.7975
12037,-5.8322
12039,-5.7345
12041,-5.7403
12043,-5.7247
12045,-5.8116
12047,-5.7429
12049,-5.8138
12051,-5.6734
12053,-5.7426
12055,-5.6856
12057,-5.7531
12059,-5.8252
12061,-5.7048
12063,-5.7230
12065,-5.9451
12067,-5.6860
12069,-5.7264
12071,-5.6718
12073,-5.7469
12075,-5.6739
12077,-6.0760
12079,-5.8029
12081,-5.6457
12083,-5.7846
12085,-5.7517
12086,-5.7662
12087,-5.8170
12089,-5.7987
12091,-5.6539
12093,-5.6826
12095,-5.7664
12097,-5.7667
12099,-5.7691
12101,-5.7605
12103,-5.7314
12105,-5.7270
12107,-5.6543
12109,-5.7370
12111,-5.8113
12113,-5.6368
12115,-5.6870
12117,-5.6929
12119,-5.7404
12121,-5.6669
12123,-5.7335
12125,-5.6335
12127,-5.7336
12129,-5.7382
12131,-5.7672
12133,-5.7987
13001,-5.9938
13003,-5.7991
13005,-5.9125
13009,-5.8583
13011,-5.9966
13013,-5.9925
13015,-5.9347
13017,-6.0182
13019,-6.0489
13021,-6.0356
13023,-5.9915
13025,-5.6273
13027,-6.0804
13029,-5.8605
13031,-5.9733
13033,-6.0133
13035,-6.1762
13037,-5.9496
13039,-5.9587
13043,-5.9925
13045,-5.9869
13047,-5.7750
13049,-5.9251
13051,-5.9832
13053,-5.8275
13055,-5.8917
13057,-5.9179
13059,-5.9171
13063,-6.1591
13065,-6.0740
13067,-5.9500
13069,-5.8875
13071,-5.9594
13073,-5.8888
13075,-5.9619
13077,-6.0167
13079,-5.9620
13081,-5.8970
13083,-5.9490
13085,-6.1176
13087,-5.9168
13089,-6.1252
13091,-6.0543
13093,-6.2090
13095,-6.0410
13097,-6.0830
13099,-5.8312
13101,-6.1088
13103,-5.8565
13105,-5.9579
13107,-6.0486
13109,-5.9185
13111,-6.1908
13113,-5.9117
13115,-5.9040
13117,-5.8889
13119,-5.9784
13121,-5.9742
13123,-6.0913
13125,-5.8500
13127,-5.9544
13129,-5.9213
13131,-5.9824
13133,-6.3326
13135,-5.9672
13137,-5.9256
13139,-5.9512
13141,-6.2107
13143,-6.1491
13145,-5.9254
13147,-5.9249
13149,-6.0536
13151,-5.9839
13153,-5.8856
13155,-5.7959
13157,-5.9295
13159,-5.9784
13161,-5.9434
13163,-6.1506
13165,-5.8538
13167,-5.9263
13169,-5.9474
13171,-5.8810
13173,-6.0444
13175,-6.0315
13177,-5.8655
13179,-5.9542
13181,-5.9065
13183,-5.9926
13185,-5.8190
13187,-5.8610
13189,-5.9317
13191,-6.3339
13193,-6.1107
13195,-5.9278
13197,-6.0609
13199,-6.1412
13201,-6.2479
13205,-5.9842
13207,-6.0819
13209,-5.9830
13211,-5.8494
13213,-5.8012
13215,-6.0722
13217,-6.0368
13219,-5.9064
13221,-6.0507
13223,-6.0503
13225,-6.0561
13227,-6.0132
13229,-5.9056
13231,-6.0127
13233,-5.9524
13235,-5.9925
13237,-5.8898
13241,-6.0039
13243,-6.2575
13245,-6.0886
13247,-6.0263
13249,-5.8099
13251,-6.0723
13253,-5.9818
13255,-5.9755
13257,-5.8582
13259,-6.0826
13261,-6.0809
13263,-6.0599
13267,-5.9569
13269,-6.1686
13271,-5.9325
13273,-6.1881
13275,-6.0206
13277,-5.8406
13279,-6.1540
13281,-6.1095
13283,-5.9018
13285,-5.9810
13287,-5.9182
13289,-5.9967
13291,-5.9681
13293,-5.9404
13295,-5.9240
13297,-5.9862
13299,-5.9533
13301,-6.1043
13303,-6.1324
13305,-5.9853
13307,-5.9574
13309,-6.2140
13311,-5.9311
13313,-5.9019
13315,-6.1051
13317,-6.1333
13319,-6.0382
13321,-5.7956
15003,-6.1895
16001,-5.7217
16005,-5.7354
16007,-5.4515
16009,-5.7039
16011,-5.6377
16013,-5.5967
16015,-5.8113
16017,-5.7747
16019,-5.6922
16021,-5.8297
16023,-5.9781
16027,-5.7622
16029,-5.5655
16031,-5.7458
16035,-5.7830
16037,-5.6607
16039,-5.7720
16041,-5.9409
16043,-5.8654
16045,-5.8181
16047,-5.8143
16049,-5.9301
16051,-5.8451
16053,-5.7896
16055,-5.6926
16057,-5.9068
16059,-5.6171
16061,-5.9371
16063,-5.9435
16065,-5.6902
16067,-5.5686
16069,-5.9330
16071,-5.7738
16073,-5.6167
16075,-5.7169
16077,-5.7320
16079,-6.0311
16081,-6.1543
16083,-5.7167
16085,-5.7686
16087,-5.7625
17001,-5.9883
17003,-5.9916
17005,-5.8876
17007,-5.9374
17009,-5.8268
17011,-6.0948
17013,-5.7732
17015,-6.2304
17017,-6.1556
17019,-5.8902
17021,-5.9280
17023,-5.7274
17025,-5.7859
17027,-5.9348
17029,-5.8505
17031,-5.9934
17033,-5.9170
17035,-5.9270
17037,-5.9459
17039,-5.8213
17041,-5.8930
17043,-5.8700
17045,-5.7934
17047,-6.1527
17049,-5.9309
17051,-5.9049
17053,-5.8067
17055,-5.9272
17057,-6.2603
17059,-6.0352
17061,-6.1931
17063,-5.9049
17065,-6.0472
17067,-5.8633
17069,-6.0905
17071,-6.1974
17073,-5.9572
17075,-5.7505
17077,-6.0313
17079,-6.1553
17081,-6.0238
17083,-6.0836
17085,-5.9370
17087,-6.0833
17089,-5.9046
17091,-5.9959
17093,-5.9274
17095,-5.9292
17097,-5.8658
17099,-5.9094
17101,-5.9528
17103,-5.9889
17105,-5.7981
17107,-5.9747
17109,-5.8260
17111,-5.8766
17113,-5.9142
17115,-5.9484
17117,-6.0823
17119,-6.0293
17121,-5.9737
17123,-5.8374
17125,-6.0872
17127,-6.0945
17129,-5.8787
17131,-5.7651
17133,-5.8486
17135,-6.1492
17137,-5.9118
17139,-5.6997
17141,-5.8585
17143,-5.9745
17145,-6.1317
17147,-5.9150
17149,-5.9579
17151,-6.0770
17153,-6.1589
17155,-5.8983
17157,-5.9569
17159,-6.0356
17161,-5.9590
17163,-5.9789
17165,-5.9418
17167,-6.0351
17169,-5.9779
17171,-6.0421
17173,-5.8870
17175,-5.6711
17177,-5.9473
17179,-5.8667
17181,-6.0220
17183,-5.8785
17185,-5.9169
17187,-5.9713
17189,-5.9876
17191,-5.9372
17193,-5.8607
17195,-5.8093
17197,-5.9684
17199,-5.9306
17201,-5.9801
17203,-5.8833
18001,-5.7693
18003,-5.9273
18005,-5.9890
18007,-6.0556
18009,-6.1914
18011,-5.8571
18013,-5.7792
18015,-5.8138
18017,-5.8614
18019,-5.8900
18021,-5.7913
18023,-5.9051
18025,-5.9542
18027,-5.8993
18029,-6.0508
18031,-5.9026
18033,-5.8928
18035,-5.9193
18037,-5.8570
18039,-5.8357
18041,-5.8902
18043,-5.8881
18045,-6.1872
18047,-5.9832
18049,-5.9133
18051,-5.7339
18053,-5.9542
18055,-5.9522
18057,-5.8514
18059,-5.9902
18061,-5.8158
18063,-5.9304
18065,-5.8500
18067,-5.8466
18069,-5.9038
18071,-5.9467
18073,-5.9477
18075,-5.8718
18077,-6.0389
18079,-5.8779
18081,-5.8143
18083,-5.8850
18085,-5.8952
18087,-5.9121
18089,-5.9433
18091,-5.9551
18093,-5.9558
18095,-5.8828
18097,-5.8939
18099,-5.8024
18101,-6.2458
18103,-5.9558
18105,-5.9591
18107,-5.7412
18109,-5.9739
18111,-5.9494
18113,-5.8845
18115,-6.3041
18117,-5.9225
18119,-6.0356
18121,-6.0329
18123,-5.8101
18125,-5.8562
18127,-5.8841
18129,-5.7154
18131,-5.8356
18133,-5.9108
18135,-5.9601
18137,-5.9599
18139,-6.0666
18141,-5.8582
18143,-6.0822
18145,-5.9170
18147,-5.9183
18149,-5.9371
18151,-6.0206
18153,-6.0693
18155,-5.9446
18157,-5.8356
18159,-5.8277
18161,-6.0192
18163,-5.9582
18165,-5.9054
18167,-5.8635
18169,-5.9347
18171,-5.9045
18173,-5.8740
18175,-5.8704
18177,-5.8411
18179,-6.0728
18181,-5.8921
18183,-5.9150
19001,-5.5367
19005,-5.6481
19007,-5.5701
19009,-5.4676
19011,-5.6123
19013,-5.6042
19015,-5.3976
19017,-5.5174
19019,-5.5453
19021,-5.4231
19023,-5.6842
19025,-5.5329
19027,-5.5766
19029,-5.3906
19031,-5.6120
19033,-5.5920
19035,-5.7055
19037,-5.4835
19039,-5.4921
19041,-5.3558
19043,-5.6588
19045,-5.4942
19047,-5.5887
19049,-5.5729
19051,-5.9094
19053,-5.6117
19055,-5.5889
19057,-5.6202
19059,-5.4238
19061,-5.6423
19063,-5.4615
19065,-5.5228
19067,-5.3395
19069,-5.8407
19071,-5.6074
19073,-5.7507
19075,-5.6431
19077,-5.7990
19079,-5.5142
19081,-5.7920
19083,-5.5426
19085,-5.7683
19087,-5.7483
19089,-5.5475
19091,-5.5455
19093,-5.9282
19095,-5.5021
19097,-5.5861
19099,-5.6139
19101,-5.6791
19103,-5.6650
19105,-5.5251
19107,-5.7702
19109,-5.5036
19111,-5.4542
19113,-5.5181
19115,-5.7970
19117,-5.4303
19119,-5.5209
19121,-5.4416
19123,-5.4803
19125,-5.4396
19127,-5.4670
19129,-5.5484
19131,-5.6248
19133,-5.6735
19135,-5.6260
19137,-5.7132
19139,-5.4852
19141,-5.6175
19143,-5.4620
19145,-5.9282
19147,-5.6824
19149,-5.5042
19151,-5.5767
19153,-5.6024
19155,-5.5578
19157,-5.5267
19159,-5.5621
19161,-5.7117
19163,-5.5992
19165,-5.7288
19167,-5.6415
19169,-5.6240
19171,-5.7484
19173,-5.5416
19175,-5.6141
19177,-5.9436
19179,-5.6123
19181,-5.4611
19183,-5.7626
19185,-5.6754
19187,-5.6616
19189,-5.3231
19191,-5.4668
19193,-5.5200
19195,-5.8395
19197,-5.6108
20001,-5.9018
20003,-5.5651
20005,-5.7262
20007,-5.8274
20009,-5.5996
20011,-5.8738
20013,-5.9400
20015,-5.6265
20019,-5.9061
20021,-5.7173
20027,-5.5396
20029,-5.6110
20031,-5.7831
20035,-5.6134
20037,-5.6442
20041,-5.5997
20043,-5.7236
20045,-5.7513
20051,-5.7243
20053,-5.6221
20055,-5.6223
20057,-5.6202
20059,-5.6122
20061,-5.8002
20067,-5.7731
20069,-5.5953
20073,-5.8142
20077,-5.7452
20079,-5.5958
20081,-5.8920
20085,-5.8495
20087,-5.7301
20091,-5.6725
20093,-5.8193
20095,-5.7812
20099,-5.8489
20103,-5.7564
20105,-5.6360
20107,-5.4949
20111,-5.7918
20113,-5.5207
20115,-5.7794
20117,-5.7145
20119,-6.0048
20121,-5.7073
20123,-5.5404
20125,-5.6935
20127,-5.7471
20129,-6.0046
20131,-5.6476
20133,-5.5432
20137,-5.8604
20139,-5.7390
20143,-5.5132
20145,-5.6321
20147,-5.6360
20149,-5.6434
20151,-5.6513
20155,-5.6350
20157,-5.7278
20159,-5.6392
20161,-5.6427
20163,-5.6563
20165,-5.8122
20167,-5.5796
20169,-5.7021
20171,-5.8788
20173,-5.7159
20175,-5.6684
20177,-5.6831
20179,-6.1091
20181,-5.7491
20183,-5.7087
20185,-5.8013
20189,-5.5556
20191,-5.7421
20193,-5.6719
20197,-5.8731
20201,-5.6889
20205,-5.8482
20209,-5.7755
21001,-5.9515
21003,-6.0858
21005,-5.9645
21007,-5.7903
21009,-6.0590
21011,-5.9954
21013,-5.8150
21015,-6.0096
21017,-6.1139
21019,-5.9650
21021,-5.8367
21023,-5.8104
21025,-6.1752
21027,-5.9382
21029,-6.0474
21031,-6.1157
21033,-5.9997
21035,-5.9749
21037,-6.1575
21039,-5.7791
21041,-5.8806
21043,-6.1011
21045,-6.0255
21047,-6.1659
21049,-5.8815
21051,-6.1221
21053,-6.0334
21055,-5.7878
21057,-6.1550
21059,-5.9030
21061,-5.9031
21063,-6.0763
21065,-6.1172
21067,-6.0693
21069,-5.8253
21071,-5.7683
21073,-6.1097
21075,-6.1755
21077,-6.0932
21079,-6.0911
21081,-6.0032
21083,-6.0769
21085,-5.9982
21087,-6.0730
21089,-6.1130
21091,-5.8152
21093,-5.9077
21095,-5.7711
21097,-5.9604
21099,-5.8645
21101,-5.8846
21103,-6.1137
21105,-6.2609
21107,-5.8467
21109,-6.0381
21111,-6.1019
21113,-5.9767
21115,-5.6734
21117,-6.0324
21119,-5.8673
21121,-5.8878
21123,-5.8232
21125,-5.9642
21127,-6.2489
21129,-6.3268
21131,-6.0134
21133,-5.8368
21135,-6.3005
21137,-6.0682
21139,-5.9720
21141,-6.1468
21143,-5.8223
21145,-5.8797
21147,-5.9960
21149,-5.8181
21151,-5.9719
21153,-5.8849
21155,-5.9586
21157,-5.9952
21159,-5.9389
21161,-6.0129
21163,-5.9735
21165,-6.0897
21167,-5.8853
21169,-6.1687
21171,-5.9713
21173,-6.0581
21175,-5.8111
21177,-6.0533
21179,-6.1484
21181,-6.1024
21183,-5.8530
21185,-6.0053
21187,-6.1081
21189,-6.3463
21191,-6.1058
21193,-5.9252
21195,-5.9894
21197,-5.9114
21199,-6.0440
21203,-5.7952
21205,-6.1602
21207,-6.1758
21209,-6.0503
21211,-5.9251
21213,-6.0935
21215,-5.7926
21217,-5.9011
21219,-6.1423
21221,-6.0354
21223,-6.2339
21225,-6.0850
21227,-6.0032
21229,-6.1340
21231,-5.9912
21233,-6.0330
21235,-5.6790
21237,-5.9068
21239,-6.0460
22001,-5.9880
22003,-6.1960
22005,-6.0673
22007,-6.1821
22009,-6.0907
22011,-5.9909
22013,-6.1900
22015,-5.9208
22017,-6.1528
22019,-5.9187
22021,-6.2324
22023,-6.2764
22025,-6.0092
22027,-6.0774
22029,-5.9350
22031,-6.1344
22033,-6.1894
22035,-6.4976
22037,-6.0471
22039,-6.0948
22041,-6.0630
22043,-5.9817
22045,-6.0245
22047,-6.1014
22049,-5.9683
22051,-5.9845
22053,-5.8742
22055,-6.0552
22057,-6.1200
22059,-6.0159
22061,-5.9757
22063,-5.8859
22065,-6.4323
22067,-5.9672
22069,-6.2433
22071,-6.0990
22073,-5.9590
22075,-5.9747
22077,-6.1423
22079,-6.1184
22081,-6.0323
22083,-6.1517
22085,-6.0588
22087,-6.0298
22089,-6.0637
22091,-6.1617
22093,-6.0182
22095,-5.9860
22097,-5.9653
22099,-6.0233
22101,-6.1360
22103,-5.9635
22105,-6.0211
22107,-6.0890
22109,-5.9783
22111,-6.0967
22113,-5.9597
22115,-5.9889
22117,-6.0543
22119,-6.1722
22121,-5.8969
22123,-5.8687
22125,-6.1428
22127,-6.0135
23001,-5.8962
23003,-6.0501
23005,-6.0027
23007,-5.8073
23009,-6.0755
23011,-6.0164
23013,-5.9448
23015,-6.0373
23017,-5.9326
23019,-6.0438
23021,-6.1084
23023,-6.0799
23025,-6.0836
23027,-6.1187
23029,-5.9555
23031,-5.9117
24001,-6.0555
24003,-6.0840
24005,-6.0689
24009,-6.1417
24011,-6.3123
24013,-6.0646
24015,-6.1076
24017,-6.3338
24019,-6.1702
24021,-6.0591
24023,-6.1528
24025,-6.0759
24027,-6.0610
24029,-6.2177
24031,-6.0442
24033,-6.2023
24035,-6.1764
24037,-6.2276
24039,-6.0025
24041,-6.0701
24043,-6.1384
24045,-6.0384
24047,-6.0601
24510,-6.1400
25001,-6.1116
25003,-6.0232
25005,-6.1058
25007,-5.8925
25009,-6.1438
25011,-6.1663
25013,-6.0802
25015,-6.0680
25017,-6.0966
25019,-6.1947
25021,-6.1179
25023,-6.1430
25025,-6.1718
25027,-6.0612
26001,-5.8499
26003,-5.7223
26005,-5.8676
26007,-5.8142
26009,-5.7582
26011,-5.8513
26013,-6.1381
26015,-5.7185
26017,-5.6868
26019,-5.6586
26021,-5.6895
26023,-5.7522
26025,-5.8198
26027,-5.6939
26029,-5.8123
26031,-5.9022
26033,-5.7437
26035,-5.7597
26037,-5.7036
26039,-5.7817
26041,-5.9086
26043,-5.6409
26045,-5.7842
26047,-5.7994
26049,-5.8081
26051,-5.9689
26053,-6.0228
26055,-5.7972
26057,-5.7913
26059,-5.7416
26061,-5.9206
26063,-5.9621
26065,-5.7325
26067,-5.7833
26069,-5.7877
26071,-5.8744
26073,-5.7921
26075,-5.7038
26077,-5.7627
26079,-5.9167
26081,-5.7296
26085,-5.5762
26087,-5.7681
26089,-5.8599
26091,-5.7155
26093,-5.7029
26095,-5.8096
26097,-6.0398
26099,-5.8256
26101,-5.8362
26103,-5.7670
26105,-5.8813
26107,-5.8669
26109,-5.6207
26111,-5.7642
26113,-5.7435
26115,-5.7489
26117,-5.8174
26119,-5.8098
26121,-5.7906
26123,-5.8066
26125,-5.8302
26127,-5.8448
26129,-5.8090
26131,-5.3237
26133,-5.7629
26135,-5.4916
26137,-5.6308
26139,-5.6901
26141,-6.1425
26143,-5.8821
26145,-5.7913
26147,-5.7730
26149,-5.8066
26151,-5.7871
26153,-6.1903
26155,-5.7290
26157,-5.7478
26159,-5.6927
26161,-5.7746
26163,-5.8383
26165,-5.6834
27001,-5.7568
27003,-5.7627
27005,-5.8728
27007,-5.8486
27009,-5.7153
27011,-5.7990
27013,-5.7280
27015,-5.6387
27017,-5.6988
27019,-5.6784
27021,-5.7852
27023,-5.8768
27025,-5.9038
27027,-5.6592
27029,-5.8139
27031,-6.1239
27033,-5.5756
27035,-5.8154
27037,-5.8036
27039,-5.6271
27041,-5.7201
27043,-5.6427
27045,-5.7275
27047,-5.8156
27049,-5.7384
27051,-5.7363
27053,-5.7626
27055,-5.7028
27057,-5.6956
27059,-5.8101
27061,-5.7720
27063,-5.7338
27065,-5.8756
27067,-5.6619
27069,-5.9279
27071,-5.6300
27073,-5.4495
27075,-5.7848
27079,-5.7046
27081,-5.8472
27083,-5.8046
27085,-5.7615
27087,-5.5965
27089,-5.8538
27091,-5.6855
27093,-5.6991
27095,-5.9783
27097,-5.7106
27099,-5.9927
27101,-5.6317
27103,-5.8771
27105,-5.7558
27107,-5.8227
27109,-5.7708
27111,-5.6627
27113,-6.0097
27115,-5.9078
27117,-5.9728
27119,-5.6692
27121,-5.7636
27123,-5.8721
27125,-5.8524
27127,-5.7794
27129,-5.7523
27131,-5.7461
27133,-5.8100
27135,-5.8307
27137,-5.7913
27139,-5.6904
27141,-5.7351
27143,-5.9717
27145,-5.7887
27147,-5.5535
27149,-5.7142
27151,-5.8734
27153,-5.5928
27155,-5.9006
27157,-5.5667
27159,-6.0326
27161,-5.7945
27163,-5.7297
27165,-5.8091
27167,-5.5070
27169,-5.4915
27171,-5.6613
27173,-5.5916
28001,-6.1416
28003,-5.9962
28005,-5.9150
28007,-6.0956
28009,-5.9462
28011,-6.1950
28013,-6.0029
28015,-6.1904
28017,-6.2669
28019,-5.8463
28021,-6.3923
28023,-5.9449
28025,-6.0862
28027,-6.1766
28029,-6.1539
28031,-6.1243
28033,-6.0509
28035,-6.0769
28037,-6.1094
28039,-6.1092
28041,-5.9592
28043,-6.1206
28045,-6.0279
28047,-6.0390
28049,-6.2183
28051,-6.2247
28053,-6.1896
28057,-6.1669
28059,-6.1328
28061,-6.1560
28063,-6.3921
28065,-6.2019
28067,-6.0473
28069,-6.0638
28071,-5.9320
28073,-6.1436
28075,-6.1026
28077,-6.1199
28079,-6.2388
28081,-6.1415
28083,-6.2981
28085,-5.9667
28087,-5.9902
28089,-6.0240
28091,-6.0246
28093,-6.2290
28095,-6.1125
28097,-5.8520
28099,-6.1615
28101,-6.0967
28103,-6.1401
28105,-6.0441
28107,-6.1127
28109,-6.1359
28111,-6.5367
28113,-6.0950
28115,-6.1035
28117,-6.0299
28119,-6.5107
28121,-6.0596
28123,-5.9937
28125,-6.1409
28127,-6.1358
28129,-6.2266
28131,-6.0825
28133,-6.2691
28135,-5.9887
28137,-6.0850
28139,-6.0430
28141,-6.1326
28143,-6.1397
28145,-6.1932
28147,-6.2131
28149,-6.0069
28151,-6.2319
28153,-6.1282
28155,-6.1096
28157,-6.2464
28159,-6.3001
28161,-6.1709
28163,-6.2639
29001,-5.9170
29003,-5.7465
29005,-5.9477
29007,-6.1149
29009,-5.9673
29011,-5.7603
29013,-5.8425
29015,-5.8499
29017,-5.9921
29019,-6.0113
29021,-6.0741
29023,-5.8550
29025,-5.9170
29027,-6.0187
29029,-5.9538
29031,-5.8884
29033,-6.3238
29035,-6.1961
29037,-5.9687
29039,-6.0350
29041,-5.8388
29043,-5.9611
29045,-5.6541
29047,-5.9787
29049,-5.8981
29051,-5.8543
29053,-6.1488
29055,-6.0723
29057,-6.0825
29059,-6.0191
29061,-6.1361
29063,-5.7131
29065,-5.7783
29067,-6.0036
29069,-5.9199
29071,-6.0020
29073,-5.8919
29075,-6.0670
29077,-5.9112
29079,-5.9321
29081,-5.8406
29083,-5.9522
29085,-5.8288
29087,-5.7479
29089,-5.9535
29091,-5.8713
29093,-6.0176
29095,-5.9256
29097,-5.8524
29099,-5.8678
29101,-6.0734
29103,-5.9246
29105,-5.9497
29107,-6.0702
29109,-5.8723
29111,-6.0379
29113,-5.9535
29115,-5.8219
29117,-5.8559
29119,-5.8251
29121,-5.8827
29123,-5.9556
29125,-6.2738
29127,-5.8359
29129,-5.6962
29131,-6.0252
29133,-5.9715
29135,-5.7806
29137,-6.0779
29139,-5.9035
29141,-5.9182
29143,-5.9458
29145,-5.8748
29147,-5.9412
29149,-5.8368
29151,-6.1578
29153,-5.8312
29155,-6.0090
29157,-5.9520
29159,-6.0378
29161,-5.8487
29163,-6.0551
29165,-5.9067
29167,-6.0911
29169,-5.8732
29171,-6.1886
29173,-5.8189
29175,-5.8889
29177,-5.9319
29179,-6.1498
29181,-6.0445
29183,-5.9310
29185,-5.9070
29186,-5.7252
29187,-5.8824
29189,-5.9441
29195,-5.9511
29197,-6.1697
29199,-5.9020
29201,-5.8912
29203,-6.0113
29205,-5.8175
29207,-5.8602
29209,-5.9630
29211,-5.7209
29213,-5.8987
29215,-5.8813
29217,-5.8726
29219,-5.9632
29221,-5.8917
29223,-6.0460
29225,-5.9821
29229,-5.8683
29510,-6.1038
30001,-5.6603
30003,-5.9182
30005,-6.0043
30007,-5.8798
30009,-5.7374
30013,-5.7986
30015,-5.4953
30017,-5.6685
30021,-5.8453
30023,-5.6872
30027,-5.9009
30029,-5.8357
30031,-5.9414
30035,-6.1754
30041,-5.9239
30043,-5.9008
30047,-5.7585
30049,-5.8987
30053,-5.9395
30057,-5.6833
30061,-5.9193
30063,-5.8658
30065,-5.8337
30067,-5.8206
30071,-6.0801
30073,-6.0164
30077,-5.9393
30081,-5.8134
30083,-5.9614
30085,-5.7223
30087,-5.9426
30089,-6.0134
30091,-5.7625
30093,-5.7835
30095,-5.7907
30097,-6.1179
30099,-5.6730
30101,-5.7371
30105,-5.8291
30111,-5.7932
31001,-5.5285
31003,-5.6432
31011,-5.8731
31013,-5.7153
31019,-5.6135
31021,-5.3061
31023,-5.8189
31025,-5.6591
31027,-5.4895
31029,-5.7543
31031,-5.4677
31033,-5.9779
31035,-5.5563
31037,-5.6575
31039,-5.8342
31041,-5.8151
31043,-5.7526
31045,-5.6998
31047,-5.7456
31051,-5.7307
31053,-5.6288
31055,-5.6974
31059,-5.8482
31063,-5.6523
31065,-5.7190
31067,-5.6959
31079,-5.5795
31081,-5.8175
31089,-5.6537
31093,-5.7094
31095,-5.9008
31097,-5.6192
31099,-5.7512
31101,-5.8965
31107,-5.5595
31109,-5.6967
31111,-5.6843
31119,-5.7272
31121,-5.7227
31123,-5.9819
31125,-5.9576
31127,-5.6385
31131,-5.5734
31137,-5.7745
31139,-5.6132
31141,-5.7756
31143,-5.5039
31145,-5.7134
31147,-5.8371
31151,-5.7016
31153,-5.7458
31155,-5.7748
31157,-5.7806
31159,-5.7283
31161,-5.7977
31169,-6.0294
31173,-5.7943
31175,-5.7052
31177,-5.5508
31179,-5.5097
31185,-5.8406
32001,-5.8926
32003,-5.9834
32005,-5.8934
32007,-5.8088
32013,-5.8647
32015,-5.9225
32017,-6.0099
32019,-5.9982
32023,-5.8099
32027,-5.9610
32031,-5.9430
32033,-6.1518
32510,-5.8285
33001,-5.9796
33003,-5.9701
33005,-6.0251
33007,-6.1752
33009,-6.0659
33011,-5.9414
33013,-5.9875
33015,-6.0352
33017,-5.9772
33019,-6.1280
34001,-5.8505
34003,-5.8801
34005,-5.8613
34007,-5.9078
34009,-5.8909
34011,-6.0275
34013,-5.9750
34015,-5.9088
34017,-5.8816
34019,-5.8792
34021,-5.8884
34023,-5.9062
34025,-5.9063
34027,-5.8499
34029,-5.8356
34031,-5.8992
34033,-6.0238
34035,-5.8688
34037,-5.8694
34039,-5.8969
34041,-5.9302
35001,-6.0599
35005,-5.9377
35006,-5.8741
35007,-6.1693
35009,-6.0797
35013,-6.0318
35015,-5.9419
35017,-5.9554
35019,-5.5515
35023,-6.2297
35025,-6.0081
35027,-6.0404
35028,-6.1572
35029,-6.1537
35031,-6.1965
35033,-5.9365
35035,-6.0477
35037,-5.9156
35039,-6.0370
35041,-6.1749
35043,-6.0503
35045,-6.0995
35047,-5.8700
35049,-6.0513
35051,-6.0420
35053,-5.6163
35055,-5.9610
35057,-6.0846
35059,-6.2659
35061,-6.1130
36001,-5.8816
36003,-5.8821
36007,-5.7609
36009,-6.0292
36011,-5.9695
36013,-5.8970
36015,-5.9643
36017,-5.8307
36019,-5.8509
36021,-6.1032
36023,-5.8691
36025,-5.9885
36027,-5.9255
36029,-5.8750
36031,-5.7999
36033,-5.9924
36035,-5.8322
36037,-5.9923
36039,-6.0483
36041,-6.0381
36043,-5.9335
36045,-5.8909
36049,-6.0435
36051,-5.8936
36053,-5.8751
36055,-5.8659
36057,-5.7552
36059,-5.8755
36061,-5.9187
36063,-5.9084
36065,-5.9354
36067,-5.9334
36069,-5.8748
36071,-5.9189
36073,-5.8529
36075,-5.9629
36077,-6.0335
36079,-5.9025
36083,-5.9195
36087,-5.8458
36089,-5.9040
36091,-5.9018
36093,-5.9299
36095,-6.0497
36097,-5.9079
36099,-5.9020
36101,-5.9161
36103,-5.8521
36105,-5.9637
36107,-5.8108
36109,-5.9525
36111,-5.9071
36113,-5.8919
36115,-5.8501
36117,-5.9026
36119,-5.8736
36121,-5.9636
36123,-5.8696
37001,-5.7028
37003,-5.7036
37005,-5.9746
37007,-5.9158
37009,-6.0160
37011,-5.8046
37013,-5.7861
37015,-5.9882
37017,-6.0218
37019,-5.7384
37021,-5.8371
37023,-5.7027
37025,-5.7544
37027,-5.6932
37029,-5.8761
37031,-5.8615
37033,-5.8273
37035,-5.7770
37037,-5.8066
37039,-5.8732
37041,-5.7680
37043,-6.0148
37045,-5.6977
37047,-5.9240
37049,-5.7798
37051,-5.8283
37053,-5.8541
37055,-5.6156
37057,-5.7968
37059,-5.7736
37061,-5.7440
37063,-5.8947
37065,-6.0217
37067,-5.8390
37069,-5.7968
37071,-5.7167
37073,-5.9100
37075,-5.9746
37077,-5.9166
37079,-5.7959
37081,-5.8519
37083,-5.9398
37085,-5.8921
37087,-5.7794
37089,-5.8093
37091,-5.9157
37093,-5.8127
37095,-5.8166
37097,-5.7855
37099,-5.8391
37101,-5.7282
37103,-5.7644
37105,-5.7928
37107,-5.8735
37109,-5.7661
37111,-5.8533
37113,-5.7534
37115,-5.9217
37117,-5.8526
37119,-5.8795
37121,-5.7732
37123,-5.8109
37125,-5.7951
37127,-5.8007
37129,-5.7735
37131,-5.9191
37133,-5.7645
37135,-5.8276
37137,-5.7825
37139,-5.7935
37141,-5.7919
37143,-5.9167
37145,-5.7008
37147,-5.8224
37149,-5.9703
37151,-5.8353
37153,-5.9484
37155,-5.8358
37157,-5.8867
37159,-5.8176
37161,-5.7516
37163,-5.7203
37165,-5.7459
37167,-5.7216
37169,-5.7508
37171,-5.8463
37173,-5.8220
37175,-5.8195
37177,-5.8006
37179,-5.7084
37181,-5.7545
37183,-5.7474
37185,-6.0373
37187,-5.9897
37189,-5.9017
37191,-5.7347
37193,-5.8386
37195,-5.7650
37197,-5.8218
37199,-5.6486
38003,-5.8051
38005,-6.0025
38009,-5.4277
38011,-5.7763
38015,-5.7421
38017,-5.8440
38021,-5.8048
38029,-5.9174
38031,-5.9801
38035,-5.7415
38045,-5.9874
38049,-5.6419
38053,-5.6350
38055,-5.9122
38057,-5.9856
38059,-5.7525
38061,-5.8021
38067,-5.7708
38069,-5.8563
38071,-5.5320
38073,-5.7027
38075,-5.9964
38077,-5.8573
38079,-5.7664
38081,-5.7843
38085,-6.1578
38089,-5.7732
38093,-5.6838
38097,-5.8634
38099,-5.9685
38101,-5.7665
38103,-5.7658
38105,-5.6989
39001,-5.8827
39003,-5.8039
39005,-5.9242
39007,-5.8886
39009,-5.8734
39011,-5.9107
39013,-5.8662
39015,-5.8823
39017,-5.8632
39019,-5.8416
39021,-5.8854
39023,-5.9516
39025,-5.8147
39027,-5.8949
39029,-5.8108
39031,-5.8507
39033,-5.9017
39035,-5.9054
39037,-5.7899
39039,-5.7808
39041,-5.7945
39043,-5.8228
39045,-5.9158
39047,-5.8167
39049,-5.8864
39051,-5.6010
39053,-5.7597
39055,-5.8717
39057,-5.8192
39059,-5.9095
39061,-5.8210
39063,-5.8133
39065,-5.8758
39067,-5.8538
39069,-5.8902
39071,-5.9518
39073,-5.8457
39075,-5.7709
39077,-5.7984
39079,-5.8135
39081,-5.8303
39083,-5.9613
39085,-5.8373
39087,-5.9022
39089,-5.8314
39091,-5.7345
39093,-5.8642
39095,-5.8356
39097,-5.8887
39099,-5.8130
39101,-5.9730
39103,-5.8437
39105,-5.8370
39107,-5.8930
39109,-5.8174
39111,-6.0981
39113,-5.8823
39115,-5.8693
39117,-5.8950
39119,-5.8607
39121,-6.0095
39123,-5.7393
39125,-5.9299
39127,-5.9126
39129,-5.8043
39131,-5.9753
39133,-5.8822
39135,-5.8331
39137,-5.7992
39139,-5.9288
39141,-5.9060
39143,-5.7934
39145,-5.8309
39147,-5.9368
39149,-5.7752
39151,-5.8269
39153,-5.8118
39155,-5.8612
39157,-5.8377
39159,-5.9148
39161,-5.8632
39163,-5.9894
39165,-5.7519
39167,-5.9229
39169,-5.8308
39171,-5.6071
39173,-5.7746
39175,-5.8211
40001,-5.7877
40003,-5.7522
40005,-5.7373
40007,-5.8731
40009,-5.7926
40011,-5.7388
40013,-5.7432
40015,-5.8533
40017,-5.7165
40019,-5.8002
40021,-5.7441
40023,-5.7636
40027,-5.7431
40029,-5.7598
40031,-5.6731
40033,-5.6528
40035,-5.8905
40037,-5.7021
40039,-5.5980
40041,-5.7137
40043,-5.7209
40045,-6.0498
40047,-5.6558
40049,-5.6632
40051,-5.6828
40053,-5.4742
40055,-5.8601
40057,-5.9500
40059,-5.5946
40061,-5.9464
40063,-5.7479
40065,-5.7459
40067,-5.6422
40069,-5.7624
40071,-5.7117
40073,-5.6002
40075,-5.6896
40077,-6.0222
40079,-5.6918
40081,-5.7996
40083,-5.7080
40085,-6.0457
40087,-5.7639
40089,-5.7042
40091,-5.6924
40093,-5.7285
40095,-5.6974
40097,-5.7316
40099,-5.9014
40101,-5.7288
40103,-5.5869
40105,-5.6925
40107,-5.7050
40109,-5.7178
40111,-5.7728
40113,-5.7176
40115,-5.6959
40117,-5.8893
40119,-5.7454
40121,-5.6653
40123,-5.6378
40125,-5.7450
40127,-5.8532
40129,-5.8049
40131,-5.7083
40133,-5.7784
40135,-5.7815
40137,-5.7525
40139,-5.6874
40141,-5.7713
40143,-5.7379
40145,-5.7407
40147,-5.7891
40149,-5.6224
40151,-5.8640
40153,-5.7820
41001,-5.5415
41003,-5.7594
41005,-5.7433
41007,-5.8479
41009,-5.7359
41011,-5.7595
41013,-5.7302
41015,-5.8360
41017,-5.7209
41019,-5.9006
41023,-5.8491
41025,-5.8503
41027,-5.6813
41029,-5.7194
41031,-5.9463
41033,-5.7316
41035,-5.7008
41037,-5.8978
41039,-5.7590
41041,-5.7720
41043,-5.7424
41045,-5.8727
41047,-5.7263
41049,-5.7969
41051,-5.8355
41053,-5.6338
41057,-5.8048
41059,-5.8390
41061,-5.6904
41063,-5.6903
41065,-5.7057
41067,-5.7588
41071,-5.7609
42001,-5.9356
42003,-5.8871
42005,-5.9266
42007,-5.8758
42009,-5.9375
42011,-5.9248
42013,-5.8845
42015,-5.8844
42017,-5.8569
42019,-5.8921
42021,-6.0364
42023,-5.9622
42025,-5.8297
42027,-5.9205
42029,-5.8835
42031,-5.8949
42033,-5.9035
42035,-5.9138
42037,-6.0858
42039,-6.0285
42041,-5.8364
42043,-5.9224
42045,-5.9146
42047,-5.9033
42049,-5.9080
42051,-6.0349
42053,-5.7451
42055,-5.9890
42057,-6.0511
42059,-6.1678
42061,-5.9645
42063,-6.0335
42065,-5.8312
42067,-6.1111
42069,-5.9914
42071,-5.9377
42073,-5.9179
42075,-5.9155
42077,-5.8500
42079,-5.9516
42081,-5.9211
42083,-5.9290
42085,-5.9980
42087,-5.9511
42089,-5.9476
42091,-5.8687
42093,-5.9999
42095,-5.9272
42097,-6.0058
42099,-6.0261
42101,-6.0973
42103,-5.9146
42105,-5.9736
42107,-5.9945
42109,-5.8557
42111,-6.1347
42113,-5.5430
42115,-6.0491
42117,-5.9690
42119,-5.8797
42121,-6.0282
42123,-5.8832
42125,-5.8419
42127,-6.0622
42129,-5.9173
42131,-5.9710
42133,-5.8754
44001,-6.1875
44003,-6.0989
44005,-6.0531
44007,-6.0125
44009,-6.0967
45001,-5.8894
45003,-5.9330
45005,-6.2720
45007,-5.8450
45009,-5.9929
45011,-6.1929
45013,-5.9010
45015,-5.9506
45017,-6.1038
45019,-5.9012
45021,-5.9126
45023,-6.0240
45025,-6.0404
45027,-6.1032
45029,-5.7585
45031,-5.8694
45033,-5.9530
45035,-5.9089
45037,-5.8817
45039,-6.0615
45041,-5.9695
45043,-5.9895
45045,-5.9187
45047,-5.8997
45049,-6.1057
45051,-5.9538
45053,-6.2315
45055,-5.9090
45057,-6.0784
45059,-5.8989
45061,-6.0386
45063,-5.9587
45065,-5.9184
45067,-6.3570
45069,-6.0673
45071,-6.1561
45073,-5.9344
45075,-6.0089
45077,-5.9257
45079,-6.0417
45081,-6.1220
45083,-5.9307
45085,-5.9580
45087,-5.9114
45089,-6.0553
45091,-5.9814
46005,-5.8874
46009,-5.9363
46011,-5.8906
46013,-5.8694
46015,-5.7057
46019,-5.9415
46023,-6.1203
46025,-5.7441
46027,-5.8337
46029,-5.8802
46031,-5.6704
46033,-6.0128
46035,-5.8277
46037,-5.7379
46041,-6.0359
46045,-6.0613
46047,-5.9582
46051,-5.8020
46053,-5.5368
46057,-5.8273
46061,-5.9350
46065,-5.8394
46067,-6.2409
46077,-5.8851
46079,-5.8895
46081,-5.8975
46083,-5.7279
46087,-5.5258
46091,-6.0212
46093,-5.7713
46099,-5.6954
46101,-5.8720
46103,-5.8698
46109,-6.1218
46113,-5.9121
46115,-6.0852
46121,-5.8658
46123,-5.6605
46125,-5.9648
46127,-5.8549
46129,-5.9205
46135,-5.6289
47001,-5.9927
47003,-5.9525
47005,-5.9132
47007,-6.1194
47009,-5.8474
47011,-5.8934
47013,-6.0593
47015,-6.1613
47017,-6.1359
47019,-6.0642
47021,-5.9893
47023,-6.1231
47025,-6.2569
47027,-6.1805
47029,-5.9657
47031,-5.9397
47033,-6.0762
47035,-5.9626
47037,-5.9406
47039,-5.9197
47041,-6.1261
47043,-5.8223
47045,-6.0844
47047,-5.9062
47049,-6.1554
47051,-5.9497
47053,-6.0276
47055,-5.9732
47057,-6.0270
47059,-5.8983
47061,-6.0104
47063,-5.9280
47065,-5.9826
47067,-6.0858
47069,-5.9872
47071,-6.1258
47073,-6.1050
47075,-6.0381
47077,-5.9784
47079,-5.9066
47081,-5.8857
47083,-6.0089
47085,-5.9487
47087,-5.9062
47089,-5.8993
47091,-5.9416
47093,-6.0071
47095,-6.0849
47097,-5.9213
47099,-5.9653
47101,-5.9228
47103,-5.9967
47105,-5.9965
47107,-6.0739
47109,-5.9544
47111,-5.8958
47113,-5.9417
47115,-5.9661
47117,-6.0050
47119,-6.0873
47121,-5.9554
47123,-6.1642
47125,-5.9608
47127,-5.9082
47129,-6.0815
47131,-5.9137
47133,-6.0366
47135,-5.8800
47137,-5.9567
47139,-5.9059
47141,-5.8033
47143,-5.8156
47145,-5.8717
47147,-5.9060
47149,-5.9331
47151,-6.0935
47153,-6.0146
47155,-5.9198
47157,-6.0164
47159,-5.8654
47161,-5.9253
47163,-5.9810
47165,-5.8522
47167,-5.9096
47169,-5.9223
47171,-5.9547
47173,-6.0940
47175,-6.0649
47177,-5.8744
47179,-6.0556
47181,-6.0879
47183,-5.9487
47185,-5.9569
47187,-5.7847
47189,-5.9215
48001,-5.8214
48003,-5.7770
48005,-5.7893
48007,-5.9001
48009,-5.6948
48013,-5.8770
48015,-5.7387
48017,-5.8666
48019,-5.7940
48021,-5.8939
48023,-5.8648
48025,-5.8543
48027,-5.7773
48029,-5.7926
48031,-5.9370
48035,-5.8617
48037,-5.7932
48039,-5.8299
48041,-5.8037
48043,-6.0825
48047,-5.7884
48049,-5.6709
48051,-5.9309
48053,-5.7969
48055,-5.9594
48057,-5.7679
48059,-5.7493
48061,-5.8115
48063,-5.6422
48065,-5.7514
48067,-5.7269
48069,-6.1235
48071,-5.6342
48073,-5.8582
48075,-5.6665
48077,-5.6895
48079,-5.7284
48081,-5.8315
48083,-5.8465
48085,-5.7996
48087,-6.1654
48089,-5.8215
48091,-5.7083
48093,-5.7011
48097,-5.7558
48099,-5.6679
48103,-5.7561
48105,-5.6182
48107,-6.0069
48111,-5.9688
48113,-5.8405
48115,-5.6851
48117,-5.7910
48119,-5.7261
48121,-5.8014
48123,-5.9814
48127,-5.8776
48129,-5.6946
48131,-5.8165
48133,-5.7939
48135,-5.8292
48137,-5.6676
48139,-5.7647
48141,-5.7256
48143,-5.8093
48145,-5.8562
48147,-5.9143
48149,-5.7931
48151,-5.8221
48153,-5.8025
48157,-5.7770
48159,-5.7456
48161,-5.8105
48163,-6.0496
48165,-5.9340
48167,-5.8069
48169,-5.6635
48171,-5.7668
48175,-6.0080
48177,-5.9263
48179,-5.6752
48181,-5.8010
48183,-5.8529
48185,-5.8687
48187,-5.7789
48189,-5.7432
48193,-5.8893
48195,-5.7484
48197,-5.7781
48199,-5.8895
48201,-5.8104
48203,-5.7982
48207,-5.6657
48209,-5.8163
48211,-5.7846
48213,-5.8122
48215,-5.8477
48217,-5.8116
48219,-5.7531
48221,-5.7046
48223,-5.8289
48225,-5.9304
48227,-5.8423
48229,-5.9397
48231,-5.8273
48233,-5.8857
48237,-5.7621
48239,-5.8585
48241,-5.8124
48245,-5.8353
48247,-6.0761
48249,-5.8936
48251,-5.7965
48253,-5.8338
48255,-5.8246
48257,-5.7624
48259,-5.7733
48265,-5.7043
48267,-5.8254
48271,-5.8088
48273,-5.7478
48275,-5.7836
48277,-5.7242
48279,-5.8635
48281,-5.8330
48283,-5.9868
48285,-5.7167
48287,-5.7549
48289,-5.7371
48291,-5.8353
48293,-5.8980
48295,-5.6626
48297,-5.7183
48299,-5.9234
48303,-5.7355
48305,-5.6961
48307,-5.5556
48309,-5.8047
48313,-5.6944
48315,-5.7858
48317,-5.7566
48319,-5.7603
48321,-5.8297
48323,-5.7640
48325,-5.8027
48329,-5.7662
48331,-5.7060
48333,-6.0028
48335,-5.9620
48337,-5.9254
48339,-5.7599
48341,-5.6198
48343,-5.9673
48347,-5.7907
48349,-5.8013
48351,-6.0979
48353,-5.7361
48355,-5.7197
48357,-5.7262
48359,-5.7685
48361,-5.7529
48363,-5.8277
48365,-5.8243
48367,-5.7402
48369,-5.6669
48371,-5.8674
48373,-5.8430
48375,-5.7550
48377,-5.6208
48379,-5.5987
48381,-5.7650
48383,-5.6467
48387,-5.7509
48389,-5.7247
48391,-5.9091
48395,-5.8337
48397,-5.7935
48399,-5.7262
48401,-5.7506
48403,-5.7218
48405,-5.8285
48407,-5.9294
48409,-5.6650
48411,-5.9067
48413,-5.6317
48415,-5.7964
48417,-5.7784
48419,-5.8442
48421,-5.6609
48423,-5.8473
48425,-5.8133
48427,-5.8695
48429,-5.7536
48435,-5.9270
48437,-5.5696
48439,-5.8248
48441,-5.6721
48445,-5.9013
48449,-5.7941
48451,-5.7435
48453,-5.8002
48455,-5.7154
48457,-5.7440
48459,-5.7954
48461,-5.7005
48463,-5.9324
48465,-5.8417
48467,-5.6627
48469,-5.8559
48471,-5.8419
48473,-5.8111
48475,-5.8751
48477,-5.9148
48479,-5.8342
48481,-5.7400
48483,-5.7767
48485,-5.7780
48487,-5.7137
48489,-6.0288
48491,-5.8035
48493,-5.7817
48495,-5.5437
48497,-5.7160
48499,-5.8118
48501,-5.7560
48503,-5.7043
48505,-5.9354
48507,-5.9311
49001,-5.7365
49003,-5.8782
49005,-5.7797
49007,-5.9481
49011,-5.7666
49013,-5.8389
49015,-5.9220
49017,-6.0918
49019,-5.5917
49021,-5.8918
49023,-5.9462
49025,-5.8819
49027,-5.7948
49029,-5.7256
49035,-5.8273
49037,-5.7985
49039,-5.9343
49041,-5.9606
49043,-5.8086
49045,-5.9281
49047,-5.8322
49049,-5.7623
49051,-5.9692
49053,-5.8081
49057,-5.8589
50001,-6.1787
50003,-6.0526
50005,-6.0473
50007,-6.0360
50009,-5.7774
50011,-6.1014
50013,-6.0498
50015,-5.9305
50017,-6.0883
50019,-6.1262
50021,-6.0948
50023,-6.1246
50025,-5.8604
50027,-6.0499
51001,-5.6416
51005,-5.7396
51007,-5.7013
51009,-5.8296
51011,-5.8120
51013,-5.8935
51015,-5.7848
51017,-5.9260
51019,-5.7456
51021,-5.7973
51023,-5.7283
51025,-5.8732
51027,-5.8990
51029,-5.5710
51031,-5.7530
51033,-5.9321
51035,-5.9248
51036,-5.5290
51037,-5.7998
51041,-5.8221
51043,-6.0686
51045,-5.8975
51047,-5.7715
51049,-5.9525
51051,-5.9774
51053,-5.7797
51057,-5.8794
51059,-5.7122
51061,-5.8469
51063,-6.0306
51065,-5.8174
51067,-5.7864
51071,-5.8739
51073,-5.9023
51075,-5.8370
51077,-5.7007
51079,-6.0714
51083,-5.6830
51085,-5.8218
51087,-5.9031
51089,-5.7635
51093,-5.7628
51095,-5.7241
51097,-5.7803
51099,-5.8351
51101,-5.8784
51103,-5.9119
51105,-5.5756
51107,-5.7607
51109,-5.8095
51111,-5.7091
51113,-5.9858
51115,-5.7817
51117,-5.8160
51119,-5.9791
51121,-5.7252
51125,-5.9825
51127,-5.7979
51131,-5.8660
51133,-5.9227
51135,-5.8445
51137,-5.7778
51139,-6.0810
51141,-5.8121
51143,-5.6455
51145,-5.8590
51147,-5.8796
51149,-5.8261
51153,-5.8339
51155,-5.8088
51157,-6.0407
51159,-5.9026
51161,-5.7016
51163,-5.7885
51167,-5.9084
51169,-5.7799
51171,-5.9310
51173,-5.8755
51175,-5.6553
51177,-5.9059
51179,-5.8833
51181,-5.8856
51183,-5.6665
51185,-5.7344
51187,-5.8009
51191,-5.8368
51193,-5.8941
51195,-5.8378
51197,-5.9264
51199,-5.8618
51510,-5.9718
51520,-5.9944
51530,-5.8247
51540,-5.8487
51550,-5.7840
51570,-5.7428
51580,-5.7021
51590,-5.7439
51595,-5.6978
51610,-5.8106
51620,-5.8181
51630,-5.7744
51640,-5.6711
51650,-5.8878
51660,-5.8425
51670,-5.8554
51678,-5.9098
51680,-5.6759
51683,-5.6755
51685,-5.7943
51690,-5.7038
51700,-5.7864
51710,-5.9003
51720,-5.8153
51730,-5.9062
51735,-5.8685
51740,-5.8532
51750,-5.7300
51760,-5.8802
51770,-5.7952
51775,-5.7552
51790,-5.8867
51800,-5.7943
51810,-5.7300
51820,-5.8048
51840,-5.8262
53001,-6.1956
53003,-6.0497
53005,-5.9380
53007,-5.8963
53009,-5.9235
53011,-6.0175
53013,-6.1083
53015,-5.9403
53017,-5.8959
53019,-6.0039
53021,-6.0475
53025,-5.8954
53027,-6.0537
53029,-5.9921
53031,-6.0534
53033,-6.0578
53035,-6.0765
53037,-6.0272
53039,-5.9063
53041,-5.9480
53043,-6.2287
53045,-5.9190
53047,-6.1871
53049,-6.2129
53051,-5.8682
53053,-6.0701
53055,-6.1297
53057,-5.9295
53059,-5.9467
53061,-6.0275
53063,-5.9508
53065,-5.9953
53067,-6.0390
53071,-5.9798
53073,-5.9767
53075,-6.0027
53077,-6.0196
54001,-6.2111
54003,-6.0594
54005,-6.1772
54007,-6.2819
54009,-6.0555
54011,-6.0330
54013,-6.2273
54015,-6.2265
54017,-6.1255
54019,-6.1981
54021,-6.4380
54023,-6.3006
54025,-6.1353
54027,-5.9003
54029,-6.1418
54031,-5.9059
54033,-6.1019
54035,-6.0535
54037,-5.9432
54039,-6.1031
54041,-6.0534
54043,-6.1841
54045,-6.2628
54047,-6.3871
54049,-6.0931
54051,-6.3171
54053,-6.2647
54055,-6.0222
54057,-6.0105
54059,-6.1104
54061,-6.2586
54063,-6.3790
54065,-6.1535
54067,-6.0792
54069,-6.1709
54071,-6.2678
54073,-6.1566
54075,-5.9031
54077,-6.2777
54079,-5.9451
54081,-6.2583
54083,-6.0078
54085,-6.0101
54087,-6.1293
54089,-6.1821
54091,-6.1418
54093,-6.0574
54095,-5.9391
54097,-6.2433
54099,-6.1414
54101,-6.3262
54103,-5.8529
54105,-6.1178
54107,-6.0769
54109,-6.1905
55001,-5.7015
55003,-6.0488
55005,-5.7542
55007,-5.6424
55009,-5.7431
55011,-5.7710
55013,-5.8560
55015,-5.7025
55017,-5.8202
55019,-5.8064
55021,-5.8800
55023,-5.8740
55025,-5.8006
55027,-5.8463
55029,-5.7337
55031,-5.8542
55033,-5.8164
55035,-5.8277
55039,-5.6634
55041,-5.5017
55043,-5.7417
55045,-5.8086
55047,-5.8367
55049,-5.7270
55051,-5.5921
55053,-5.8528
55055,-5.8068
55057,-5.7722
55059,-5.7323
55061,-5.8288
55063,-5.6915
55065,-5.8037
55067,-5.8108
55069,-5.8854
55071,-5.7609
55073,-5.7828
55075,-5.8203
55077,-5.5548
55078,-5.6846
55079,-5.8496
55081,-5.7350
55083,-5.7496
55085,-5.8079
55087,-5.7659
55089,-5.6966
55091,-6.0320
55093,-5.7373
55095,-5.8429
55097,-5.5956
55099,-6.0000
55101,-5.7713
55103,-5.6398
55105,-5.8049
55107,-5.8279
55109,-5.7100
55111,-5.6996
55113,-5.6391
55115,-5.8035
55117,-5.7215
55119,-5.6091
55121,-5.6702
55123,-6.0177
55125,-5.6434
55127,-5.7120
55129,-5.8697
55131,-5.6336
55133,-5.7880
55135,-5.6896
55137,-5.8782
55139,-5.7643
55141,-5.6985
56001,-5.7347
56003,-5.6166
56005,-5.7182
56007,-5.7468
56009,-5.7969
56011,-5.9054
56013,-5.8299
56015,-5.7255
56017,-5.9432
56019,-5.9167
56021,-5.7100
56023,-5.7738
56025,-5.8440
56027,-5.7541
56029,-5.7723
56031,-5.7163
56033,-5.6465
56035,-6.1013
56037,-5.7150
56039,-5.7699
56041,-5.7756
56043,-5.7762
56045,-5.7367
