id,w_ses
01001,0.9860
01003,0.6539
01005,-0.1950
01007,0.1246
01009,-0.1773
01011,2.1214
01013,-0.4034
01015,-0.2322
01017,0.3975
01019,-0.9818
01021,-0.8212
01023,-0.0225
01025,0.6277
01027,0.2003
01029,-1.4342
01031,0.4296
01033,-0.0119
01035,0.3388
01037,-0.9397
01039,-0.8157
01041,-0.4167
01043,-0.2172
01045,-0.0877
01047,0.0555
01049,-0.8756
01051,0.5461
01053,-1.3970
01055,-0.1090
01057,-0.2324
01059,-0.2597
01061,-0.3847
01063,1.9563
01065,0.7939
01067,-1.1389
01069,0.3232
01071,-0.6997
01073,1.4290
01075,-0.9643
01077,-0.3075
01079,-0.4124
01081,0.7570
01083,0.5241
01085,-0.4914
01087,-0.2000
01089,1.3406
01091,1.3847
01093,-1.2024
01095,-0.5401
01097,-0.3427
01099,-0.5551
01101,1.0515
01103,0.4180
01105,-0.0623
01107,0.3370
01109,0.0437
01111,-0.3652
01113,-0.9103
01115,0.1692
01117,1.3635
01119,-0.1886
01121,-0.5711
01123,0.2050
01125,1.1769
01127,-1.1441
01129,0.2772
01131,1.1139
01133,-0.8823
02013,0.0732
02016,1.7494
02020,1.4432
02050,1.9175
02060,1.2625
02070,1.8819
02090,1.2065
02105,1.8393
02110,1.9414
02122,0.6528
02130,0.9218
02150,1.0405
02170,0.3840
02180,2.9534
02185,2.8820
02188,2.0400
02198,0.3376
02220,1.4465
02240,0.7024
02261,1.7096
02270,1.1444
02290,0.6211
04001,0.0523
04003,0.4087
04005,1.3152
04007,-0.2300
04009,0.1809
04011,0.5831
04012,-2.0497
04013,1.0017
04015,-0.9033
04017,0.3306
04019,0.5531
04021,0.4360
04023,0.5048
04025,0.0416
04027,0.3575
05001,-0.0838
05003,-0.1544
05005,-1.4319
05007,0.7120
05009,-0.5445
05011,0.2856
05013,0.0997
05015,-1.0165
05017,-1.5888
05019,0.2582
05021,-1.2642
05023,-0.9777
05025,-0.7972
05027,0.3086
05029,-0.1491
05031,-0.0337
05033,-0.5932
05035,-0.0985
05037,0.0845
05039,-0.3433
05041,0.1245
05043,-0.9054
05045,0.4860
05047,-0.4718
05049,-0.1360
05051,-0.8211
05053,0.3513
05055,-0.7232
05057,-0.2334
05059,-0.3997
05061,-0.8718
05063,-0.6303
05065,-0.8562
05067,-2.0303
05069,0.3146
05071,-1.0005
05073,-0.8890
05075,-1.8494
05077,-3.9269
05079,-1.4422
05081,-1.4800
05083,-0.1896
05085,0.1911
05087,-0.3463
05089,-0.5969
05091,-0.1327
05093,0.1490
05095,-0.9532
05097,-0.7637
05099,-0.9022
05101,-1.2575
05103,-0.7582
05105,0.0835
05107,-0.1189
05109,-0.7241
05111,-2.2739
05113,-0.9855
05115,-0.3074
05117,-0.2400
05119,0.8490
05121,-0.8641
05123,-2.0401
05125,0.3692
05127,-0.7310
05129,-0.4047
05131,-0.3587
05133,-0.8696
05135,-1.1317
05137,-0.2981
05139,0.3434
05141,-1.8218
05143,0.2284
05145,-0.4224
05147,-0.7146
05149,-0.3858
06001,1.6421
06005,0.3084
06007,-0.3710
06009,0.9261
06011,0.1641
06013,1.7102
06015,-1.6068
06017,1.1631
06019,0.6687
06021,-0.2094
06023,-0.0111
06025,1.0279
06027,0.8466
06029,0.1781
06031,0.1633
06033,-1.1055
06035,0.6350
06037,1.2209
06039,0.1473
06041,2.2338
06043,-0.6608
06045,0.2533
06047,-0.3098
06049,-1.5190
06051,1.1076
06053,1.2564
06055,1.0967
06057,0.6859
06059,1.6837
06061,1.4343
06063,-0.1559
06065,0.8008
06067,0.3237
06069,1.1517
06071,0.3418
06073,1.4006
06075,1.8160
06077,0.3967
06079,1.0792
06081,2.2769
06083,1.0388
06085,2.0038
06087,1.4648
06089,-0.5451
06091,0.0450
06093,-0.5994
06095,1.0128
06097,1.0681
06099,-0.0187
06101,0.0251
06103,-0.8545
06105,-0.7695
06107,0.0711
06109,-0.2650
06111,1.6049
06113,1.3562
06115,-1.2426
08001,0.9067
08003,-0.2586
08005,1.4139
08007,0.1125
08009,0.2630
08011,-1.1327
08013,1.8881
08015,0.2252
08017,1.4785
08019,0.6391
08021,1.0514
08023,0.3340
08025,0.1341
08027,-0.2992
08029,0.2640
08031,1.2256
08033,-0.6350
08035,2.3506
08037,2.2469
08039,1.3357
08041,1.0311
08043,-0.0374
08045,1.3470
08047,1.7237
08049,1.1719
08051,2.0819
08055,-1.4606
08057,-0.3778
08059,1.4369
08061,-0.1519
08063,0.5362
08065,1.2525
08067,1.3441
08069,1.2492
08071,0.7937
08073,0.5224
08075,0.3960
08077,0.8350
08081,0.2292
08083,0.3024
08085,0.4448
08087,0.7780
08089,0.3900
08091,1.4089
08093,1.1583
08095,1.3707
08097,2.9547
08099,0.6542
08101,-0.1821
08103,1.3360
08105,-0.1448
08107,1.4936
08109,0.5164
08113,2.0959
08115,0.1852
08117,2.1955
08119,0.3937
08121,1.0271
08123,1.0469
08125,1.5667
09001,2.2500
09003,1.5431
09005,1.3356
09007,1.6618
09009,1.2390
09011,1.1991
09013,1.7051
09015,0.5285
10001,0.5696
10003,1.2985
10005,0.2559
11001,3.0031
12001,0.8126
12003,-0.1837
12005,0.0944
12007,-0.7950
12009,0.4889
12011,0.9556
12013,-1.4929
12015,-0.2753
12017,-0.9173
12019,0.4726
12021,1.1146
12023,-0.6310
12027,-0.5111
12029,-0.5368
12031,0.4453
12033,0.0187
12035,0.1441
12037,-1.2302
12039,0.0629
12041,-0.9978
12043,-0.7393
12045,-0.6739
12047,-1.1164
12049,0.0054
12051,-0.4309
12053,-0.4628
12055,-0.2557
12057,0.7571
12059,-0.4701
12061,0.0301
12063,0.4169
12065,0.2655
12067,0.5964
12069,0.2413
12071,0.5075
12073,1.3245
12075,-1.2051
12077,-0.1123
12079,-0.0383
12081,0.5806
12083,-0.3185
12085,0.7169
12086,1.1161
12087,1.2341
12089,0.3083
12091,0.5458
12093,-0.5638
12095,0.9828
12097,0.0990
12099,0.9042
12101,-0.2149
12103,0.3250
12105,0.0031
12107,-0.9277
12109,1.2367
12111,-0.1248
12113,0.0734
12115,0.2681
12117,1.1344
12119,-0.3450
12121,-0.7431
12123,-0.5302
12125,-0.0805
12127,0.3289
12129,0.2779
12131,-0.5560
12133,-0.4712
13001,-0.2911
13003,-0.8344
13005,0.0504
13007,-0.2744
13009,0.2129
13011,-0.1852
13013,0.0634
13015,0.1876
13017,-1.4729
13019,-0.7728
13021,0.8815
13023,0.3925
13025,-0.9591
13027,0.9033
13029,0.7217
13031,0.5746
13033,0.2143
13035,0.9369
13037,0.7075
13039,0.3811
13043,-2.1184
13045,0.1504
13047,0.0153
13049,0.0284
13051,0.9937
13053,-2.4709
13055,-0.6269
13057,1.3537
13059,1.0952
13061,1.6366
13063,-0.8239
13065,0.4167
13067,1.8586
13069,-0.5443
13071,-0.2725
13073,1.2404
13075,-0.0361
13077,1.1847
13079,-0.8714
13081,-0.8078
13083,-0.6283
13085,-0.2799
13087,-0.1449
13089,1.8970
13091,0.2025
13093,-0.4443
13095,0.1011
13097,0.3804
13099,0.7550
13101,0.1168
13103,0.6690
13105,-1.5558
13107,-0.1768
13109,-0.1530
13111,-1.1210
13113,1.9639
13115,-0.1894
13117,1.8526
13119,-0.0557
13121,2.6488
13123,-0.3794
13125,-0.2638
13127,0.9349
13129,-0.0429
13131,0.2380
13133,0.2209
13135,1.3946
13137,-0.1047
13139,0.7823
13141,-0.6643
13143,-1.2893
13145,1.1169
13147,0.2414
13149,-1.6077
13151,1.0474
13153,0.7621
13155,-0.8790
13157,0.1163
13159,-1.6139
13161,-0.0673
13163,-0.1210
13165,0.1775
13167,0.4532
13169,-0.0389
13171,-1.3340
13173,-0.1545
13175,0.5739
13177,0.9320
13179,0.3128
13181,-1.0925
13183,-0.2207
13185,0.4687
13187,-0.0766
13189,-0.3205
13191,-1.0009
13193,-0.6525
13195,-0.4319
13197,-1.3450
13199,-0.3846
13201,-0.2247
13205,0.2022
13207,0.6753
13209,0.6690
13211,0.4430
13213,-0.5162
13215,0.3900
13217,0.3661
13219,1.5811
13221,-0.3103
13223,0.6453
13225,-1.0793
13227,-0.2243
13229,0.3603
13231,0.5699
13233,-0.6743
13235,-0.0933
13237,0.2270
13239,-0.5073
13241,-0.3820
13243,1.0355
13245,-0.6760
13247,0.4533
13249,-0.1121
13251,-0.0696
13253,-0.7044
13255,0.1179
13257,-0.8100
13259,1.8443
13261,0.3976
13263,0.3162
13267,-0.7783
13269,-0.5760
13271,-0.1068
13273,0.0048
13275,0.3513
13277,0.2293
13279,0.2896
13281,-0.0690
13283,-1.2891
13285,-0.1775
13287,0.0891
13289,-0.5240
13291,0.0823
13293,-0.5638
13295,-0.6796
13297,0.6029
13299,0.0306
13301,0.5762
13303,0.2338
13305,0.0562
13309,0.2003
13311,-0.0619
13313,0.1211
13315,-0.0420
13317,-0.7455
13319,0.0307
13321,-0.2386
15003,1.0469
16001,0.9732
16003,0.6376
16005,0.4661
16007,0.9158
16009,-0.0897
16011,0.6668
16013,1.7698
16015,0.0853
16017,-0.0224
16019,0.8230
16021,-0.2985
16023,0.3976
16025,-0.6488
16027,-0.2057
16029,0.7053
16031,0.5454
16035,-0.3303
16037,0.0205
16039,0.3627
16041,0.5490
16043,1.1665
16045,-0.2382
16047,0.6662
16049,-0.6625
16051,0.8584
16053,0.0897
16055,-0.0950
16057,0.5693
16059,-1.3529
16061,-1.2077
16063,0.6258
16065,0.8275
16067,0.0189
16069,0.3009
16071,0.7588
16073,-0.1708
16075,-0.4836
16077,0.8336
16079,-0.3005
16081,0.6813
16083,0.0578
16085,-0.0180
16087,0.1834
17001,-0.0621
17003,-1.1585
17005,0.5158
17007,0.6015
17009,-0.1096
17011,-0.1912
17013,-0.3970
17015,0.6514
17017,-0.0158
17019,0.9230
17021,-0.5294
17023,-0.0679
17025,-0.7417
17027,0.7164
17029,-0.5245
17031,1.3636
17033,-0.8659
17035,-0.5462
17037,1.0432
17039,0.0895
17041,0.8757
17043,1.9055
17045,-0.6977
17047,0.1607
17049,0.4200
17051,-0.5359
17053,0.6123
17055,-1.5152
17057,-0.5501
17059,-0.4564
17061,-0.4660
17063,0.8540
17065,-0.0286
17067,0.2228
17069,-1.5287
17071,0.1016
17073,0.6003
17075,-0.0398
17077,-0.3138
17079,0.1812
17081,-0.3480
17083,0.8663
17085,0.4559
17087,0.2497
17089,1.6261
17091,0.1431
17093,1.6663
17095,-0.6458
17097,1.9626
17099,-0.1726
17101,-0.8875
17103,0.3738
17105,-0.0411
17107,0.4342
17109,-0.0631
17111,1.4078
17113,1.1603
17115,-0.0232
17117,-0.1506
17119,0.1494
17121,-1.2919
17123,0.0502
17125,-0.4313
17127,-0.2664
17129,0.9495
17131,-0.0007
17133,1.3640
17135,-0.3767
17137,-0.7478
17139,-0.0883
17141,0.4941
17143,0.4236
17145,-0.7044
17147,0.9622
17149,-0.7152
17151,0.3662
17153,-1.7605
17155,0.1225
17157,-0.0545
17159,-0.0196
17161,0.0456
17163,0.6306
17165,-0.8157
17167,0.4670
17169,-0.2975
17171,0.4752
17173,0.2564
17175,0.0878
17177,-0.3793
17179,0.3271
17181,-0.4611
17183,-0.7997
17185,0.6623
17187,-0.1234
17189,0.6198
17191,-0.1280
17193,-1.1609
17195,-0.2554
17197,1.3231
17199,-0.9981
17201,0.1666
17203,1.2232
18001,-0.3537
18003,0.3064
18005,0.2748
18007,0.3507
18009,-1.2045
18011,1.7491
18013,-0.0322
18015,1.0008
18017,-0.0811
18019,-0.1163
18021,-0.3797
18023,0.1217
18025,-0.6943
18027,0.3399
18029,0.5750
18031,-0.2643
18033,-0.0861
18035,-0.6607
18037,1.0164
18039,-0.1420
18041,-1.4335
18043,0.0149
18045,-0.4421
18047,0.2269
18049,-0.1493
18051,0.5558
18053,-0.8960
18055,-0.5728
18057,2.0406
18059,1.0490
18061,-0.0238
18063,1.3600
18065,-0.3373
18067,-0.6012
18069,-0.2417
18071,-0.1489
18073,0.3068
18075,-0.6821
18077,-0.2209
18079,-0.7922
18081,0.7761
18083,-0.2969
18085,-0.0178
18087,-0.2017
18089,0.5268
18091,-0.4576
18093,-0.9910
18095,-0.4375
18097,-0.0595
18099,0.1153
18101,0.0680
18103,-0.8269
18105,0.3738
18107,0.0744
18109,-0.0115
18111,-0.0485
18113,-0.0406
18115,-0.0077
18117,-0.5538
18119,-0.2531
18121,-1.0759
18123,0.1457
18125,-0.1631
18127,0.6476
18129,0.5813
18131,-0.1816
18133,0.1190
18135,-0.7208
18137,-0.1378
18139,-0.1921
18141,0.1191
18143,-0.7799
18145,0.0564
18147,0.5717
18149,-1.3706
18151,0.2196
18153,0.0311
18155,-0.4564
18157,0.5285
18159,0.8374
18161,0.1583
18163,-0.1953
18165,-0.3836
18167,-0.5400
18169,0.1479
18171,0.2282
18173,1.1633
18175,-0.9292
18177,-0.9127
18179,0.1480
18181,0.0721
18183,0.5920
19001,0.6602
19003,0.8998
19005,-0.0877
19007,-0.8084
19009,0.5518
19011,0.4999
19013,0.0515
19015,0.5527
19017,1.0355
19019,0.7080
19021,0.8218
19023,0.7424
19025,0.2856
19027,0.3283
19029,-0.4502
19031,0.6540
19033,0.1001
19035,1.2437
19037,0.4669
19039,0.4275
19041,-0.0507
19043,0.4676
19045,-0.2200
19047,0.7525
19049,1.6803
19051,0.5836
19053,0.1851
19055,0.6192
19057,-0.3107
19059,0.7931
19061,0.6719
19063,0.4017
19065,0.1064
19067,-0.0866
19069,0.4697
19071,0.1232
19073,0.7365
19075,0.9207
19077,0.6591
19079,0.3182
19081,0.3354
19083,0.6837
19085,0.4459
19087,-0.0676
19089,0.7106
19091,0.5999
19093,0.1183
19095,0.7873
19097,0.3579
19099,-0.2404
19101,0.8330
19103,1.5938
19105,0.6091
19107,0.5058
19109,1.1496
19111,-0.8963
19113,0.9161
19115,0.1256
19117,-0.5103
19119,1.1121
19121,0.7897
19123,-0.0984
19125,0.9679
19127,0.0714
19129,1.1857
19131,0.9494
19133,-0.1141
19135,0.2986
19137,-0.7614
19139,-0.1125
19141,0.8342
19143,1.3999
19145,0.2792
19147,0.5408
19149,1.3722
19151,0.6155
19153,0.8953
19155,-0.1143
19157,0.2867
19159,-0.0194
19161,0.6848
19163,0.7668
19165,0.3395
19167,1.3382
19169,1.3992
19171,0.2066
19173,0.5402
19175,-0.9416
19177,-0.5255
19179,-0.9025
19181,1.3000
19183,0.5536
19185,-0.3536
19187,-0.4794
19189,0.7932
19191,1.1780
19193,0.0919
19195,-0.7109
19197,0.8544
20001,0.2808
20003,-0.5402
20005,-0.0924
20007,-0.4755
20009,0.7071
20011,0.4026
20013,-0.7563
20015,1.0031
20017,0.5204
20019,0.4443
20021,-0.8961
20023,0.5578
20025,0.2821
20027,0.4293
20029,-0.2525
20031,0.5973
20033,1.2032
20035,-0.2497
20037,-0.0956
20039,-0.0721
20041,0.5631
20043,0.1395
20045,1.0472
20047,0.5566
20049,-1.0364
20051,1.5233
20053,0.6699
20055,0.7893
20057,0.4970
20059,0.5164
20061,0.1189
20063,1.1480
20065,1.2678
20067,0.6912
20069,0.5994
20071,1.9506
20073,-0.3148
20075,0.7742
20077,0.6641
20079,1.0892
20081,0.7236
20083,1.8631
20085,0.5210
20087,1.1030
20089,0.3076
20091,2.0007
20093,0.5399
20095,0.4343
20097,1.0187
20099,0.0530
20101,0.8800
20103,0.8795
20105,0.3042
20107,0.0527
20109,0.5226
20111,-0.0996
20113,0.9738
20115,0.8160
20117,0.6261
20119,0.9918
20121,0.4600
20123,0.7741
20125,-0.4733
20127,0.1059
20129,1.1169
20131,1.0979
20133,-0.2653
20135,0.3359
20137,0.7914
20139,0.0093
20141,0.8755
20143,0.5960
20145,0.6080
20147,1.0230
20149,1.2520
20151,0.8184
20153,-0.0428
20155,0.1922
20157,0.3764
20159,0.5698
20161,1.2981
20163,-0.2682
20165,0.5820
20167,0.7471
20169,0.2824
20171,2.2473
20173,0.4450
20175,0.4101
20177,0.4461
20179,0.6454
20181,-0.9427
20183,0.4475
20185,0.0656
20187,1.6764
20189,1.8787
20191,0.4245
20193,0.7066
20195,1.9968
20197,1.1335
20201,1.5355
20203,0.3316
20205,-0.1643
20207,-2.3841
20209,-0.2414
21001,-1.0194
21003,-1.4810
21005,-0.3808
21007,-0.1427
21009,-0.3700
21011,-2.4826
21013,-2.0876
21015,1.0232
21017,-0.3371
21019,-0.8821
21021,-0.6073
21023,-0.5757
21025,-2.6531
21027,-1.3700
21029,0.0791
21031,-1.3350
21033,-0.3971
21035,-0.8583
21037,-0.1700
21039,-0.3460
21041,-2.0681
21043,-1.0476
21045,-1.1088
21047,-0.8837
21049,-0.7878
21051,-2.3197
21053,-2.2639
21055,-0.9528
21057,-1.7467
21059,-0.4828
21061,-0.8076
21063,-3.1528
21065,-1.6830
21067,0.7542
21069,-0.6265
21071,-2.1768
21073,-0.5523
21075,-1.9873
21077,-1.4732
21079,-0.8553
21081,-1.5355
21083,-0.5947
21085,-1.2211
21087,-0.4650
21089,-0.6184
21091,-0.5302
21093,-0.0940
21095,-1.7545
21097,-0.9000
21099,-1.4729
21101,-0.1916
21103,-1.0985
21105,-1.2468
21107,-1.4875
21109,-2.8117
21111,-0.0743
21113,-0.1944
21115,-1.4216
21117,0.3982
21119,-1.9483
21121,-3.2412
21123,-0.4046
21125,-1.0901
21127,-2.5420
21129,-2.1677
21131,-0.8915
21133,-1.6184
21135,-1.5759
21137,-1.0628
21139,-0.0614
21141,-0.6085
21143,-1.1910
21145,-0.0263
21147,-2.6319
21149,-1.0310
21151,-0.3975
21153,-1.2189
21155,-0.2320
21157,0.2381
21159,-2.8322
21161,-1.0669
21163,-0.1776
21165,-0.7832
21167,-0.0906
21169,-0.8750
21171,-2.1347
21173,-1.0867
21175,-1.2034
21177,-0.8943
21179,-0.4884
21181,0.1870
21183,-0.8085
21185,1.6519
21187,0.6150
21189,-3.3711
21191,-1.0086
21193,-2.2730
21195,-1.1486
21197,-2.1407
21199,-0.9617
21203,-1.0392
21205,-0.8582
21207,-1.3734
21209,0.0731
21211,0.9746
21213,-0.0012
21215,0.1693
21217,-1.7554
21219,-1.0704
21221,0.0554
21223,-0.0782
21225,-0.3746
21227,-0.1310
21229,-0.2518
21231,-1.7797
21233,-0.5114
21235,-1.8612
21237,-4.2257
21239,0.9307
22001,-0.2934
22003,-0.6300
22005,1.1062
22007,0.3083
22009,-0.8869
22011,-0.2056
22013,0.6703
22015,0.8301
22017,0.4367
22019,-0.0719
22021,0.0236
22023,-0.0860
22025,-0.0698
22027,-0.2081
22029,-1.0124
22031,0.4064
22033,1.1637
22035,-2.5268
22037,-0.0144
22039,-0.5316
22041,-1.2524
22043,-0.2519
22045,-0.5321
22047,-0.8370
22049,-0.0589
22051,-0.0927
22053,-0.1435
22055,1.0020
22057,0.0545
22059,0.4955
22061,0.1515
22063,0.3063
22065,0.5098
22067,-0.5170
22069,-0.0537
22071,1.4486
22073,0.5513
22075,0.3039
22077,0.7252
22079,-0.2017
22081,-0.5495
22083,-0.3207
22085,-0.3534
22087,-0.8452
22089,0.7189
22091,-0.2738
22093,1.8800
22095,-0.4582
22097,-0.9465
22099,-0.0678
22101,-0.7206
22103,0.6618
22105,0.3063
22107,-2.8736
22109,-0.1217
22111,-0.0221
22113,-0.0856
22115,-0.3030
22117,-1.5620
22119,-0.2677
22121,-0.1022
22123,-1.2101
22125,1.3004
22127,-0.7843
23001,-0.7324
23003,-0.4349
23005,0.9280
23007,-0.7254
23009,-0.1331
23011,-0.3218
23013,-0.1023
23015,0.3535
23017,-0.7098
23019,-0.2508
23021,-0.2679
23023,0.5665
23025,-0.8372
23027,-0.9325
23029,-1.3367
23031,0.4422
24001,-0.5769
24003,1.6564
24005,1.0604
24009,1.7124
24011,0.3909
24013,1.6933
24015,0.5994
24017,1.4047
24019,0.0190
24021,1.7599
24023,0.1732
24025,1.5303
24027,2.6394
24029,1.0683
24031,2.7273
24033,1.4102
24035,1.6250
24037,1.2949
24039,-0.5260
24041,1.4873
24043,0.2954
24045,0.3498
24047,1.0286
24510,-0.1047
25001,1.1597
25003,0.4169
25005,0.2646
25007,2.0463
25009,1.3766
25011,0.0312
25013,0.4806
25015,1.1933
25017,1.8730
25019,1.6881
25021,1.8456
25023,1.1945
25025,0.4099
25027,1.1745
26001,-1.1607
26003,-0.7398
26005,0.3000
26007,-0.6650
26009,-0.7836
26011,-1.1326
26013,0.1154
26015,0.0799
26017,-0.4683
26019,-0.8021
26021,0.1167
26023,-0.5886
26025,-0.7096
26027,-0.3592
26029,-0.0030
26031,-1.8898
26033,-0.2278
26035,-2.1966
26037,0.8576
26039,-2.8423
26041,-0.3238
26043,0.3817
26045,0.3195
26047,0.3705
26049,-0.5202
26051,-1.4422
26053,-0.8851
26055,0.2411
26057,-0.7004
26059,-0.8754
26061,-0.5248
26063,-0.3616
26065,0.4881
26067,-0.6962
26069,-1.7543
26071,-0.5459
26073,-0.3240
26075,-0.4812
26077,0.0153
26079,-1.7248
26081,0.5293
26085,-3.1179
26087,-0.0523
26089,0.9567
26091,-0.1417
26093,1.1825
26095,-0.7808
26097,-0.7882
26099,0.1609
26101,-0.5534
26103,0.6218
26105,-0.7583
26107,-0.8553
26109,-0.2245
26111,0.5681
26113,-0.9319
26115,0.1785
26117,-1.2577
26119,-1.7506
26121,-0.8102
26123,-1.2163
26125,1.2079
26127,-0.7677
26129,-0.9224
26131,-0.3401
26133,-1.3749
26135,-2.2842
26137,-0.5983
26139,0.9079
26141,-0.5298
26143,-2.8875
26145,-0.1459
26147,-0.1425
26149,-0.5981
26151,-0.9139
26153,-0.8462
26155,-0.6266
26157,-1.0602
26159,-0.2078
26161,1.4943
26163,-0.0670
26165,-1.1136
27001,-0.4689
27003,1.1702
27005,0.7044
27007,0.4484
27009,0.6853
27011,1.1573
27013,0.9424
27015,0.6559
27017,0.6696
27019,1.7803
27021,0.2274
27023,0.7656
27025,0.9184
27027,0.8122
27029,-0.4422
27031,1.0997
27033,0.6398
27035,0.3353
27037,1.6454
27039,1.3878
27041,0.8257
27043,0.4629
27045,0.5704
27047,0.6620
27049,1.1679
27051,0.1517
27053,1.7597
27055,0.7021
27057,0.1943
27059,0.2916
27061,0.2410
27063,1.2083
27065,-0.6828
27067,0.6714
27069,1.2350
27071,0.0405
27073,0.5952
27075,1.2417
27077,0.2149
27079,0.7624
27081,0.9609
27083,1.6049
27085,1.2740
27087,0.4989
27089,0.9465
27091,0.8716
27093,0.5787
27095,0.4329
27097,0.0521
27099,0.5986
27101,0.7323
27103,0.1919
27105,0.9812
27107,0.8679
27109,1.5605
27111,0.5069
27113,0.3898
27115,-0.5191
27117,0.7958
27119,0.6619
27121,0.3265
27123,1.0873
27125,0.4515
27127,0.5726
27129,0.8423
27131,1.1915
27133,1.0096
27135,0.5785
27137,0.2800
27139,1.7243
27141,1.4327
27143,0.9090
27145,0.7391
27147,1.1249
27149,0.9530
27151,1.0440
27153,-0.1434
27155,1.1513
27157,1.0316
27159,0.1845
27161,0.9098
27163,1.6557
27165,0.3169
27167,0.3268
27169,0.6903
27171,1.1997
27173,0.5440
28001,-0.2227
28003,-0.3715
28005,-3.4335
28007,0.0162
28009,-0.6679
28011,1.4814
28013,-0.7261
28015,1.2524
28017,-0.2085
28019,0.4242
28021,0.3267
28023,-0.7151
28025,-0.5980
28027,-2.0572
28029,0.2147
28031,-0.3662
28033,0.8510
28035,0.6084
28037,0.2037
28039,-0.3459
28041,0.1812
28043,-0.3323
28045,-0.2955
28047,-0.1908
28049,1.2205
28051,-2.3807
28053,0.8797
28057,0.0801
28059,0.1662
28061,0.0453
28065,0.6266
28067,0.0713
28069,1.0549
28071,1.8451
28073,0.9629
28075,0.0948
28077,-0.2837
28079,-0.0552
28081,0.4331
28083,0.2203
28085,0.2240
28087,0.5778
28089,2.1143
28091,-0.3911
28093,-0.3036
28095,0.3703
28097,0.9574
28099,-0.3193
28101,0.7164
28103,-0.7095
28105,0.2663
28107,-0.0087
28109,-0.3148
28111,0.6073
28113,0.8048
28115,-0.4889
28117,-0.3754
28119,-3.1239
28121,0.8362
28123,-0.2479
28125,-2.4779
28127,-0.5936
28129,0.5041
28131,0.0470
28133,-0.9296
28135,-0.0813
28137,-0.3485
28139,-2.0756
28141,-1.3116
28143,-2.3134
28145,-0.6342
28147,0.4041
28149,0.4921
28151,-1.2357
28153,-0.2645
28155,-1.1465
28157,-1.3976
28159,-0.4605
28161,-1.1009
28163,-0.3139
29001,-0.2025
29003,0.6254
29005,0.1732
29007,0.2176
29009,-0.7413
29011,-0.2216
29013,-0.6950
29015,-1.0730
29017,-0.9376
29019,1.1266
29021,-0.6351
29023,-1.4672
29025,0.0106
29027,0.0990
29029,-0.5920
29031,0.2097
29033,0.3635
29035,-0.7988
29037,0.6781
29039,-1.2449
29041,-0.2493
29043,0.5979
29045,-0.1454
29047,0.9958
29049,0.3033
29051,0.8640
29053,-0.0961
29055,-1.2999
29057,-1.5806
29059,-0.8501
29061,-0.7185
29063,0.2259
29065,-0.9584
29067,-1.2130
29069,-1.2877
29071,-0.0342
29073,-0.1914
29075,-0.0018
29077,-0.1016
29079,-0.3334
29081,-0.3551
29083,-0.8361
29085,-0.0624
29087,-0.1573
29089,-0.1304
29091,-0.7813
29093,-1.3844
29095,0.5690
29097,-0.7112
29099,0.1359
29101,0.1423
29103,-0.6444
29105,-0.8245
29107,0.5012
29109,-0.6469
29111,0.1733
29113,-0.4528
29115,0.3260
29117,-0.2461
29119,-0.8229
29121,-0.4949
29123,-0.9059
29125,-0.7093
29127,-0.3209
29129,-1.0238
29131,-0.6549
29133,-0.7382
29135,0.1940
29137,-0.5350
29139,-1.0937
29141,-1.3570
29143,-0.8317
29145,-0.9411
29147,0.7327
29149,-1.1037
29151,0.7259
29153,-0.2737
29155,-1.0894
29157,0.1010
29159,-0.5872
29161,-0.0492
29163,0.0016
29165,1.3588
29167,-1.0906
29169,0.0289
29171,0.1476
29173,0.0143
29175,-0.8114
29177,0.3701
29179,-1.0869
29181,-2.0560
29183,1.3707
29185,-0.9604
29186,-0.1768
29187,-0.6353
29189,1.5111
29195,-0.7169
29197,-1.9477
29199,0.9826
29201,-0.1749
29203,-1.7026
29205,-0.2458
29207,-1.1374
29209,-1.0680
29211,-1.1892
29213,-0.7547
29215,-0.3935
29217,-1.2637
29219,-0.4230
29221,-1.2644
29223,-0.7741
29225,0.0282
29227,-0.6177
29229,-2.1833
29510,-0.5754
30001,0.5480
30003,-0.6852
30005,-0.0645
30007,0.4600
30009,0.9684
30011,0.4512
30013,0.3744
30015,1.0197
30017,0.3557
30019,1.1651
30021,0.4767
30023,-0.5741
30025,0.0723
30027,0.0984
30029,0.4622
30031,1.1512
30033,0.1257
30035,1.0743
30039,0.9959
30041,0.9046
30043,1.1925
30047,-0.5961
30049,1.1884
30051,1.2912
30053,-1.1403
30055,1.4109
30057,0.8405
30059,0.6496
30061,-0.3231
30063,0.6404
30065,0.8794
30067,0.1522
30071,0.5792
30073,0.5231
30075,0.6137
30077,-0.6596
30081,0.0330
30083,0.6764
30085,1.3181
30087,1.4434
30089,-0.2532
30091,0.9362
30093,-0.1633
30095,0.9055
30097,0.9671
30099,1.0471
30101,0.3417
30105,1.2180
30109,-0.0829
30111,0.8173
31001,0.4396
31003,0.3459
31011,1.1714
31013,0.3952
31015,0.8268
31017,0.5202
31019,0.7435
31021,0.9386
31023,-0.0614
31025,1.1896
31027,0.5215
31029,-0.7365
31031,1.5249
31033,1.2380
31035,0.7780
31037,1.1256
31039,0.4253
31041,0.7987
31043,0.0508
31045,0.4073
31047,-0.2926
31049,1.2916
31051,0.9931
31053,-0.0220
31055,1.1700
31057,0.4558
31059,0.8860
31061,-0.0232
31063,0.5378
31065,0.3972
31067,-0.1645
31069,0.0143
31071,0.1353
31073,0.7708
31075,0.1648
31077,0.1246
31079,0.5262
31081,0.3302
31083,0.4390
31087,0.2265
31089,1.2304
31091,0.8466
31093,0.2758
31095,0.2394
31097,0.7597
31099,0.7017
31101,0.6475
31105,0.4815
31107,0.8529
31109,0.7324
31111,0.5339
31119,0.7032
31121,0.6955
31123,-0.2535
31125,0.6150
31127,0.6386
31129,-0.6953
31131,1.0470
31133,0.5869
31135,1.0812
31137,1.3738
31139,0.9429
31141,0.4086
31143,0.6111
31145,0.4286
31147,-0.3176
31149,1.1766
31151,0.6401
31153,1.5788
31155,1.2258
31157,-0.2655
31159,1.7266
31161,0.1377
31163,0.4153
31165,0.8237
31167,0.5697
31169,0.6292
31173,1.3558
31175,0.7219
31177,1.8085
31179,-0.1985
31181,0.4344
31185,1.2374
32001,0.9698
32003,0.6352
32005,0.9901
32007,1.5440
32011,1.3234
32013,0.6974
32015,0.7959
32017,1.1252
32019,-0.1792
32023,-1.3732
32027,0.1910
32031,0.7203
32033,0.1175
32510,-0.1673
33001,0.5321
33003,0.6118
33005,0.3214
33007,-0.2936
33009,1.2176
33011,1.1624
33013,0.9894
33015,1.5120
33017,0.7768
33019,0.6411
34001,0.8735
34003,2.0593
34005,1.6970
34007,1.1362
34009,0.8045
34011,0.1022
34013,2.1745
34015,1.1097
34017,0.3097
34019,2.1077
34021,1.9108
34023,1.5650
34025,1.8872
34027,2.3021
34029,0.9390
34031,1.3343
34033,0.8108
34035,2.3510
34037,1.4070
34039,1.8681
34041,1.0287
35001,1.0731
35005,0.1185
35006,-0.6777
35007,-0.0201
35009,0.6529
35013,0.5641
35015,0.7561
35017,0.3027
35019,-3.8417
35023,-0.8204
35025,0.4292
35027,0.3128
35028,2.5327
35029,-1.2386
35031,0.0292
35035,-0.0547
35037,-0.1535
35039,0.6317
35041,-0.1584
35043,1.1308
35045,1.1374
35047,0.5442
35049,1.3536
35051,-1.9967
35053,0.7170
35055,-1.2406
35057,0.1545
35059,-0.0515
35061,0.2194
36001,1.2866
36003,-0.4766
36007,0.0638
36009,-0.5335
36011,0.1669
36013,-0.3865
36015,-0.6175
36017,-0.0715
36019,-0.0094
36021,0.8825
36023,0.0526
36025,-0.1572
36027,1.3974
36029,0.6698
36031,-0.0256
36033,0.1664
36035,-1.1224
36037,0.2765
36039,0.3506
36041,1.6541
36043,-0.2971
36045,-0.3436
36049,-0.1951
36051,0.7045
36053,0.4796
36055,1.0980
36057,-0.4716
36059,2.2446
36061,1.1189
36063,0.0767
36065,0.1003
36067,0.8759
36069,0.8683
36071,1.2785
36073,-0.1681
36075,-0.2985
36077,0.1277
36079,1.9453
36083,0.6979
36087,2.1855
36089,-0.2889
36091,1.4959
36093,1.0432
36095,0.3064
36097,0.5347
36099,0.0787
36101,0.0064
36103,1.8547
36105,0.0577
36107,0.1379
36109,1.1206
36111,0.7674
36113,0.4776
36115,0.0460
36117,0.1916
36119,2.4665
36121,0.2823
36123,-0.4292
37001,0.4372
37003,0.0864
37005,-0.9182
37007,0.4605
37009,-0.8712
37011,-0.7093
37013,0.5071
37015,-1.0571
37017,-0.2351
37019,0.0018
37021,0.3698
37023,-0.5259
37025,0.8978
37027,-0.5031
37029,1.0997
37031,-0.2101
37033,-1.4254
37035,0.2123
37037,1.3694
37039,0.0460
37041,-0.1324
37043,-0.7281
37045,-0.5608
37047,-0.3539
37049,0.1910
37051,0.1738
37053,0.8075
37055,0.7907
37057,0.0333
37059,0.7120
37061,-0.0879
37063,1.7688
37065,0.0622
37067,1.0799
37069,0.2551
37071,-0.4114
37073,-0.4530
37075,-0.9907
37077,0.4748
37079,0.4621
37081,1.0321
37083,0.0999
37085,0.0827
37087,0.0416
37089,0.3147
37091,-1.4428
37093,0.4151
37095,-0.6749
37097,0.8203
37099,0.1613
37101,0.6067
37103,0.0961
37105,0.1964
37107,0.3005
37109,-0.1918
37111,-0.7034
37113,-0.5866
37115,-0.2214
37117,-0.4310
37119,1.6315
37121,-0.8079
37123,-0.1856
37125,0.7852
37127,0.5981
37129,0.8908
37131,-1.6182
37133,-0.1363
37135,1.9387
37137,0.5344
37139,0.0079
37141,0.5382
37143,0.3073
37145,-0.3462
37147,0.7532
37149,0.0089
37151,-0.5180
37153,-0.6194
37155,-0.9817
37157,-0.5935
37159,0.1090
37161,-1.0817
37163,0.4112
37165,-1.0329
37167,0.6499
37169,-0.7199
37171,-0.3759
37173,0.1262
37175,-0.0141
37177,-0.1609
37179,1.2685
37181,-0.7481
37183,2.0052
37185,-0.2489
37187,-0.4157
37189,0.7964
37191,0.1037
37193,-0.5919
37195,0.9665
37197,0.0784
37199,-0.3546
38001,1.4697
38003,0.8102
38005,0.0896
38007,1.0665
38009,0.7812
38011,1.6239
38015,1.3127
38017,1.1432
38019,0.2979
38021,1.0803
38023,1.1256
38025,1.6929
38027,0.1318
38029,0.2237
38035,0.9679
38037,0.5039
38039,1.0005
38041,0.5458
38043,-0.1887
38045,1.5280
38047,1.1464
38049,0.4840
38051,1.2418
38053,1.5982
38055,1.5276
38057,1.4595
38059,1.0535
38061,1.6469
38063,0.7755
38065,1.0253
38067,1.1888
38069,0.9425
38071,0.6628
38073,0.9271
38075,1.3886
38077,1.3035
38079,1.5909
38081,0.8003
38085,0.5278
38089,0.8813
38091,0.7499
38093,1.1432
38095,-0.0136
38097,1.4738
38099,0.8553
38101,0.8587
38103,1.1270
38105,1.1034
39001,-1.4627
39003,-0.4373
39005,0.0450
39007,-0.6313
39009,-1.1188
39011,0.5707
39013,-0.6499
39015,-0.2522
39017,0.3391
39019,0.1455
39021,-0.0943
39023,-0.7515
39025,0.3620
39027,-0.2282
39029,-0.9154
39031,-1.2226
39033,-0.7926
39035,0.5572
39037,0.0084
39039,-0.3424
39041,1.8256
39043,0.2475
39045,0.2343
39047,-0.9019
39049,0.6624
39051,0.2031
39053,-0.9142
39055,1.1290
39057,0.4952
39059,-1.6552
39061,0.9238
39063,0.4671
39065,-0.2472
39067,-1.0535
39069,-0.0239
39071,-0.9293
39073,-0.8733
39075,0.6174
39077,-0.4901
39079,-2.2400
39081,-1.0252
39083,-0.1170
39085,0.6668
39087,-0.9899
39089,0.0103
39091,-0.7492
39093,0.2622
39095,-0.2459
39097,0.4077
39099,0.0303
39101,-0.8605
39103,1.2164
39105,-1.5865
39107,0.8547
39109,0.3226
39111,-0.7262
39113,0.0419
39115,-1.4239
39117,-0.0157
39119,-1.0468
39121,-1.1001
39123,0.5236
39125,-0.4366
39127,-1.1277
39129,-0.2235
39131,-2.3915
39133,0.0278
39135,0.0575
39137,1.1175
39139,-0.2990
39141,-1.3327
39143,0.1248
39145,-1.4686
39147,-0.1415
39149,-0.2023
39151,-0.0072
39153,0.3748
39155,-0.5199
39157,0.0040
39159,0.8906
39161,-0.3206
39163,-1.5961
39165,1.1939
39167,-0.3112
39169,0.1575
39171,-0.7159
39173,0.2059
39175,0.3267
40001,-0.6030
40003,0.9592
40005,-0.7734
40007,0.9452
40009,-0.2034
40011,-0.2294
40013,-0.6291
40015,-0.1993
40017,0.8875
40019,0.0725
40021,-0.6720
40023,-0.8127
40027,0.8078
40029,-1.0520
40031,-0.1513
40033,-0.0910
40035,0.1044
40037,-0.3785
40039,0.7761
40041,-0.8145
40043,1.0411
40045,0.4834
40047,-0.3698
40049,0.1412
40051,0.0203
40053,0.0005
40055,1.4518
40057,-0.0689
40059,0.5961
40061,0.0044
40063,-0.4567
40065,0.3460
40067,-1.5603
40069,-1.6118
40071,-0.4272
40073,0.6838
40075,-0.0016
40077,-0.2294
40079,-1.1634
40081,0.1244
40083,-0.0939
40085,0.1081
40087,0.9570
40089,-1.2276
40091,-0.3448
40093,1.0064
40095,-0.1900
40097,-0.3175
40099,-0.7628
40101,-0.6194
40103,0.6473
40105,0.4013
40107,-0.8334
40109,0.4352
40111,-0.7127
40113,0.1533
40115,-0.9127
40117,-0.7824
40119,0.3444
40121,-0.2081
40123,-0.2767
40125,-0.6711
40127,-3.1055
40129,1.0953
40131,0.4945
40133,-1.5674
40135,-1.4114
40137,0.1542
40139,0.7745
40141,-0.0645
40143,0.7271
40145,-0.7903
40147,-0.0062
40149,-0.0585
40151,0.7099
40153,0.9127
41001,-0.5063
41003,0.7689
41005,0.7444
41007,-0.0197
41009,-0.1271
41011,-0.5978
41013,-0.7912
41015,-0.9640
41017,0.2867
41019,-1.2170
41023,-0.1053
41025,-0.5839
41027,0.7731
41029,-0.5946
41031,-1.2073
41033,-0.9836
41035,-0.7891
41037,-0.8284
41039,-0.2137
41041,-0.5397
41043,-0.2443
41045,-0.1608
41047,-0.2825
41049,-0.1995
41051,0.2748
41053,0.3601
41055,-0.0648
41057,-0.6317
41059,-0.2735
41061,-0.2252
41063,-0.0709
41065,-0.2598
41067,1.0120
41071,0.2695
42001,0.7660
42003,0.9077
42005,-0.3250
42007,0.3196
42009,-0.3142
42011,0.9294
42013,-0.2112
42015,-0.2943
42017,1.6104
42019,0.9532
42021,-0.3924
42023,-0.0503
42025,-0.1980
42027,1.2825
42029,2.2217
42031,-0.1372
42033,-0.5452
42035,-0.3137
42037,0.5696
42039,-0.3838
42041,1.4335
42043,1.0780
42045,1.3121
42047,-0.6030
42049,-0.2214
42051,-1.5896
42053,-0.0196
42055,0.7881
42057,-0.1814
42059,-0.5171
42061,0.1185
42063,0.0949
42065,-0.3140
42067,0.4560
42069,0.0907
42071,1.0054
42073,-0.2362
42075,0.8196
42077,1.0580
42079,-0.0925
42081,-0.0903
42083,-0.7286
42085,-0.2734
42087,-0.4059
42089,0.2987
42091,1.8832
42093,0.7820
42095,1.0328
42097,-0.4030
42099,0.3117
42101,-0.4357
42103,0.3309
42105,-0.5433
42107,-0.0708
42109,0.3900
42111,-0.3355
42113,0.4410
42115,-0.1854
42117,-0.3794
42119,0.4634
42121,-0.7235
42123,0.0211
42125,0.5973
42127,0.2700
42129,0.5407
42131,0.3110
42133,0.9090
44001,1.5364
44003,0.7961
44005,1.2713
44007,0.3232
44009,1.5086
45001,-0.6797
45003,0.3875
45005,2.4526
45007,0.0134
45009,0.9355
45011,0.0606
45013,1.3375
45015,0.2747
45017,0.3206
45019,1.3859
45021,-1.0257
45023,-1.7220
45025,-0.3030
45027,-0.8548
45029,-0.6104
45031,-0.0480
45033,-0.3894
45035,1.0329
45037,0.6315
45039,0.1587
45041,0.5545
45043,-0.0948
45045,0.6747
45047,0.3022
45049,0.2561
45051,-0.1062
45053,-2.4006
45055,0.0798
45057,-0.4633
45059,-0.6519
45061,-1.3670
45063,0.6147
45065,1.4641
45067,-0.5474
45069,-1.6379
45071,0.6450
45073,-0.2582
45075,-0.2209
45077,-0.0006
45079,1.7527
45081,0.7765
45083,0.4859
45087,-0.9308
45089,-0.2621
45091,0.6179
46003,0.8559
46005,1.1633
46007,0.1087
46009,0.9255
46011,1.1908
46013,1.2143
46015,1.3742
46019,0.5175
46023,1.3746
46025,0.4486
46027,1.3359
46029,0.7234
46031,0.5484
46033,0.9992
46035,0.5558
46037,1.0223
46039,1.3670
46041,1.8090
46043,1.3899
46045,1.8268
46047,0.9130
46049,0.6329
46051,0.4998
46053,0.3965
46055,0.5937
46057,0.9329
46059,1.0878
46061,0.9663
46063,1.4296
46065,1.9166
46067,1.0458
46069,0.7856
46071,1.5954
46075,-0.2613
46077,1.5777
46079,0.8029
46081,0.5314
46083,1.6131
46085,0.3146
46087,0.9262
46089,0.9925
46091,1.4417
46093,0.4724
46095,1.8950
46097,0.8155
46099,1.0856
46101,0.9797
46103,0.6213
46105,1.4450
46107,1.2612
46109,0.8928
46111,1.0323
46115,1.0858
46117,0.7156
46119,1.7116
46121,1.1080
46123,0.3121
46125,1.0779
46127,1.5770
46129,1.3037
46135,0.7221
46137,1.4009
47001,-0.2851
47003,-0.5308
47005,-1.3653
47007,-1.5392
47009,0.1128
47011,-0.5859
47013,-1.2338
47015,-0.8240
47017,-1.0078
47019,-1.5540
47021,0.2941
47023,-0.4346
47025,-1.0757
47027,-0.8868
47029,-2.2263
47031,-0.7978
47033,-0.8980
47035,-0.5937
47037,0.0462
47039,-2.0024
47041,-0.6376
47043,0.1067
47045,-0.4267
47047,-0.2469
47049,-1.2278
47051,-0.5972
47053,-0.2776
47055,-0.5370
47057,-0.7350
47059,-0.8509
47061,-2.7266
47063,-0.8456
47065,0.3589
47067,-2.8769
47069,-0.0642
47071,-1.9212
47073,-1.4800
47075,-2.1965
47077,-0.7547
47079,-1.4835
47081,-0.4843
47083,-0.9420
47085,-0.3885
47087,-0.7802
47089,-0.7426
47091,-2.4588
47093,0.7578
47095,-2.4563
47097,-0.4511
47099,-0.5399
47101,-1.7426
47103,-0.1804
47105,-0.2376
47107,-0.7514
47109,-1.1837
47111,-1.6158
47113,0.3058
47115,-1.2764
47117,-0.6189
47119,-0.0039
47121,-3.4276
47123,-1.1367
47125,0.1108
47127,-0.9081
47129,-1.1873
47131,-0.0363
47133,-0.1600
47135,-2.3142
47137,-0.1774
47139,-0.8621
47141,-0.4153
47143,-1.7448
47145,-0.5228
47147,0.3319
47149,0.4980
47151,-1.8387
47153,-0.9667
47155,-0.3829
47157,1.1764
47159,-0.6664
47161,-0.9509
47163,-0.4094
47165,0.3257
47167,-0.1959
47169,0.3171
47171,-0.6749
47173,-1.5419
47175,-1.5961
47177,-0.8684
47179,-0.1306
47181,-0.6010
47183,-0.8585
47185,-0.8701
47187,2.0888
47189,0.8827
48001,0.3605
48003,0.0379
48005,-0.2316
48007,0.0863
48009,1.0511
48011,1.2020
48013,0.3164
48015,1.3637
48017,0.1600
48019,-0.5903
48021,0.2093
48023,1.8584
48025,0.2531
48027,0.2495
48029,1.1475
48031,1.2001
48035,-0.2013
48037,0.1333
48039,1.2957
48041,1.4022
48043,1.2537
48045,0.9233
48047,-2.1520
48049,-0.0348
48051,-0.0411
48053,0.4380
48055,0.5053
48057,0.5189
48059,0.3820
48061,0.5403
48063,-0.8816
48065,1.5590
48067,-0.8014
48069,0.8591
48071,1.4082
48073,0.2311
48075,0.3359
48077,-0.1836
48079,0.6628
48081,0.6709
48083,-1.8954
48085,2.0711
48087,1.5808
48089,1.2747
48091,1.4428
48093,-0.4841
48095,0.7049
48097,-0.1803
48099,-0.0163
48101,0.7497
48103,0.3741
48105,1.8738
48107,0.2455
48109,3.5010
48111,0.8371
48113,1.0556
48115,0.9974
48117,0.9142
48119,-0.3452
48121,1.6560
48123,0.4567
48125,0.0345
48127,0.6843
48129,0.8244
48131,0.4761
48133,-0.5347
48135,0.2431
48139,1.0399
48141,0.7070
48143,0.5500
48145,-1.5958
48147,0.1574
48149,1.1924
48151,0.3446
48153,1.9867
48155,-1.4540
48157,2.0265
48159,0.4566
48161,0.8822
48163,-0.9704
48165,1.1243
48167,1.3215
48169,0.5590
48171,1.3892
48173,2.6137
48175,1.4144
48177,-0.3063
48179,-0.0929
48181,0.1286
48183,0.8155
48185,0.8731
48187,1.1742
48189,0.1278
48191,-0.3478
48193,0.6665
48195,1.5822
48199,0.2784
48201,1.5242
48203,0.1422
48205,0.6721
48207,-2.1957
48209,1.5957
48211,1.6241
48213,-0.2770
48215,0.3532
48217,0.4105
48219,0.7843
48221,0.6863
48223,-0.0174
48225,-0.2695
48227,0.3904
48229,1.6043
48231,-0.4325
48233,0.4581
48237,-0.3479
48239,0.3969
48241,-0.3457
48243,2.1469
48245,0.4309
48247,1.6035
48249,1.0825
48251,0.5144
48253,0.4074
48255,0.9347
48257,0.0242
48259,2.1525
48265,-0.1708
48267,0.2365
48271,-3.6082
48273,0.4622
48275,1.1756
48277,0.1546
48279,0.8263
48281,0.0229
48283,0.7442
48285,0.4351
48287,1.4064
48289,0.0522
48291,-0.1158
48293,0.7833
48295,0.9248
48297,0.9593
48299,-1.1157
48303,1.0348
48305,1.4802
48307,0.7878
48309,0.3946
48313,0.0992
48315,-0.7913
48317,0.6536
48319,0.3936
48321,0.6677
48323,-0.0028
48325,0.8998
48329,1.1234
48331,0.2921
48333,-0.0933
48335,-0.4463
48337,0.5158
48339,1.2160
48341,1.2691
48343,0.2790
48345,0.5884
48347,0.4252
48349,-0.1131
48351,-0.0874
48353,-0.1486
48355,0.4925
48357,1.2845
48361,-0.2277
48363,0.3532
48365,0.4280
48367,0.9185
48369,1.3981
48371,1.2368
48373,-2.0187
48375,0.2960
48377,2.1099
48379,0.1890
48381,1.2833
48383,1.7703
48385,-0.7607
48387,-0.4762
48389,1.4555
48391,0.4803
48395,-0.2971
48397,1.4928
48399,-0.1053
48401,0.4684
48403,-0.2298
48405,-1.8183
48407,-0.3940
48409,0.7020
48411,-1.6682
48413,1.7918
48415,-0.4108
48417,1.1438
48419,-0.4038
48421,1.6071
48423,0.6901
48425,1.7577
48427,0.9180
48429,-0.2386
48435,1.5055
48437,0.8972
48439,1.0447
48441,0.5256
48445,1.5367
48449,0.5408
48451,0.6578
48453,1.7948
48455,0.0642
48457,-1.1593
48459,-0.0476
48461,0.0124
48463,0.2076
48465,1.1394
48467,0.1161
48469,0.6445
48471,0.3608
48473,0.4438
48475,0.4277
48477,1.6336
48479,0.0164
48481,1.1564
48483,0.0837
48485,0.2601
48487,0.0286
48489,-0.9669
48491,1.6123
48493,1.3049
48495,-1.0508
48497,0.5411
48499,-0.1137
48501,1.3361
48503,-0.2019
48505,2.6546
48507,-5.8175
49001,0.1260
49003,0.9277
49005,1.1670
49007,0.1293
49011,1.5527
49013,1.1248
49015,0.7830
49017,0.8996
49019,1.3280
49021,0.2542
49023,0.3507
49025,0.4781
49027,0.6150
49029,1.8974
49031,0.5806
49033,1.7781
49035,1.1853
49037,1.3093
49039,0.5170
49041,0.6383
49043,2.3341
49045,0.8631
49047,0.8771
49049,1.4471
49051,1.6224
49053,0.6985
49055,1.3986
49057,0.8296
50001,0.6463
50003,0.1107
50005,-0.0899
50007,1.1871
50009,-1.4110
50011,0.3702
50013,0.5769
50015,0.5342
50017,0.3155
50019,0.0877
50021,-0.2645
50023,0.8128
50025,0.1633
50027,0.4879
51001,0.3535
51005,0.5511
51007,1.2115
51009,0.4558
51011,0.2698
51013,3.1040
51015,0.5422
51021,-0.1714
51023,1.3502
51025,-0.0597
51027,-1.5856
51029,-1.6469
51031,0.0668
51033,0.4344
51035,-0.4907
51036,1.0547
51037,0.5111
51041,1.6140
51043,1.5891
51045,1.0825
51047,1.0063
51049,-0.2320
51051,-1.4125
51053,0.0589
51057,1.3349
51059,2.8515
51061,1.8005
51063,-0.5588
51065,1.5166
51067,-0.5877
51071,-0.1402
51073,1.1627
51075,2.1460
51077,-0.0819
51079,0.7824
51083,-0.0645
51085,1.8493
51087,1.5749
51089,-0.6651
51093,1.3230
51097,1.1380
51099,1.4621
51101,1.0209
51103,1.2530
51105,-0.5773
51107,2.7757
51109,0.7931
51111,-0.7275
51113,0.2090
51115,1.0907
51117,0.5226
51119,0.3437
51121,0.8829
51125,0.3931
51127,1.2863
51131,0.4643
51133,1.3685
51135,-0.1719
51137,0.6224
51139,-0.4194
51141,-0.8292
51143,0.0216
51145,1.6491
51147,1.1912
51149,1.1742
51153,2.1637
51155,-0.4480
51157,0.8109
51159,0.8799
51161,1.5239
51163,0.5822
51167,-0.3752
51169,-0.2691
51171,0.3911
51173,-0.8636
51175,0.6220
51177,1.2452
51179,1.9726
51181,-0.1162
51183,0.0870
51185,-0.5837
51187,0.8830
51191,-0.2763
51193,-0.2180
51195,-1.2019
51197,-0.8412
51199,2.0426
51510,2.3733
51520,-2.4267
51530,-0.8132
51540,1.7946
51550,1.5710
51570,0.6742
51580,-0.8857
51590,-0.0714
51595,0.1042
51610,2.9195
51620,1.6932
51630,0.3951
51640,-1.1088
51650,0.6887
51660,0.6398
51670,-1.4256
51680,0.2335
51683,1.0208
51685,0.8836
51690,0.0299
51700,0.8659
51710,0.3797
51720,-1.0593
51730,-0.3930
51735,1.8154
51740,0.7377
51750,-0.2284
51760,0.0840
51770,-1.1575
51775,1.0614
51790,0.0789
51800,1.3730
51810,1.3965
51820,-1.5869
51840,0.9405
53001,0.2505
53003,-0.4619
53005,0.7812
53007,0.3734
53009,-0.1981
53011,0.2366
53013,-0.9443
53015,-0.6799
53017,0.4141
53019,0.0106
53021,0.5671
53023,-0.2253
53025,-0.1453
53027,-1.0340
53029,0.6211
53031,-0.3949
53033,1.5426
53035,0.7156
53037,0.5753
53039,-1.9579
53041,-0.4079
53043,0.3590
53045,-0.3894
53047,-0.7701
53049,-0.3523
53051,-0.6769
53053,0.4877
53055,1.0862
53057,0.5106
53059,-0.8933
53061,0.9295
53063,0.1156
53065,-1.0375
53067,0.5808
53071,0.5663
53073,0.4746
53075,1.3223
53077,-0.1260
54001,-1.0372
54003,0.3493
54005,-0.3589
54007,-1.5125
54009,-0.5560
54011,-0.9619
54013,-1.5216
54015,-0.9881
54017,-2.1010
54019,-1.2270
54021,-1.7303
54023,0.1348
54025,-0.4542
54027,-0.6135
54029,-0.6242
54031,-0.3632
54033,-0.8872
54035,-0.7491
54037,0.6509
54039,-0.2569
54041,-0.6472
54043,-1.7988
54045,-1.1075
54047,-2.2319
54049,-0.3856
54051,-1.3402
54053,-1.1016
54055,-1.1446
54057,-1.2963
54059,-1.4229
54061,0.9298
54063,-0.2696
54065,-1.0139
54067,-0.4339
54069,-0.3733
54071,0.2262
54073,-0.4495
54075,-0.1994
54077,-0.1496
54079,0.9562
54081,-0.2401
54083,-0.6142
54085,-0.6786
54087,-2.2291
54089,-0.8164
54091,-0.7870
54093,0.2209
54095,-1.1711
54097,-0.5442
54099,-0.5478
54101,-0.8919
54103,-0.3153
54105,-2.4285
54107,-0.6524
54109,-0.5597
55001,-0.4363
55003,-0.5991
55005,0.0766
55007,0.3710
55009,0.8226
55011,0.7870
55013,-1.0722
55015,0.8103
55017,0.0558
55019,0.4316
55021,0.3533
55023,-0.1692
55025,1.5435
55027,0.5856
55029,0.7976
55031,0.0107
55033,0.1716
55035,0.7680
55037,-0.3912
55039,0.5484
55041,-0.4763
55043,0.3988
55045,0.6576
55047,0.5848
55049,1.1237
55051,-0.6834
55053,0.0083
55055,0.6524
55057,-0.0770
55059,0.3426
55061,1.1099
55063,0.6577
55065,0.9427
55067,-0.2167
55069,0.5779
55071,0.4727
55073,0.9102
55075,-0.1303
55077,-0.1573
55078,0.2362
55079,0.7805
55081,0.1673
55083,-0.5809
55085,0.2955
55087,1.1255
55089,1.8175
55091,0.3766
55093,1.1502
55095,0.3450
55097,1.0581
55099,-0.0881
55101,0.5399
55103,-0.1283
55105,0.2508
55107,-0.5426
55109,0.9936
55111,0.5719
55113,-0.0245
55115,0.1292
55117,0.8096
55119,0.0588
55121,0.3445
55123,0.6806
55125,0.2378
55127,0.4839
55129,-0.4364
55131,1.0775
55133,1.7370
55135,0.0744
55137,-0.6672
55139,0.7112
55141,0.5344
56001,1.4002
56003,1.0832
56005,1.2321
56007,0.9421
56009,1.2115
56011,0.7349
56013,0.8138
56015,-0.4974
56017,1.2278
56019,1.5993
56021,0.6500
56023,0.6020
56025,0.7363
56027,0.6763
56029,1.0581
56031,0.0219
56033,1.3990
56035,1.6725
56037,1.0571
56039,1.7898
56041,0.6536
56043,1.4422
56045,1.3159
