id,wb_avg
0100007,-2.9966
0100008,-3.0974
0100011,-3.7944
0100013,-3.9558
0100030,-3.4773
0100060,-3.2132
0100120,-3.1042
0100180,-4.2906
0100185,-3.8592
0100190,-3.8449
0100210,-2.5311
0100240,-3.4623
0100270,-3.1936
0100360,-3.9698
0100390,-4.3570
0100450,-2.7059
0100510,-3.6651
0100540,-4.1032
0100600,-4.1036
0100630,-4.9195
0100660,-3.9928
0100690,-4.6615
0100720,-3.6488
0100750,-4.0311
0100840,-4.4539
0100870,-4.8474
0100900,-4.3520
0100960,-4.0984
0101050,-3.6267
0101080,-4.3208
0101110,-4.1789
0101170,-3.0578
0101200,-3.4260
0101230,-2.9087
0101260,-3.8781
0101290,-3.6944
0101320,-3.3590
0101350,-3.8276
0101380,-4.2117
0101410,-3.6328
0101470,-3.7180
0101530,-3.4572
0101620,-3.6863
0101660,-3.9453
0101710,-3.7188
0101740,-3.7578
0101760,-2.0805
0101770,-4.0375
0101800,-2.2751
0101830,-3.8188
0101860,-3.8209
0101890,-3.1987
0101920,-3.9110
0101950,-4.0395
0102010,-3.8496
0102040,-4.2893
0102070,-4.3021
0102100,-4.4063
0102220,-4.1766
0102250,-2.5621
0102370,-3.7870
0102400,-4.3683
0102430,-2.6500
0102480,-3.5912
0102520,-3.3846
0102580,-3.0478
0102610,-3.5521
0102635,-3.8930
0102640,-3.5929
0102650,-4.2615
0102700,-3.8648
0102730,-3.9368
0102790,-3.9815
0102820,-4.1140
0102850,-3.5294
0102880,-4.7123
0103000,-4.1086
0103030,-3.6665
0103062,-4.0554
0103120,-3.5449
0103150,-4.1881
0103180,-4.3276
0103210,-4.0416
0103240,-3.3196
0103300,-3.6449
0103330,-3.1492
0103360,-1.8368
0103390,-3.8056
0103420,-4.0178
0103430,-2.3388
0103450,-4.2982
0103480,-3.8270
0200180,-2.9922
0200510,-4.4267
0200600,-3.8467
0400600,-4.0093
0400680,-3.2094
0400960,-3.8946
0401050,-3.6239
0401380,-4.3631
0401460,-4.5904
0401680,-4.4437
0401710,-3.4955
0401870,-3.6219
0402320,-3.5702
0402400,-4.0389
0402430,-3.5868
0402690,-4.1187
0402920,-4.4203
0403060,-3.9947
0403150,-4.6846
0403400,-3.7890
0403420,-4.2800
0403780,-4.0259
0403990,-4.2307
0404230,-3.2705
0404290,-3.4627
0404320,-4.1253
0404380,-3.7222
0404440,-4.0812
0404500,-3.4212
0404630,-4.4033
0404720,-3.4795
0404970,-3.4682
0405670,-4.0811
0405930,-3.5582
0406210,-3.9410
0406250,-3.9891
0406300,-2.6307
0406810,-4.3052
0407080,-3.9467
0407300,-4.3141
0407570,-3.2923
0407750,-3.9402
0408170,-4.5715
0408310,-3.2488
0408490,-4.1391
0408800,-3.3866
0408820,-3.9333
0408850,-4.2404
0409060,-3.8058
0409600,-4.4892
0500006,-3.5693
0500023,-3.7390
0500028,-4.0142
0500029,-3.9168
0500042,-3.6885
0500044,-3.0669
0500045,-4.2701
0500065,-4.2463
0500067,-3.7371
0502430,-3.3927
0502580,-3.5552
0502730,-5.1528
0502960,-3.4355
0503060,-4.2348
0503320,-3.9151
0503630,-4.1365
0503690,-3.7885
0503750,-4.2738
0504590,-3.4708
0504800,-3.8919
0505470,-4.1789
0505500,-4.2015
0505680,-2.9216
0505850,-3.9977
0506060,-3.7620
0506120,-2.9044
0506210,-3.3658
0506270,-4.3865
0506330,-3.5865
0507110,-3.5694
0507290,-3.6341
0507840,-4.1406
0507890,-3.4980
0508040,-2.9828
0508280,-3.0421
0508340,-3.8864
0508670,-3.6932
0509000,-2.0465
0509060,-4.3243
0509240,-3.8975
0509390,-3.8486
0509420,-4.4566
0509630,-3.8667
0509840,-3.5011
0510380,-3.2339
0510440,-3.6272
0510680,-2.5672
0510950,-3.9478
0511820,-4.4420
0511850,-3.7417
0511970,-4.3357
0512060,-3.4934
0512210,-3.3741
0512520,-4.4832
0512660,-3.4027
0512960,-3.3367
0513110,-3.5833
0513930,-4.3081
0514140,-4.3155
0514430,-3.6817
0600014,-3.7444
0600016,-3.5515
0600017,-3.8191
0600019,-3.4289
0600020,-3.7649
0600027,-4.6813
0600028,-4.2749
0600029,-4.0856
0600032,-3.9655
0600036,-3.0054
0600047,-3.9902
0600158,-4.1111
0601332,-3.9638
0601410,-3.9588
0601620,-4.2211
0601710,-4.1014
0601770,-2.5038
0602160,-3.9338
0602310,-3.7876
0602430,-4.4440
0602610,-4.5088
0602850,-3.5512
0603420,-4.7290
0603630,-3.4224
0603840,-4.6745
0604020,-3.6530
0604290,-4.1927
0604440,-3.8114
0604620,-3.3459
0604740,-0.7816
0604800,-3.9150
0605610,-3.8066
0605910,-3.8656
0606360,-3.8654
0606390,-3.6865
0606450,-4.3585
0606810,-4.2673
0607200,-3.2856
0607440,-3.7829
0607500,-3.2882
0607800,-3.7643
0607900,-4.6366
0607950,-4.3257
0607970,-3.5236
0608070,-4.1881
0608130,-4.2778
0608370,-3.8389
0608460,-4.3679
0608610,-3.9419
0608760,-3.6325
0609030,-3.9787
0609390,-4.3471
0609640,-3.7649
0609850,-4.4713
0610050,-4.1786
0610260,-3.5187
0610290,-2.7478
0610440,-4.6151
0610620,-3.1711
0611110,-3.9437
0611460,-4.1024
0611490,-3.9672
0611520,-4.1692
0611910,-4.2084
0612330,-3.0755
0612690,-4.0995
0612880,-3.6698
0612960,-4.0848
0613140,-3.0086
0613360,-3.3698
0613500,-4.2325
0613890,-3.0890
0613920,-4.4128
0614370,-3.6155
0614400,-3.5957
0614550,-3.0726
0614730,-3.4324
0614880,-4.2681
0615240,-4.5278
0616050,-4.1538
0616300,-4.4406
0616325,-4.3182
0616470,-4.0434
0616680,-4.7630
0616740,-3.9824
0616920,-3.6834
0617850,-4.1876
0618840,-3.9480
0618870,-3.9699
0618990,-3.4009
0619260,-4.0673
0619440,-3.6418
0620250,-3.3453
0620880,-3.5853
0621000,-4.2767
0621210,-4.1361
0621330,-3.9840
0621360,-4.2169
0621690,-3.6846
0622110,-3.4123
0622230,-3.3925
0622410,-3.8933
0622500,-2.7682
0622590,-3.9625
0622710,-2.3886
0622740,-3.9818
0623340,-3.6173
0623430,-4.9444
0623610,-4.1653
0624090,-4.3454
0624500,-3.3396
0624540,-4.4184
0624600,-3.2884
0625130,-3.6355
0625230,-3.4655
0625320,-3.3614
0625530,-3.7698
0625800,-3.8542
0625830,-3.7669
0625860,-4.2381
0626220,-3.8313
0626370,-2.9133
0626640,-3.6215
0626910,-3.5825
0627060,-3.7197
0627180,-3.9852
0627240,-3.2551
0627690,-3.7318
0627720,-2.3837
0627780,-3.0185
0627810,-3.7082
0628050,-1.2810
0628080,-3.9727
0628250,-3.6903
0628470,-4.2372
0628650,-3.6339
0628950,-4.3018
0629220,-4.2465
0629550,-3.6306
0629580,-3.6383
0629610,-2.2645
0629640,-3.0012
0629700,-4.4858
0629850,-4.0976
0629940,-2.7614
0630030,-4.3843
0630180,-4.3732
0630600,-4.4426
0630660,-3.9371
0630990,-3.5951
0631320,-3.5208
0631530,-3.8226
0632070,-3.4611
0632370,-4.2904
0632550,-2.7101
0633150,-3.8188
0633240,-4.1990
0633390,-5.1764
0633480,-4.5793
0633600,-4.7330
0633750,-3.7746
0633840,-3.0498
0633860,-3.8169
0633930,-4.1533
0634170,-3.8669
0634320,-2.8143
0634410,-1.4642
0634440,-4.2979
0634590,-3.0987
0634620,-3.2976
0634680,-3.6079
0634710,-3.8954
0634880,-4.0162
0634920,-2.5209
0635130,-3.7893
0635310,-3.7365
0635430,-3.4837
0635700,-2.7162
0635810,-3.2556
0635830,-3.2564
0635970,-4.4715
0636800,-4.1650
0636820,-4.4457
0636840,-4.5823
0636970,-3.7453
0637380,-4.1760
0637620,-3.8367
0637950,-3.4873
0638010,-4.1419
0638220,-4.0729
0638460,-2.5396
0638670,-4.1097
0639420,-3.9855
0639630,-4.4720
0639870,-4.0229
0640150,-3.2030
0640590,-3.7806
0640740,-3.7248
0640980,-3.5432
0641040,-3.4453
0641160,-3.4882
0641190,-3.6916
0641280,-4.3492
0641580,-3.9124
0641880,-3.9574
0642000,-4.2742
0642120,-4.0441
0642510,-3.8980
0642810,-3.9965
0642990,-4.5083
0643470,-3.9090
0684500,-3.3691
0691026,-3.3028
0691029,-4.3723
0691078,-2.8027
0691135,-4.2458
0801920,-3.6112
0802340,-3.5989
0802580,-4.1468
0802910,-3.1352
0803060,-3.4781
0803360,-1.6926
0803450,-3.6823
0803870,-4.0912
0803990,-3.7609
0804080,-4.4224
0804410,-2.1806
0804530,-4.2994
0804800,-3.1321
0805310,-2.9184
0805370,-3.9315
0806120,-3.8093
0806480,-4.5269
0806900,-3.8975
0900060,-3.8016
0900070,-3.6638
0900450,-4.4332
0900510,-4.0104
0900700,-3.2469
0901020,-4.0203
0901110,-3.6464
0901260,-4.2806
0901470,-3.8723
0901530,-3.1760
0901710,-2.5574
0901770,-3.6162
0901860,-3.1304
0901920,-3.3418
0902310,-3.4583
0902400,-3.6278
0902490,-3.2008
0902520,-4.2724
0902640,-3.8539
0902670,-4.3499
0902790,-3.0094
0902820,-3.9996
0902880,-4.1817
0903090,-2.8840
0903120,-3.6881
0904050,-3.7872
0904110,-2.5979
0904170,-3.8425
0904320,-2.3953
0904440,-3.7748
0904590,-4.4215
0904620,-3.8850
0904680,-3.5768
0904830,-3.9862
0904920,-2.7119
0904950,-4.0229
0905190,-4.5433
0905220,-3.2235
1000080,-4.1209
1000170,-3.4564
1000180,-3.8915
1000190,-4.0401
1000200,-3.2176
1000230,-4.4323
1000270,-3.8267
1000680,-3.6432
1000790,-3.9389
1000810,-4.0084
1001080,-3.7316
1001240,-2.7671
1001300,-2.5045
1001530,-3.6456
1001620,-4.3340
1001850,-4.0414
1100030,-0.6726
1200030,-2.1776
1200060,-3.7160
1200090,-3.6049
1200120,-4.0151
1200150,-3.3228
1200180,-3.2736
1200210,-3.7630
1200240,-3.9370
1200270,-3.9787
1200300,-4.3070
1200330,-3.0157
1200360,-3.7172
1200390,-2.8631
1200420,-3.8561
1200480,-3.5535
1200510,-3.2508
1200540,-3.8147
1200600,-4.8245
1200690,-3.8229
1200720,-3.6458
1200750,-4.2065
1200780,-3.7790
1200810,-4.0413
1200840,-3.5384
1200870,-3.0914
1200930,-3.2358
1200960,-3.7085
1200990,-4.5216
1201050,-3.7016
1201080,-3.4628
1201110,-2.8557
1201140,-3.9681
1201200,-2.9735
1201230,-3.0093
1201260,-3.7151
1201290,-3.1320
1201320,-3.5682
1201350,-3.9587
1201410,-3.8498
1201440,-3.1428
1201470,-3.9978
1201500,-2.9078
1201530,-4.2334
1201560,-2.7990
1201590,-3.7905
1201620,-3.9371
1201650,-3.9052
1201680,-2.9911
1201710,-3.1485
1201740,-2.9654
1201770,-3.8949
1201800,-3.6709
1201830,-3.7001
1201860,-4.1201
1201890,-3.8437
1201920,-3.6238
1201950,-4.0808
1201980,-3.2670
1202010,-3.9267
1202012,-4.5512
1202015,-3.5309
1300001,-3.5163
1300060,-3.8734
1300090,-4.2460
1300120,-0.9316
1300150,-3.8946
1300210,-4.1703
1300290,-4.2194
1300330,-4.3872
1300360,-4.0444
1300390,-4.1763
1300420,-3.3053
1300440,-3.3257
1300540,-4.0799
1300570,-4.0432
1300600,-3.3643
1300630,-3.4543
1300660,-4.0216
1300690,-4.1707
1300720,-2.8611
1300750,-4.0109
1300780,-3.9285
1300810,-4.0431
1300840,-4.2509
1300870,-2.5980
1300900,-3.3065
1300930,-4.3393
1300990,-3.8009
1301020,-3.3774
1301050,-4.1527
1301080,-4.6389
1301110,-4.1604
1301170,-2.0360
1301230,-5.0837
1301260,-3.8135
1301290,-3.1002
1301350,-4.0274
1301380,-3.5266
1301410,-4.0771
1301470,-3.9669
1301500,-3.7513
1301530,-4.5900
1301560,-3.6397
1301620,-3.2748
1301680,-2.3204
1301710,-3.6758
1301740,-1.7311
1301770,-3.8722
1301830,-3.4643
1301860,-4.3036
1301870,-3.1486
1301890,-3.7179
1301920,-3.5994
1301980,-4.0078
1302010,-3.7579
1302040,-3.8187
1302070,-4.1610
1302130,-3.9500
1302190,-4.0810
1302220,-4.0826
1302250,-3.8372
1302280,-2.1664
1302310,-2.3841
1302400,-3.1179
1302460,-4.0799
1302490,-3.6178
1302520,-4.1624
1302550,-3.5610
1302610,-3.7166
1302700,-3.8698
1302730,-3.8781
1302790,-3.7234
1302820,-4.6039
1302880,-3.7376
1302910,-3.9405
1302940,-4.0350
1302970,-4.1094
1303000,-3.9130
1303030,-3.2981
1303060,-3.8506
1303090,-4.0602
1303120,-3.5758
1303150,-4.2263
1303210,-4.3254
1303240,-4.2290
1303270,-4.1438
1303300,-4.3885
1303330,-3.6458
1303360,-4.4325
1303390,-4.0103
1303480,-3.9252
1303510,-2.7060
1303540,-3.9505
1303570,-3.9125
1303600,-4.4854
1303630,-4.2689
1303660,-3.8801
1303690,-4.2827
1303720,-3.8218
1303750,-4.5433
1303780,-3.2964
1303870,-3.3359
1303930,-4.3986
1303960,-3.2986
1303990,-3.4353
1304020,-4.5353
1304050,-3.6270
1304080,-4.2192
1304140,-3.9837
1304170,-3.9332
1304200,-4.1219
1304220,-3.5042
1304260,-4.3363
1304380,-4.0854
1304410,-4.5983
1304440,-2.8963
1304470,-3.7386
1304500,-3.6287
1304530,-3.6154
1304540,-3.7515
1304560,-3.8001
1304620,-4.1798
1304770,-3.8202
1304800,-3.9008
1304830,-3.5074
1304890,-3.8281
1304950,-2.3076
1304980,-3.3125
1305040,-4.2218
1305100,-3.9535
1305190,-4.0622
1305220,-4.6124
1305280,-4.2801
1305310,-3.1947
1305340,-2.8786
1305370,-4.2027
1305390,-3.9272
1305430,-4.1089
1305490,-3.8737
1305550,-3.7198
1305640,-3.9491
1305700,-4.5389
1305730,-3.4664
1305760,-4.2622
1305790,-4.3517
1305850,-3.9981
1500030,-4.1756
1600360,-2.2446
1602100,-3.3967
1602340,-3.8644
1700010,-3.7780
1700110,-3.5491
1703480,-4.3603
1703600,-3.6037
1703930,-4.1427
1704560,-4.1384
1704680,-3.8402
1704710,-2.7732
1704920,-3.4228
1705220,-2.7849
1705580,-3.8850
1705610,-3.6221
1705790,-3.8848
1706000,-4.5958
1706060,-4.0025
1706480,-2.8203
1706510,-3.8808
1706750,-3.4470
1707170,-3.9360
1708040,-4.5596
1708340,-2.9067
1708550,-2.7397
1709170,-4.2944
1709270,-4.5734
1709420,-2.0817
1709930,-2.4405
1709960,-3.9371
1710200,-4.6776
1710470,-3.0284
1710650,-3.8432
1711250,-4.0626
1711790,-3.8073
1711850,-3.9283
1712000,-2.9760
1712120,-3.5845
1712540,-2.7073
1712700,-3.3907
1713140,-4.1317
1713170,-3.7358
1713530,-3.3596
1713710,-2.5223
1713770,-3.4259
1713970,-2.4718
1714220,-3.7716
1714460,-1.1288
1714550,-3.4246
1715420,-3.4683
1715450,-3.5721
1715900,-3.3545
1716080,-3.7322
1716800,-1.7241
1717040,-3.0225
1717280,-4.0162
1717310,-4.0389
1717520,-3.3391
1717800,-3.0250
1718240,-4.1671
1718960,-3.8708
1719530,-3.5868
1719830,-4.6148
1720280,-2.6930
1720580,-3.5744
1720760,-3.6397
1720880,-3.3470
1721450,-2.9383
1721600,-1.7222
1722020,-4.1792
1723460,-2.8249
1724000,-2.5988
1724600,-3.6628
1724780,-3.0738
1724940,-4.4753
1725020,-4.7497
1725920,-4.0312
1726310,-4.0442
1726400,-3.5098
1727340,-3.6706
1727610,-3.6830
1727710,-2.4700
1728620,-2.9721
1728890,-3.9800
1729190,-3.8946
1729250,-2.1191
1729760,-3.1139
1730220,-3.4825
1730270,-3.5528
1730420,-2.6064
1731230,-2.7372
1731740,-3.9461
1731770,-4.1833
1731950,-4.4347
1732190,-4.0022
1733000,-3.7082
1733210,-4.2688
1733450,-3.9218
1734410,-3.2715
1734510,-3.0682
1734740,-3.2086
1734990,-3.7805
1736330,-3.1189
1736450,-3.2725
1736480,-3.4334
1736900,-3.9060
1737080,-3.2505
1737170,-2.9836
1737680,-4.5233
1738220,-5.1597
1739510,-3.8270
1739960,-2.6077
1740070,-3.9836
1740350,-3.0299
1740500,-2.1789
1741250,-3.3078
1741690,-3.0048
1741790,-3.3818
1742180,-2.0234
1742300,-3.4442
1742960,-3.3331
1743110,-2.8118
1743860,-3.6303
1743960,-3.6570
1800030,-3.4533
1800150,-4.0491
1800270,-3.7648
1800360,-3.8008
1800450,-3.8748
1800630,-3.2817
1801020,-3.8076
1801200,-4.0330
1802400,-3.2055
1802640,-4.2344
1802850,-2.5407
1803270,-3.3032
1803450,-3.0110
1803630,-3.4515
1803750,-3.4141
1803940,-4.0874
1804170,-3.7333
1804320,-4.3946
1804590,-4.0679
1804770,-4.2606
1805370,-4.3043
1805400,-3.6140
1805450,-3.8569
1805460,-4.7613
1805670,-2.8935
1806390,-3.9846
1806570,-3.6623
1806840,-4.0839
1807260,-3.9657
1807320,-4.0073
1807350,-3.9691
1807410,-3.7590
1807650,-3.5107
1808760,-3.9328
1808820,-3.7117
1808910,-2.8577
1809150,-4.1773
1809510,-4.2772
1809690,-4.0145
1810290,-3.2709
1810650,-3.5893
1810920,-3.2889
1811340,-3.2957
1811970,-2.9523
1812090,-3.9604
1812360,-3.7136
1812720,-2.6443
1812810,-4.3131
1903540,-2.2555
1904860,-3.0924
1905790,-3.2588
1906510,-3.2422
1906540,-2.7890
1907710,-3.9544
1907860,-2.7837
1908220,-4.5238
1908580,-3.1436
1908970,-3.2096
1909480,-2.3595
1911820,-3.7772
1914700,-1.5061
1915450,-2.8610
1917220,-2.9763
1918780,-4.1281
1926400,-3.6325
1928680,-2.7551
1930480,-3.2715
1930510,-3.3699
1930930,-3.0881
2003200,-3.5019
2004050,-4.6018
2005460,-4.3591
2006330,-3.8786
2007620,-4.2248
2007890,-4.4496
2007950,-4.6279
2008400,-3.3812
2008430,-4.0106
2009180,-3.6267
2010140,-3.6741
2010680,-4.3227
2011370,-4.0344
2011640,-2.9928
2012000,-3.6707
2012180,-3.3762
2012260,-3.8421
2012360,-4.5549
2012990,-3.5434
2100270,-3.7649
2100510,-4.0566
2100570,-3.0961
2101150,-3.9204
2101200,-4.1820
2101350,-4.6022
2101440,-3.9300
2101470,-3.7777
2101650,-3.5183
2101740,-4.0718
2101860,-2.9392
2102010,-4.4336
2102220,-3.7284
2102490,-4.1149
2102710,-4.1029
2102860,-4.0897
2102990,-3.3833
2103030,-3.9814
2103090,-4.0227
2103720,-4.0632
2103780,-4.4816
2103870,-3.8507
2103900,-4.2242
2103960,-3.4742
2104440,-4.5626
2104530,-3.2429
2104590,-4.2828
2104650,-3.2072
2105190,-4.1292
2105260,-3.6416
2105320,-3.5520
2105400,-4.0420
2105550,-3.3592
2105580,-3.8274
2105640,-4.3828
2105730,-3.5778
2200030,-3.5940
2200039,-3.8538
2200060,-4.4538
2200090,-3.3770
2200120,-3.8711
2200125,-4.1668
2200150,-3.7596
2200180,-4.3798
2200210,-3.7345
2200240,-4.8734
2200270,-3.4030
2200300,-3.0037
2200330,-3.8752
2200360,-4.4383
2200420,-3.9784
2200450,-4.0481
2200480,-3.3173
2200510,-3.4815
2200540,-2.7611
2200600,-3.6641
2200630,-4.1932
2200660,-4.0013
2200690,-3.4864
2200720,-4.1213
2200750,-3.8527
2200780,-3.8854
2200810,-4.1378
2200840,-3.8526
2200870,-3.3503
2200900,-3.8979
2200960,-3.5494
2200990,-3.2981
2201020,-4.0588
2201080,-2.8381
2201110,-3.9105
2201140,-3.2987
2201170,-1.5369
2201200,-3.5032
2201230,-4.0755
2201260,-4.0979
2201290,-3.5957
2201320,-4.1231
2201350,-3.6477
2201380,-3.6733
2201410,-4.1823
2201440,-3.7568
2201500,-3.6378
2201530,-4.3385
2201560,-4.0204
2201590,-4.2062
2201620,-3.9880
2201650,-3.6443
2201680,-3.6188
2201740,-3.8654
2201770,-3.8268
2201800,-3.7375
2201830,-4.6412
2201860,-3.9597
2201890,-3.5531
2201920,-4.0853
2201950,-3.7698
2201980,-3.6198
2202010,-3.7052
2302610,-3.7525
2307320,-2.7280
2309930,-2.4040
2400030,-4.3548
2400060,-3.1891
2400090,-3.5094
2400120,-3.5030
2400150,-3.6170
2400180,-3.6434
2400210,-3.8422
2400240,-3.9811
2400270,-3.6611
2400300,-3.1442
2400330,-3.5748
2400390,-3.4658
2400420,-3.0444
2400450,-3.0768
2400480,-2.5529
2400510,-3.5403
2400540,-3.3489
2400570,-4.1653
2400600,-3.2408
2400630,-2.9174
2400660,-3.7577
2400690,-3.2142
2400720,-2.9257
2501980,-2.2191
2502190,-4.2526
2502310,-3.3158
2502790,-3.3484
2502940,-4.1578
2503090,-4.1802
2503150,-2.5059
2503240,-4.3016
2503270,-2.7864
2503300,-3.1970
2503540,-4.4939
2503660,-4.7437
2504050,-3.8397
2504770,-4.6834
2504830,-4.4587
2504890,-4.6182
2504950,-3.4979
2504980,-3.6170
2505970,-4.4022
2506270,-3.6530
2506660,-4.8883
2506780,-4.1587
2506840,-2.7861
2507020,-4.6988
2507110,-4.3379
2507170,-4.2039
2507560,-4.0472
2507620,-3.5722
2507740,-4.5578
2507980,-3.0270
2508370,-3.1305
2508430,-4.6526
2508610,-2.5332
2509060,-3.6793
2509360,-4.1681
2509630,-4.0268
2509870,-3.6600
2509930,-4.2310
2510050,-4.6087
2510380,-4.1738
2510620,-3.3246
2510890,-3.2242
2511130,-4.4970
2511250,-4.1322
2511520,-4.1342
2512000,-3.7772
2512060,-3.8093
2512270,-2.4787
2512840,-4.0890
2513200,-4.5813
2513230,-4.2693
2600005,-4.1105
2600015,-3.9901
2600016,-4.1578
2601950,-4.1070
2602070,-4.0686
2602820,-2.1987
2603540,-4.1946
2603690,-3.7376
2604260,-3.4747
2604830,-3.4287
2605010,-3.2583
2605430,-3.9672
2605850,-3.5996
2606090,-3.4975
2606780,-4.8690
2607890,-4.3011
2608070,-4.1404
2608430,-4.4013
2608580,-3.8725
2609570,-3.8118
2609840,-3.8268
2609930,-3.2909
2610080,-4.4292
2610590,-3.9767
2610620,-3.1602
2611600,-4.0205
2611610,-4.3438
2611640,-4.5928
2612000,-5.2995
2612150,-3.6751
2612450,-4.0031
2612600,-3.2155
2612930,-5.0497
2614070,-3.5761
2614280,-2.7974
2614460,-4.5632
2614520,-4.5547
2614550,-3.8893
2614610,-2.8186
2614820,-3.5140
2615540,-4.2021
2615870,-3.7201
2616110,-3.8730
2616350,-3.3215
2616410,-3.8751
2616440,-3.0052
2617520,-5.1574
2618030,-4.6102
2618420,-2.6047
2618480,-3.7616
2619620,-3.6716
2619950,-2.6158
2620070,-4.7015
2620160,-4.1123
2620280,-3.8770
2620340,-3.6184
2620730,-3.0609
2620850,-4.0436
2620880,-3.9453
2621120,-4.0477
2621150,-4.1973
2621570,-4.5287
2621600,-4.5810
2621840,-3.2061
2621870,-3.4007
2622290,-4.8192
2623460,-4.4795
2623850,-4.8356
2624120,-3.0585
2624150,-3.9552
2624690,-3.7074
2624720,-4.6073
2624840,-4.1257
2625230,-3.9982
2625560,-4.2698
2625740,-2.7230
2625950,-2.7623
2625980,-3.3487
2626130,-2.9521
2626280,-3.1795
2626760,-4.2367
2628560,-3.3294
2628740,-4.4235
2628830,-3.8220
2628950,-3.1873
2629460,-4.3025
2629540,-4.2588
2629940,-3.0344
2630120,-4.7862
2630210,-4.1419
2630300,-3.0093
2630390,-2.9600
2630450,-3.5661
2632220,-3.3791
2632250,-3.2313
2632280,-3.4865
2632300,-4.1954
2632310,-3.8348
2632340,-4.0372
2632670,-4.4114
2633420,-3.3475
2633540,-4.2814
2633840,-3.4561
2634260,-3.3889
2634470,-3.9637
2634560,-3.9906
2634680,-4.0541
2635160,-3.5232
2635190,-4.2214
2635220,-3.9058
2635310,-3.8406
2635520,-4.1093
2635820,-3.6258
2635910,-2.7800
2635970,-4.6198
2636450,-4.2983
2636485,-4.1973
2636540,-4.7806
2636570,-3.5165
2636630,-3.7002
2700145,-3.6266
2700161,-3.0084
2703180,-3.6949
2703450,-3.2398
2705790,-2.6762
2706240,-3.1032
2707290,-2.9295
2708190,-3.2588
2709510,-4.0024
2711040,-2.6595
2711250,-2.7978
2711370,-4.1377
2711670,-3.0188
2711760,-2.0719
2711820,-3.6931
2712420,-3.6046
2714220,-2.6956
2714260,-2.5836
2715030,-3.4987
2717780,-3.4705
2718780,-2.8049
2721240,-1.1114
2721420,-2.9996
2722950,-2.7228
2723850,-3.4198
2725200,-2.5732
2728050,-2.9275
2730060,-3.6918
2731750,-3.0139
2731780,-2.2619
2731800,-2.9385
2732390,-3.0423
2732430,-2.5955
2733000,-3.2132
2733270,-3.2982
2733330,-3.5808
2733510,-1.9575
2733780,-2.0326
2733810,-4.0988
2733840,-1.7567
2738190,-3.6199
2742160,-2.5777
2742270,-3.0043
2742360,-3.5347
2742720,-1.6798
2800450,-3.5752
2800510,-5.0145
2800540,-3.7889
2800570,-4.2403
2800600,-4.2860
2800630,-3.8805
2800750,-3.6416
2800820,-3.3140
2800840,-3.6878
2800870,-4.0191
2800930,-5.2689
2800960,-3.9769
2800990,-3.8945
2801090,-3.6417
2801170,-3.8614
2801200,-3.9460
2801220,-3.8981
2801260,-3.4094
2801290,-4.0676
2801320,-3.7889
2801410,-4.1316
2801470,-3.2318
2801490,-4.3079
2801530,-4.1677
2801560,-4.0623
2801590,-4.4163
2801650,-4.1812
2801680,-3.5929
2801710,-3.3231
2801740,-4.0605
2801770,-4.1483
2801860,-4.6364
2802010,-4.2361
2802100,-4.0751
2802160,-4.4939
2802190,-3.4977
2802280,-4.0391
2802340,-3.7172
2802370,-3.7321
2802400,-3.9623
2802430,-3.7471
2802490,-3.7831
2802520,-4.0215
2802550,-3.8875
2802640,-4.1623
2802670,-3.8055
2802700,-3.8198
2802730,-3.9508
2802760,-4.0099
2802790,-3.2994
2802820,-4.6193
2802850,-4.4938
2802880,-3.8767
2802910,-3.0769
2803000,-4.6235
2803030,-4.8371
2803060,-3.8385
2803090,-4.5386
2803120,-3.6841
2803150,-3.9792
2803240,-3.8835
2803360,-3.8072
2803450,-2.3125
2803480,-3.7970
2803510,-4.2087
2803520,-4.2893
2803530,-4.0285
2803570,-4.3327
2803600,-3.2360
2803630,-4.0484
2803660,-3.8421
2803690,-3.7570
2803720,-3.9882
2803780,-4.0697
2803830,-4.0317
2803900,-4.1600
2803930,-3.7212
2803990,-4.0854
2804020,-3.6110
2804050,-4.2087
2804080,-4.8200
2804110,-3.8576
2804140,-2.3755
2804170,-3.9268
2804230,-4.1076
2804320,-2.6965
2804350,-3.4155
2804380,-3.5418
2804440,-4.3985
2804470,-3.8070
2804500,-3.8010
2804530,-4.0258
2804560,-3.4410
2804590,-3.8770
2804620,-4.0447
2804680,-4.8117
2804740,-3.7834
2804800,-5.0285
2900004,-4.2105
2901000,-2.2658
2902910,-4.0809
2904500,-4.0818
2904620,-4.2817
2905310,-3.7748
2907120,-3.1770
2907470,-3.6637
2908250,-3.5999
2908370,-4.1334
2908670,-4.2769
2909720,-2.1297
2912010,-3.6115
2912290,-4.2030
2912550,-4.0676
2913140,-4.0175
2913620,-4.6851
2913650,-3.7594
2913800,-3.9231
2913830,-3.8869
2914340,-4.3271
2915480,-3.9448
2916190,-3.8913
2916350,-4.5602
2916400,-3.4118
2916500,-3.4709
2916770,-2.0184
2917820,-2.6517
2918300,-3.7327
2918540,-3.7244
2918690,-3.6292
2919890,-3.4418
2920010,-3.2428
2920410,-4.1616
2920670,-3.2371
2921100,-3.9508
2922800,-3.9129
2923550,-3.2811
2923580,-2.5489
2923700,-3.6498
2923730,-3.9273
2925230,-3.7304
2925450,-4.2312
2926070,-3.7994
2926640,-4.0329
2926850,-2.4827
2927060,-4.3278
2927830,-4.1976
2928260,-3.3687
2928860,-3.6934
2928920,-3.6917
2928950,-3.5109
2929280,-3.2706
2930660,-1.6294
2930690,-3.0659
2931020,-4.0431
2931440,-4.5459
2931530,-2.4252
2931650,-3.7353
3003870,-3.9181
3013040,-4.5342
3100016,-3.5999
3103810,-4.3644
3172840,-3.1298
3173740,-3.8855
3174820,-2.8240
3175270,-3.7458
3175900,-3.9309
3178660,-2.9751
3200060,-2.9769
3200480,-3.5395
3302460,-3.3632
3304590,-4.0003
3304980,-4.1356
3401260,-4.0914
3401350,-4.4953
3401500,-4.4563
3401830,-4.0501
3402030,-4.5038
3402220,-3.8595
3402250,-3.7166
3402280,-3.6355
3402400,-4.1299
3402430,-4.1375
3402460,-4.0589
3402820,-4.2585
3403000,-3.6829
3403180,-4.2320
3403300,-4.4481
3403420,-3.2433
3403780,-4.3919
3403900,-4.4206
3404110,-4.0304
3404320,-3.8419
3404350,-3.6649
3404410,-3.5993
3404470,-4.0063
3404500,-3.9564
3404560,-3.6881
3404590,-3.7720
3404660,-4.2886
3404890,-4.0400
3404920,-3.4707
3405220,-4.0574
3405430,-4.2099
3405490,-3.6875
3405580,-3.2353
3405640,-3.9040
3405730,-3.6286
3405760,-4.0990
3405880,-3.2393
3406030,-4.1178
3406270,-4.0636
3406510,-3.7236
3406540,-3.7571
3406870,-4.1047
3406900,-3.6812
3407230,-4.0638
3407290,-5.3242
3407350,-2.7810
3407560,-4.1737
3407740,-4.2746
3407830,-3.6503
3408220,-4.9374
3408400,-3.2180
3408610,-3.8719
3408640,-4.3039
3408850,-4.4687
3408940,-3.6438
3409180,-3.6465
3409270,-4.5845
3409450,-4.2318
3409510,-4.3746
3409660,-4.2463
3409750,-3.8345
3410020,-3.9625
3410110,-3.8136
3410320,-3.4653
3410470,-4.5878
3410500,-4.5456
3410560,-2.6156
3410710,-3.4663
3410810,-2.7412
3410920,-4.1726
3410950,-3.8346
3410980,-4.2968
3411160,-3.3890
3411340,-3.0997
3411490,-3.8778
3411580,-4.2592
3411640,-4.2185
3412060,-3.2050
3412390,-4.0287
3412480,-4.5212
3412690,-3.9653
3412720,-4.3358
3412810,-4.8276
3412840,-3.8953
3412870,-4.6059
3412930,-4.0935
3412960,-4.5344
3412990,-4.4553
3413050,-4.1385
3413410,-2.6197
3413530,-4.3399
3413740,-3.0376
3414640,-4.7227
3414670,-3.4532
3415030,-3.4693
3415090,-3.1300
3415210,-3.9400
3415330,-2.4926
3415360,-4.5511
3415630,-3.7894
3415990,-3.9889
3416080,-3.9988
3416200,-3.4001
3416230,-3.7337
3416290,-4.4399
3416470,-3.8553
3416500,-4.6440
3416530,-3.1157
3416800,-3.9244
3416830,-3.8622
3417070,-3.8045
3417430,-3.8102
3417610,-3.9894
3417700,-3.5316
3417730,-4.0212
3418060,-4.1086
3418120,-4.2783
3418150,-3.5837
3500010,-4.3240
3500030,-4.3540
3500060,-3.3537
3500570,-3.6507
3501260,-3.4308
3501500,-3.8905
3502250,-4.2756
3600008,-3.1963
3602460,-3.5825
3602920,-3.3182
3603270,-3.8828
3603480,-3.8147
3603840,-4.4893
3603990,-3.9497
3604080,-3.3426
3604140,-4.2264
3604870,-3.9743
3605280,-4.6052
3605460,-3.8699
3605850,-3.5617
3606630,-4.6914
3606720,-4.0123
3606870,-4.7638
3607230,-3.7964
3607530,-3.8222
3607680,-4.4532
3608310,-4.2155
3608400,-5.0455
3608430,-3.6505
3608880,-4.3486
3609090,-2.8447
3609690,-3.8493
3609840,-4.7055
3610500,-4.4729
3610560,-4.3368
3610620,-4.4956
3610710,-3.3452
3610890,-3.7143
3610980,-3.6811
3611160,-3.6513
3611550,-4.4130
3611880,-4.0574
3611970,-3.0405
3612180,-3.3479
3612630,-3.6843
3613290,-3.9775
3614010,-3.6527
3614940,-3.5064
3615090,-1.8637
3615180,-4.2560
3615300,-4.6584
3615390,-4.1430
3615570,-2.8095
3615630,-4.4701
3615900,-4.3005
3616230,-3.9693
3616290,-3.8242
3616440,-4.6757
3616620,-4.3793
3616740,-4.6869
3616830,-3.2951
3617520,-3.9518
3617670,-4.0029
3617730,-2.5958
3618210,-4.0312
3618690,-3.9255
3619200,-4.8139
3619230,-3.8252
3619320,-4.7572
3619560,-4.1714
3619650,-4.1215
3619680,-4.5046
3619740,-4.2913
3620100,-4.0755
3620340,-4.3631
3620490,-3.2546
3620580,-3.1775
3620700,-3.4121
3620820,-4.0377
3620850,-3.3728
3620910,-4.4161
3621000,-4.2201
3621210,-3.5337
3621480,-3.0568
3622020,-3.3802
3622470,-3.9414
3622650,-4.5022
3623010,-4.7713
3623460,-3.2166
3623520,-4.5954
3623760,-4.1289
3624690,-3.1591
3624750,-4.0933
3624900,-4.7061
3625170,-3.7567
3625350,-4.0377
3625770,-3.6886
3626010,-4.2410
3626670,-4.3218
3627210,-4.4915
3627300,-2.9280
3627780,-3.8778
3627810,-4.1878
3628320,-4.0517
3628500,-3.8537
3628590,-4.1713
3628950,-4.4290
3629370,-3.9836
3629430,-4.6821
3629460,-4.5592
3629790,-4.3766
3629880,-4.5760
3630030,-4.0700
3630120,-4.5335
3630210,-4.6304
3630360,-3.6037
3630540,-3.7541
3630660,-4.4781
3631260,-2.8351
3631470,-3.6322
3631920,-3.9323
3700011,-3.6940
3700012,-2.6930
3700030,-3.4384
3700090,-3.7945
3700180,-3.4123
3700240,-3.2891
3700270,-1.4077
3700330,-3.1467
3700360,-4.2211
3700390,-4.1574
3700420,-3.7275
3700450,-3.1624
3700480,-3.8660
3700530,-3.5876
3700580,-3.8316
3700600,-4.1781
3700630,-3.5994
3700660,-4.1344
3700690,-3.5953
3700720,-1.1815
3700750,-2.8114
3700840,-3.0422
3700900,-3.8379
3700930,-3.2419
3700960,-3.8676
3701080,-3.8569
3701140,-4.1529
3701170,-3.7471
3701200,-3.6430
3701260,-2.2956
3701320,-3.8820
3701500,-2.6487
3701530,-3.8774
3701620,-3.6790
3701680,-3.9589
3701800,-3.5757
3701830,-3.3968
3701920,-2.7736
3701950,-3.9652
3702010,-3.4258
3702100,-3.5131
3702160,-3.8378
3702190,-2.4626
3702250,-3.7418
3702310,-2.8231
3702370,-3.5247
3702400,-4.3215
3702430,-3.9012
3702560,-3.3780
3702610,-3.2003
3702640,-4.1699
3702680,-3.6560
3702880,-3.5724
3702970,-2.3085
3703060,-3.5695
3703090,-2.9929
3703120,-3.2105
3703270,-3.2634
3703310,-3.5216
3703330,-2.4639
3703360,-3.7574
3703420,-4.2949
3703450,-4.0739
3703480,-2.8029
3703510,-3.6877
3703540,-3.6246
3703570,-3.5420
3703600,-3.6705
3703630,-3.6695
3703780,-3.8847
3703870,-3.6938
3703900,-3.5805
3703930,-3.7557
3703990,-4.0684
3704050,-3.3460
3704080,-3.8860
3704140,-3.7783
3704200,-3.5898
3704320,-3.5650
3704380,-4.1353
3704410,-3.9532
3704500,-4.4053
3704530,-3.4734
3704620,-3.1227
3704650,-4.0902
3704720,-2.3791
3704740,-3.9214
3704800,-3.7027
3704880,-3.5756
3704920,-3.5109
3704950,-4.1141
3705020,-3.1660
3705040,-4.0944
3800014,-3.8697
3806780,-2.9461
3808130,-4.0487
3813030,-4.5164
3819410,-2.6596
3904348,-3.6467
3904349,-3.9885
3904351,-4.0324
3904353,-4.1325
3904355,-2.9346
3904360,-3.4634
3904370,-4.0088
3904371,-3.9729
3904373,-3.5468
3904374,-4.4416
3904375,-2.9810
3904378,-3.7460
3904379,-1.4693
3904380,-4.1768
3904383,-3.9662
3904384,-4.1738
3904387,-3.9900
3904394,-3.6856
3904395,-3.4480
3904396,-4.3300
3904401,-3.9036
3904404,-4.0534
3904408,-3.6595
3904410,-4.2130
3904416,-3.2595
3904418,-4.0187
3904419,-3.0236
3904422,-4.0493
3904423,-4.4137
3904426,-4.4779
3904429,-4.3046
3904433,-4.7409
3904435,-4.0371
3904436,-3.3358
3904437,-3.4027
3904439,-3.6665
3904440,-4.4572
3904441,-4.2161
3904445,-4.1704
3904451,-3.2449
3904457,-4.1495
3904459,-3.7025
3904463,-3.5953
3904467,-3.5761
3904468,-4.0741
3904471,-4.3070
3904474,-3.9949
3904475,-1.4978
3904479,-3.2905
3904480,-4.0558
3904481,-4.7578
3904482,-4.3451
3904483,-3.3828
3904486,-2.9136
3904487,-3.3601
3904490,-3.7836
3904492,-3.9830
3904499,-4.1143
3904504,-3.0524
3904505,-4.0790
3904507,-4.3698
3904510,-3.7353
3904513,-2.9569
3904514,-3.4555
3904515,-4.2429
3904516,-4.7101
3904517,-4.3921
3904577,-3.3521
3904578,-4.0470
3904610,-3.9444
3904611,-3.3209
3904660,-3.3538
3904676,-3.8760
3904689,-3.8820
3904694,-3.5733
3904695,-4.7445
3904696,-3.8405
3904697,-4.2627
3904699,-3.5869
3904700,-3.9403
3904701,-3.7794
3904702,-3.2079
3904724,-4.0074
3904733,-2.9063
3904736,-4.0944
3904800,-3.9665
3904813,-4.2306
3904822,-3.9610
3904823,-3.9856
3904829,-3.7732
3904830,-3.4359
3904869,-4.7596
3904870,-5.0484
3904872,-4.1429
3904873,-4.1063
3904875,-4.2399
3904923,-4.3196
3904993,-3.1571
3904997,-2.7558
3904998,-3.1365
3905004,-4.0323
3905007,-3.3764
3905019,-4.1906
3905045,-4.1332
3910015,-4.3783
3910016,-2.8766
3910017,-4.1318
4002850,-3.8137
4003180,-4.3492
4003630,-3.8071
4005490,-4.1660
4007560,-4.8686
4007620,-4.6028
4009570,-3.9920
4010290,-3.9937
4010590,-3.3396
4010920,-4.1960
4013560,-4.2874
4015210,-3.8958
4015370,-3.5029
4015720,-3.0858
4017250,-4.4025
4019950,-4.1323
4020250,-4.3195
4020970,-3.8841
4021000,-4.3756
4021720,-3.4930
4022770,-3.7695
4022800,-4.5564
4023280,-3.9549
4024690,-4.1384
4025290,-3.7144
4026880,-4.3957
4027570,-4.4274
4028680,-3.6134
4030240,-3.3529
4030600,-3.2439
4032370,-4.3398
4033480,-4.1634
4100023,-3.7843
4101920,-3.0970
4102800,-3.6897
4103940,-3.3458
4104740,-3.4476
4106000,-3.5439
4108830,-3.8229
4109480,-3.4313
4110040,-1.9429
4110520,-3.1686
4110820,-3.8839
4112240,-3.5581
4202040,-3.5417
4202130,-3.9880
4202280,-4.2238
4202340,-4.4894
4202400,-2.7960
4202440,-3.5442
4202790,-3.5698
4202970,-3.2470
4203330,-4.1596
4203570,-3.6520
4203630,-4.4050
4204080,-4.9213
4204200,-4.2365
4204230,-4.2256
4204590,-4.0440
4204890,-4.2355
4205010,-3.4540
4205040,-3.7875
4205190,-3.6113
4205310,-4.3300
4205400,-3.2439
4205490,-3.5853
4205550,-3.6433
4205760,-2.7699
4205910,-4.2186
4206240,-3.0704
4206480,-4.1323
4207080,-4.2753
4207110,-3.7549
4207230,-3.8217
4207290,-4.2993
4207710,-3.4435
4208060,-3.9790
4208550,-4.1999
4208670,-4.5450
4208850,-3.6489
4209300,-3.5889
4209480,-4.4993
4210620,-3.6387
4210860,-4.0167
4210920,-4.2143
4210950,-4.8100
4211580,-5.0533
4211610,-3.8359
4211670,-3.4999
4211700,-3.6561
4211790,-3.9260
4211880,-4.3856
4212170,-4.6269
4212330,-4.2273
4212840,-3.9276
4213140,-4.0173
4213320,-4.0900
4213440,-4.5728
4214160,-2.5833
4214580,-2.6371
4214940,-4.3118
4215030,-2.9704
4215330,-4.2139
4215600,-3.7267
4215720,-3.2828
4215830,-3.9653
4215900,-4.3593
4216200,-4.1041
4216410,-4.0002
4216500,-3.3889
4216530,-4.3004
4216620,-4.5794
4216740,-3.9176
4216980,-3.7357
4217280,-3.7122
4217520,-4.5850
4218510,-3.8776
4218580,-3.8379
4218590,-3.7448
4218630,-4.1573
4218750,-3.8998
4218840,-3.6586
4218930,-3.9813
4218990,-3.4908
4219050,-3.1794
4219170,-3.2886
4219290,-4.7940
4219350,-3.8193
4219470,-3.4439
4219500,-4.1570
4219650,-3.6091
4219680,-4.2933
4219710,-4.0344
4220040,-4.9061
4220100,-4.5379
4220370,-3.8861
4220550,-3.4395
4221090,-3.9602
4221330,-3.8832
4221870,-3.5609
4222400,-4.8514
4222560,-4.1366
4222600,-3.3232
4222620,-3.5227
4222770,-3.1957
4222790,-3.6458
4222800,-4.4003
4222830,-3.9541
4222860,-4.2143
4223010,-3.4374
4223640,-2.7828
4224150,-3.8848
4224320,-3.9010
4224390,-2.8323
4224480,-4.1364
4224510,-3.8567
4224790,-2.5269
4224990,-4.3130
4225290,-2.8733
4225680,-3.7499
4225830,-3.5543
4225950,-3.7574
4225980,-3.8670
4226250,-4.3242
4226300,-4.0248
4226390,-4.6002
4226460,-3.5409
4226550,-4.2760
4226580,-3.9918
4226820,-4.6603
4226850,-2.4880
4400120,-4.7913
4400240,-4.1300
4400330,-4.5903
4400720,-2.8726
4400780,-5.1861
4400840,-4.8493
4400900,-4.1117
4401110,-4.8082
4401200,-4.6112
4500002,-4.0221
4500690,-3.8080
4500720,-3.6213
4500780,-3.8548
4500810,-3.9233
4500840,-4.0980
4500870,-3.6635
4500900,-3.1563
4500930,-3.7572
4501020,-4.1954
4501050,-3.9004
4501080,-3.3984
4501110,-2.5908
4501170,-3.6841
4501250,-4.1487
4501440,-1.8456
4501500,-3.6559
4501530,-3.9789
4501560,-3.5281
4501770,-3.6469
4501800,-3.7276
4501830,-3.8976
4501860,-3.5807
4501890,-3.9966
4501920,-4.0009
4501950,-3.7044
4502010,-3.3358
4502070,-3.6420
4502100,-4.5641
4502130,-3.4927
4502160,-3.7067
4502190,-3.8829
4502250,-3.2044
4502280,-3.2852
4502310,-3.0011
4502340,-2.8888
4502400,-3.7017
4502430,-4.4166
4502490,-2.9900
4502520,-4.0810
4502550,-3.6373
4502580,-3.6276
4502610,-3.9831
4502640,-3.7415
4502700,-3.3651
4502730,-3.3890
4502760,-3.1463
4502790,-4.4106
4502820,-2.8614
4502850,-3.3552
4502880,-3.9984
4502970,-4.5374
4503030,-3.1232
4503060,-3.6547
4503150,-4.0489
4503180,-3.8224
4503210,-4.6889
4503330,-3.5357
4503360,-1.9164
4503390,-2.9268
4503460,-3.6901
4503480,-3.8901
4503510,-4.1001
4503540,-4.1594
4503570,-3.7510
4503600,-3.5986
4503630,-3.3993
4503660,-2.3537
4503690,-3.3346
4503720,-4.2607
4503750,-4.1247
4503780,-5.0597
4503810,-3.9197
4503840,-3.5830
4503870,-3.2796
4503900,-3.0837
4503908,-3.7353
4666270,-2.8559
4700001,-4.3931
4700060,-3.6972
4700120,-4.0644
4700180,-4.2438
4700300,-4.6477
4700330,-4.5883
4700360,-4.1045
4700600,-3.8662
4700690,-4.0635
4700850,-3.7948
4701020,-4.2667
4701050,-4.4549
4701080,-3.3016
4701170,-4.0601
4701200,-3.3979
4701260,-3.0009
4701290,-4.4935
4701400,-3.6707
4701410,-4.3920
4701500,-4.1699
4701590,-3.0698
4701650,-3.7703
4701680,-4.8904
4701770,-3.9880
4701800,-4.2513
4701950,-4.0856
4702010,-3.3942
4702100,-4.6224
4702130,-3.6910
4702190,-4.2075
4702220,-3.1367
4702280,-4.2367
4702310,-4.0699
4702370,-3.6773
4702460,-3.7825
4702580,-3.7498
4702670,-4.3991
4702700,-3.5747
4702760,-4.0143
4702790,-3.9116
4702820,-3.7613
4702880,-4.2625
4702940,-2.7453
4702970,-3.3277
4703030,-4.0825
4703150,-3.7063
4703180,-3.6121
4703240,-3.4866
4703360,-3.1458
4703480,-4.2147
4703590,-4.3362
4703600,-3.8073
4703690,-4.1277
4703780,-4.4442
4703810,-3.2589
4704020,-3.8711
4704080,-3.8344
4704100,-3.4919
4704200,-3.8535
4704260,-3.0472
4704350,-4.3063
4704470,-3.9131
4704530,-3.9770
4704550,-4.4066
4800010,-3.9765
4807350,-2.3977
4807440,-3.8317
4807710,-4.5267
4807830,-4.6487
4807890,-3.9785
4808090,-4.7063
4808130,-3.4831
4808190,-3.7855
4808310,-4.1377
4808340,-4.3651
4808700,-3.5760
4808870,-3.4095
4808880,-3.7807
4808940,-2.1808
4809570,-3.8194
4809630,-3.4869
4809670,-3.1292
4809810,-3.2199
4809860,-3.9095
4810200,-4.2319
4810230,-4.0557
4811190,-3.4692
4811280,-3.0840
4811640,-4.2961
4811700,-3.8018
4811790,-2.8683
4812120,-5.2943
4812180,-4.1858
4812640,-3.2718
4812810,-4.0832
4813050,-3.4994
4813110,-3.8067
4813230,-3.9913
4813320,-3.6065
4813590,-5.2543
4813650,-3.9963
4814280,-3.9032
4814310,-4.2885
4814370,-4.5787
4814520,-4.6106
4814670,-3.9517
4814700,-3.7018
4814730,-4.6219
4814820,-3.4637
4814970,-4.2920
4815000,-3.6061
4815210,-3.5412
4815240,-4.6574
4815270,-3.7741
4815300,-3.7645
4815330,-3.6724
4815510,-4.3304
4815720,-3.3665
4815750,-4.0806
4815910,-3.8371
4815960,-3.6541
4816110,-3.4486
4816180,-4.2289
4816230,-2.9316
4816410,-4.3232
4816530,-3.6218
4816620,-4.3116
4816710,-4.0946
4816740,-3.7850
4816860,-5.1477
4817040,-4.0330
4817070,-4.3945
4817640,-3.9920
4817700,-4.1812
4817850,-4.4186
4818000,-3.9270
4818210,-3.8968
4818280,-2.9167
4818300,-4.0946
4818360,-3.8171
4818540,-3.6221
4818810,-4.4829
4818940,-3.8147
4819380,-4.2008
4819560,-4.3600
4819650,-3.3084
4819700,-2.8757
4819830,-3.6960
4820010,-4.0367
4820160,-4.2542
4820220,-4.5805
4820250,-4.8878
4820280,-3.2794
4820340,-3.8803
4820600,-3.4923
4820700,-4.1509
4820760,-4.1839
4821060,-2.9608
4821150,-4.0781
4821420,-4.4375
4821660,-3.5439
4821720,-3.3210
4821810,-3.4453
4822170,-3.8892
4822920,-3.6154
4822970,-3.7150
4823280,-3.5446
4823310,-3.8886
4823640,-2.4997
4823910,-3.4152
4824030,-3.6125
4824060,-4.2392
4824100,-3.9480
4824420,-4.2521
4824590,-3.8565
4824630,-3.6522
4824730,-4.3624
4824990,-4.2825
4825170,-3.8890
4825200,-4.3285
4825260,-4.0320
4825500,-4.1059
4825620,-3.5748
4825660,-4.4418
4825740,-3.5720
4826100,-3.0315
4826160,-4.6363
4826190,-4.2224
4826280,-4.6792
4826430,-4.0374
4826490,-4.3987
4826580,-3.7984
4827030,-3.8289
4827300,-3.4846
4827390,-4.3139
4827450,-4.3405
4827510,-3.9963
4827690,-3.5739
4827720,-4.3889
4827780,-3.8603
4827870,-3.8070
4828110,-2.9363
4828500,-2.6840
4828550,-3.6095
4828710,-3.5033
4828740,-4.0192
4828890,-3.7156
4828920,-4.0949
4829160,-3.6691
4829850,-3.2904
4830390,-4.2873
4830420,-4.1361
4830570,-3.2910
4830600,-4.4567
4830640,-3.5242
4831260,-3.5077
4831760,-3.6443
4832090,-2.7424
4832190,-3.1225
4832280,-4.1934
4832340,-3.7310
4832400,-5.1174
4832730,-4.3030
4832940,-3.0416
4833120,-3.9873
4833180,-4.3570
4834050,-3.8341
4834290,-3.6258
4834320,-4.3526
4834440,-4.2391
4834830,-3.4813
4834980,-3.3981
4835010,-4.2698
4835070,-4.0623
4835100,-3.2908
4835130,-3.7536
4835400,-4.8699
4836000,-3.7833
4836450,-4.3603
4836660,-4.7071
4836970,-3.4339
4837020,-2.6035
4837650,-3.7902
4838080,-3.3361
4838190,-3.9034
4838220,-4.3086
4838360,-3.9235
4838700,-4.1287
4838730,-4.0766
4838970,-3.7229
4839480,-4.5754
4839630,-2.7948
4839690,-3.5886
4839960,-3.7008
4839990,-4.5745
4840080,-3.7853
4840230,-4.1084
4840710,-4.8975
4840950,-4.4966
4841100,-2.3534
4841190,-2.8943
4841220,-3.8948
4841820,-3.5366
4841970,-4.0573
4842240,-4.4492
4842280,-3.2855
4842300,-4.1309
4842330,-3.4654
4842450,-4.0370
4842480,-2.7964
4842510,-3.9260
4842960,-3.9539
4843200,-4.0427
4843290,-4.4794
4843470,-3.0309
4844110,-3.5018
4844150,-3.2974
4844280,-3.4603
4844430,-4.1895
4844730,-3.6832
4844800,-3.5849
4845090,-4.5336
4845380,-3.2313
4845540,-4.4072
4845600,-3.4963
4845780,-3.6827
4845900,-4.0771
4846230,-4.4549
4846440,-3.8625
4846530,-4.6686
4846680,-4.6108
4900030,-3.3136
4900142,-2.9135
4900210,-3.5281
4900360,-3.0885
4900420,-3.5796
4900600,-3.4367
4900630,-4.1141
4900720,-3.9888
4900870,-2.2863
4901140,-4.3328
4901200,-3.7719
5002820,-2.2287
5100060,-3.6291
5100090,-2.7186
5100120,-2.4472
5100180,-3.8755
5100210,-3.9202
5100240,-4.0756
5100270,-2.5675
5100300,-4.1942
5100360,-3.8304
5100450,-4.4939
5100480,-4.4657
5100540,-4.2064
5100600,-3.9337
5100660,-4.3565
5100720,-4.2836
5100750,-4.1256
5100780,-1.8555
5100810,-3.7401
5100840,-3.6370
5100960,-4.0224
5101050,-3.7704
5101080,-4.4074
5101110,-3.6113
5101170,-4.3282
5101200,-3.7633
5101260,-3.4433
5101320,-3.4995
5101380,-3.6049
5101440,-4.1619
5101470,-4.3889
5101510,-2.9522
5101620,-4.0672
5101650,-3.3964
5101710,-4.2546
5101740,-3.7123
5101770,-4.0329
5101800,-3.9841
5101830,-3.6700
5101860,-3.5075
5101890,-3.0769
5101920,-4.4475
5101980,-4.3350
5102010,-3.5735
5102070,-5.1684
5102100,-3.8229
5102120,-3.8590
5102160,-2.9917
5102250,-3.7453
5102280,-3.8967
5102310,-3.7896
5102340,-2.8794
5102360,-3.4700
5102390,-4.4696
5102400,-3.2464
5102460,-3.8938
5102490,-3.8018
5102520,-3.8131
5102580,-3.7531
5102610,-4.3428
5102640,-3.6575
5102670,-3.4494
5102710,-3.2877
5102730,-3.5862
5102790,-3.7915
5102820,-4.0053
5102880,-4.0826
5102940,-4.2555
5103000,-4.1512
5103030,-3.6401
5103060,-3.7316
5103090,-4.3432
5103130,-3.7929
5103150,-4.0218
5103180,-3.5291
5103240,-2.6726
5103270,-4.0166
5103300,-3.7734
5103330,-3.9492
5103390,-4.4952
5103460,-3.6751
5103600,-3.7804
5103640,-3.9529
5103660,-3.9753
5103690,-3.5150
5103710,-3.9224
5103750,-4.7301
5103780,-4.4913
5103840,-3.6995
5103870,-4.2477
5103930,-3.7938
5103980,-4.0769
5104020,-2.9257
5104050,-3.4455
5104110,-3.8343
5104150,-3.9666
5300300,-3.7731
5300390,-3.0864
5300420,-3.9420
5300480,-4.6315
5300660,-3.8091
5301080,-3.7793
5301410,-4.3154
5302400,-3.9915
5302670,-3.6266
5302700,-4.1050
5302820,-3.8440
5302940,-4.1227
5303540,-3.0924
5303750,-3.5182
5303930,-3.3195
5303960,-2.9450
5304230,-3.6946
5304860,-4.5374
5305430,-4.0182
5305850,-4.1707
5305910,-3.8349
5305940,-4.5744
5306570,-3.1042
5306960,-3.7015
5307230,-3.0421
5307320,-4.1598
5307710,-1.8056
5307920,-3.2413
5308130,-4.0044
5308250,-3.5123
5308460,-3.8497
5308700,-3.6143
5309180,-3.2249
5309270,-3.3833
5400060,-4.6117
5400180,-4.4363
5400300,-4.6405
5400390,-4.0600
5400510,-4.7341
5400570,-4.0341
5400600,-4.2997
5400720,-4.4855
5400810,-5.2283
5400840,-4.4875
5400930,-4.6351
5401050,-4.1645
5401230,-4.3951
5401620,-4.6725
5500390,-3.1687
5500540,-3.9402
5501050,-3.8813
5501770,-3.0582
5501800,-3.3679
5503060,-3.9661
5504050,-3.5085
5504680,-3.0166
5505460,-2.8163
5505820,-2.5259
5505940,-3.7329
5506030,-3.4963
5507020,-3.6531
5507320,-2.7690
5507530,-3.4862
5508520,-1.1639
5509060,-3.3952
5509130,-3.1981
5509510,-1.7137
5509600,-2.8669
5510320,-2.8564
5510830,-3.6444
5511190,-3.2540
5512360,-2.9889
5513650,-3.5101
5513800,-2.3186
5514640,-2.4296
5514670,-4.0095
5515330,-2.2292
5515780,-2.9787
5515900,-3.9996
5515990,-2.6166
5516260,-3.5937
5516290,-4.1161
5516620,-2.2209
5601980,-4.0882
5604510,-4.2721
