id,wh_coh
0100005,-0.0159
0100006,-0.0170
0100007,-0.0597
0100008,-0.0383
0100012,-0.0614
0100120,-0.1028
0100270,0.0153
0100420,-0.0291
0100540,0.0134
0100660,-0.0254
0101020,-0.0151
0101140,0.0245
0101170,-0.0365
0101230,0.0404
0101290,-0.0097
0101320,0.0314
0101560,-0.0121
0101590,-0.0899
0101620,0.0270
0101760,-0.0413
0101800,-0.0198
0101920,-0.0183
0102070,0.0515
0102100,-0.0040
0102220,-0.0438
0102370,-0.0359
0102430,0.0229
0102480,-0.0899
0102550,-0.0544
0102635,-0.0219
0102910,-0.0074
0103030,-0.0557
0103360,0.0445
0103390,0.0791
0200180,-0.0167
0200390,-0.0329
0200510,-0.0487
0200600,0.0178
0400001,-0.0594
0400003,-0.0780
0400212,-0.0222
0400295,-0.0296
0400600,-0.0335
0400680,-0.0296
0400790,-0.0030
0400960,0.0287
0401050,-0.0970
0401380,-0.0397
0401460,0.0095
0401500,-0.0235
0401600,-0.0025
0401680,-0.0470
0401710,-0.0276
0401760,0.0200
0401870,-0.0595
0402320,0.0605
0402370,0.0024
0402400,0.0028
0402430,0.1156
0402690,-0.0247
0402860,0.0026
0402920,-0.0315
0403010,-0.0117
0403060,-0.1453
0403400,-0.0016
0403420,-0.0742
0403500,-0.0188
0403780,-0.0221
0403870,0.0015
0403990,-0.0176
0404230,-0.0187
0404280,-0.0192
0404290,0.0040
0404320,-0.0153
0404380,-0.0242
0404440,0.0617
0404500,-0.0261
0404630,-0.0002
0404720,-0.0383
0404770,-0.0224
0404970,0.0163
0405030,-0.0112
0405190,-0.0860
0405320,-0.0156
0405460,-0.0307
0405640,-0.0205
0405670,0.1584
0405880,-0.0567
0405930,-0.0391
0406070,-0.0397
0406210,-0.0643
0406250,-0.0158
0406300,0.0042
0406580,-0.0382
0406730,-0.1116
0406810,-0.0495
0407080,0.0914
0407130,0.0664
0407170,-0.0145
0407240,-0.0026
0407300,-0.0479
0407570,-0.0537
0407700,0.0102
0407750,-0.0556
0407820,-0.0194
0408170,-0.0280
0408280,-0.0405
0408310,0.0271
0408550,-0.0293
0408800,0.0024
0408820,-0.0114
0408850,-0.0088
0409060,-0.0242
0409190,0.0474
0409250,-0.0772
0409460,-0.0668
0409600,0.0012
0409733,-0.0731
0500006,0.0710
0500019,-0.0820
0500049,-0.0475
0502960,-0.0019
0503060,-0.0646
0503150,-0.0144
0503690,-0.0230
0503750,-0.0318
0504380,-0.0135
0504590,-0.0005
0504890,-0.1124
0504930,-0.0271
0505680,-0.1249
0506120,-0.0598
0506330,-0.0664
0506870,-0.0628
0507840,-0.1163
0507890,-0.0746
0508280,-0.0467
0508610,-0.0771
0508670,-0.0127
0509000,0.0477
0510380,-0.0156
0510680,-0.0938
0511850,0.0355
0511970,-0.0297
0512060,-0.0270
0512450,-0.0322
0512660,-0.0676
0513410,-0.0318
0600001,0.0046
0600013,-0.0071
0600014,-0.0056
0600015,0.0160
0600016,-0.0302
0600017,-0.0020
0600019,0.0165
0600020,-0.0690
0600025,-0.0321
0600027,0.0125
0600028,0.0396
0600029,-0.0182
0600032,0.0118
0600033,-0.0156
0600034,0.0026
0600036,-0.0419
0600043,0.0534
0600044,-0.0103
0600045,0.0023
0600047,-0.0398
0600048,0.0148
0600051,-0.0914
0600052,-0.0617
0600060,0.0176
0600061,-0.0207
0600062,-0.0278
0600063,0.0326
0600064,0.0298
0600065,-0.1405
0600068,-0.0081
0600069,-0.0462
0600153,-0.0581
0600158,-0.0015
0601332,0.0446
0601620,-0.0013
0601710,-0.0513
0601770,-0.0918
0601860,-0.0090
0601950,-0.1063
0602100,-0.0349
0602160,0.0120
0602430,0.0462
0602450,-0.0316
0602610,-0.0082
0602850,-0.0106
0602970,-0.0007
0603300,-0.0624
0603420,-0.0160
0603480,-0.0779
0603600,-0.0591
0603630,-0.0140
0603840,-0.0184
0604020,-0.0360
0604230,-0.0043
0604260,0.0161
0604290,0.0314
0604380,0.0067
0604440,0.0385
0604530,-0.0654
0604620,-0.0291
0604650,-0.0192
0604740,-0.0536
0604800,0.0930
0604830,-0.0397
0605580,-0.0602
0605610,-0.0249
0605790,-0.0592
0605880,-0.0224
0605910,-0.0154
0606270,-0.0290
0606330,0.0198
0606360,-0.0154
0606390,-0.0660
0606450,0.0253
0606480,0.0125
0606570,-0.0344
0606750,-0.0240
0606780,-0.0539
0606810,-0.0450
0606870,-0.0041
0607140,-0.0427
0607200,0.0190
0607440,0.0300
0607500,-0.0167
0607530,-0.0248
0607560,-0.0123
0607680,0.0379
0607740,-0.0032
0607800,-0.0178
0607900,0.0476
0607950,-0.0243
0607970,0.0079
0607980,0.0086
0608070,0.0061
0608130,-0.0518
0608190,0.0418
0608250,0.0614
0608370,-0.0098
0608460,-0.0227
0608520,-0.0108
0608610,0.0277
0608760,0.0264
0608970,-0.0582
0609030,-0.0145
0609120,0.0218
0609390,-0.0103
0609570,0.0086
0609640,0.0258
0609780,-0.0606
0609850,-0.0343
0609870,-0.0595
0609940,-0.0297
0610050,-0.0481
0610260,0.0230
0610290,-0.0048
0610440,-0.0360
0610620,-0.0236
0610740,-0.0759
0610770,-0.0013
0611040,-0.0484
0611110,0.0027
0611220,0.0720
0611280,-0.0780
0611460,-0.0376
0611490,-0.0089
0611520,-0.0362
0611850,-0.0421
0611910,-0.0814
0612030,0.0494
0612090,0.0833
0612210,0.0262
0612330,-0.0006
0612690,-0.0524
0612750,-0.0730
0612810,0.0039
0612840,-0.0093
0612880,-0.0389
0612960,0.0172
0613080,-0.1049
0613140,0.0089
0613200,-0.0231
0613360,-0.0129
0613500,-0.0262
0613800,-0.0625
0613890,-0.0009
0613920,-0.0244
0614070,-0.0283
0614220,-0.0386
0614250,-0.0353
0614370,-0.0170
0614400,-0.0369
0614550,-0.0040
0614700,-0.0235
0614730,0.0093
0614790,-0.0577
0614880,0.0153
0614950,-0.0144
0615180,0.0155
0615240,0.0043
0615270,0.0031
0615510,-0.0057
0615780,0.0867
0616050,-0.0619
0616300,-0.0141
0616323,-0.0797
0616325,0.0446
0616470,-0.0278
0616650,0.0078
0616740,-0.0499
0616920,-0.0060
0617160,-0.0420
0617220,-0.0752
0617340,-0.0403
0617490,0.0496
0617850,-0.0454
0618030,0.0187
0618210,0.0211
0618730,0.0187
0618840,-0.0507
0619140,-0.0191
0619260,-0.0087
0619320,-0.0338
0619440,-0.0939
0619490,-0.0471
0619620,0.0418
0619700,-0.0341
0619770,-0.0490
0619800,-0.0717
0620070,0.0116
0620130,-0.0075
0620190,-0.0027
0620250,0.0259
0620310,-0.0171
0620370,-0.0070
0620460,0.0343
0620640,0.0075
0620670,-0.0559
0620730,-0.0548
0620790,-0.0327
0620880,-0.0612
0621000,0.0021
0621210,-0.0200
0621330,-0.0253
0621360,-0.0056
0621690,0.0257
0621810,-0.0457
0621930,-0.0426
0621990,-0.0583
0622050,0.0118
0622110,-0.0122
0622230,-0.0003
0622410,-0.0193
0622500,0.0404
0622560,0.0538
0622590,-0.0201
0622650,0.0099
0622710,-0.0093
0622740,-0.0353
0622830,-0.0134
0623010,-0.0035
0623080,-0.0260
0623340,-0.0235
0623430,-0.0432
0623530,-0.0028
0623610,0.0014
0623940,0.0112
0624000,-0.0965
0624030,-0.0254
0624090,-0.0219
0624180,0.0091
0624360,-0.0550
0624540,-0.0304
0624570,-0.0851
0624600,-0.0337
0624720,-0.0597
0624750,-0.0583
0625130,-0.0406
0625230,-0.0117
0625320,0.0335
0625470,-0.0367
0625530,-0.0003
0625690,-0.0026
0625770,0.0506
0625800,-0.0161
0625830,-0.0180
0625860,-0.0091
0625980,-0.0655
0626100,0.0672
0626220,-0.0056
0626280,0.0557
0626370,0.0527
0626490,0.0256
0626640,-0.0064
0626910,-0.0229
0627060,0.0911
0627180,0.0338
0627200,-0.0056
0627240,-0.0380
0627450,-0.0414
0627480,0.0120
0627590,-0.0816
0627690,-0.0192
0627720,-0.0535
0627780,-0.0513
0627810,-0.0478
0627840,-0.0507
0628050,-0.0064
0628080,-0.0063
0628140,0.0035
0628250,-0.0247
0628270,0.0053
0628320,0.0146
0628470,0.0062
0628650,-0.0024
0628710,-0.0510
0628950,-0.0430
0629100,-0.0615
0629220,-0.0051
0629370,0.0110
0629490,0.0065
0629540,0.0031
0629550,-0.0020
0629580,-0.0337
0629610,-0.0816
0629640,-0.0068
0629700,-0.0605
0629820,0.0303
0629940,0.0205
0630030,-0.0208
0630180,0.0097
0630230,-0.0604
0630250,-0.0565
0630360,-0.0251
0630450,-0.0670
0630510,-0.0380
0630660,-0.0456
0630780,-0.0108
0630990,-0.0440
0631180,-0.0343
0631320,-0.0913
0631530,0.0099
0631710,0.0196
0631980,-0.0522
0632040,0.0022
0632070,0.0154
0632130,-0.0337
0632310,-0.0043
0632370,0.0058
0632550,0.1157
0632610,-0.0414
0632640,-0.0131
0632710,0.0211
0632760,0.0422
0632880,-0.0183
0633110,-0.0072
0633150,-0.0267
0633240,-0.0219
0633390,-0.0204
0633480,-0.0453
0633600,-0.0404
0633840,0.0456
0633860,0.0063
0633900,-0.0160
0633930,-0.0815
0634170,-0.0677
0634230,0.0416
0634290,-0.0050
0634320,0.1179
0634410,0.1590
0634425,0.0298
0634440,0.0112
0634590,0.0163
0634620,0.0070
0634710,-0.0628
0634740,0.0072
0634800,-0.0321
0634880,0.0421
0634920,-0.0070
0635010,-0.0613
0635090,0.0293
0635130,-0.0322
0635250,0.0781
0635310,0.1008
0635360,-0.0061
0635430,0.0839
0635590,0.0169
0635600,-0.0305
0635700,0.0125
0635790,0.0169
0635810,0.0145
0635830,-0.0004
0635880,-0.0377
0635970,-0.0695
0636270,0.0277
0636800,-0.0195
0636820,0.0309
0636840,0.0038
0636970,0.0077
0636990,-0.1457
0637110,-0.0664
0637200,-0.0578
0637290,-0.0121
0637380,0.0351
0637500,-0.0740
0637530,0.0259
0637620,-0.0518
0637710,0.0411
0637830,0.0740
0637890,0.0009
0637950,0.0450
0638010,-0.0713
0638220,-0.0706
0638340,0.0131
0638460,0.0100
0638670,-0.0401
0638700,0.0191
0638770,-0.0633
0638880,0.0201
0638980,-0.0591
0639000,-0.0057
0639420,-0.0360
0639630,0.0166
0639870,-0.0119
0640150,-0.0026
0640300,-0.0237
0640320,-0.0447
0640590,-0.0460
0640740,0.0032
0640980,0.0337
0641040,-0.0154
0641160,-0.0108
0641190,-0.0382
0641250,-0.0162
0641280,0.0135
0641580,0.0542
0641790,0.0155
0641880,-0.0456
0642000,-0.0654
0642120,-0.0371
0642140,0.0253
0642150,0.0468
0642330,-0.0300
0642450,-0.0667
0642510,-0.0304
0642710,-0.0675
0642810,0.0083
0642930,-0.0902
0643080,-0.0316
0643200,0.0207
0643470,-0.0241
0643560,0.0010
0684500,-0.0537
0691012,-0.0180
0691135,0.0214
0691136,-0.0739
0802340,0.0121
0802490,-0.0062
0802580,0.0094
0802910,0.0041
0803060,-0.0076
0803360,0.0374
0803450,-0.0287
0803990,-0.0394
0804350,-0.0435
0804410,-0.0659
0804800,0.0252
0805370,-0.0052
0806120,0.0234
0806900,-0.0020
0900060,-0.0797
0900070,-0.0006
0900270,-0.0457
0900420,-0.0233
0900450,-0.0519
0900510,-0.0666
0900700,-0.0629
0901020,-0.0580
0901110,0.0207
0901260,0.0056
0901290,-0.0113
0901470,-0.0267
0901530,-0.0424
0901620,-0.0729
0901710,-0.0653
0901770,0.0175
0901860,0.0777
0901920,0.0902
0902310,-0.0030
0902400,-0.0883
0902490,0.0281
0902520,-0.0151
0902640,-0.0317
0902670,-0.0900
0902790,-0.0612
0902820,0.0112
0902850,-0.0262
0902880,-0.0179
0902910,0.0043
0903090,0.0344
0903120,-0.0539
0903300,-0.0240
0904050,0.0135
0904170,0.0513
0904230,-0.0087
0904320,0.0197
0904440,0.0026
0904590,-0.0386
0904620,-0.0533
0904680,-0.0798
0904740,-0.0548
0904830,-0.0040
0904920,-0.0396
0904950,-0.0094
0905070,-0.0979
0905190,-0.0124
0905220,-0.0450
1000080,0.0077
1000170,-0.0367
1000180,-0.0287
1000190,0.0471
1000200,0.0632
1000230,-0.0272
1000680,0.0436
1001080,0.0036
1001240,-0.0207
1001300,0.0457
1001530,0.0593
1001620,0.0436
1001850,-0.0464
1100030,0.0307
1200090,0.0212
1200150,-0.0116
1200180,0.0119
1200240,-0.0989
1200270,-0.0393
1200300,-0.0282
1200330,0.0051
1200360,0.0053
1200390,0.0050
1200420,-0.0696
1200480,0.0298
1200510,0.0249
1200540,-0.0171
1200660,-0.0450
1200750,-0.0044
1200780,-0.0252
1200810,-0.0446
1200840,-0.0064
1200870,-0.0014
1200930,-0.0255
1201050,-0.0260
1201080,0.0017
1201110,0.0446
1201140,-0.0711
1201230,-0.0265
1201260,0.0010
1201290,-0.0181
1201320,-0.0331
1201350,0.0227
1201410,-0.0133
1201440,-0.0085
1201470,-0.0245
1201500,0.0261
1201530,-0.0137
1201560,-0.0254
1201590,-0.0202
1201620,-0.0431
1201650,-0.0156
1201680,-0.0029
1201710,-0.0089
1201740,-0.0538
1201770,-0.0112
1201800,-0.0343
1201830,-0.0687
1201920,-0.0306
1201980,-0.0533
1202012,0.0445
1300001,0.0529
1300060,0.0117
1300090,-0.0929
1300120,0.0113
1300290,0.0244
1300330,0.0116
1300360,-0.0293
1300420,0.0093
1300570,-0.0577
1300600,0.0358
1300630,0.0139
1300720,-0.0720
1300780,0.0583
1300810,-0.0005
1300840,0.0030
1300870,-0.0347
1300900,0.0514
1300930,0.0475
1301020,0.0667
1301110,0.0662
1301170,0.0320
1301230,-0.0670
1301290,0.0354
1301350,0.0105
1301380,-0.0105
1301410,0.0019
1301500,0.0330
1301620,-0.0457
1301710,-0.0019
1301740,0.0541
1301830,0.0219
1301860,0.0045
1301980,-0.0571
1302010,-0.0692
1302070,0.0902
1302130,0.0375
1302190,0.0260
1302220,0.0191
1302280,0.0386
1302310,-0.0591
1302340,0.0300
1302400,0.0357
1302430,-0.0065
1302460,-0.0114
1302520,-0.0108
1302550,-0.0032
1302580,0.0182
1302610,0.0400
1302820,-0.0158
1302880,0.0049
1302940,-0.0166
1303000,0.0531
1303300,0.0208
1303360,0.0187
1303390,0.0483
1303420,-0.0247
1303480,0.0191
1303510,0.0806
1303840,0.0216
1303870,0.0899
1303930,0.0204
1303960,-0.0462
1304020,0.0024
1304050,0.0191
1304200,0.0828
1304320,-0.0120
1304380,0.0299
1304410,-0.0376
1304440,0.0275
1304620,0.0465
1304770,0.0252
1304980,0.0044
1305040,-0.0348
1305310,-0.0606
1305390,0.0040
1305430,-0.0389
1305550,-0.0278
1305700,0.0272
1500030,-0.0016
1600030,0.0010
1600060,-0.0620
1600270,-0.0246
1600300,-0.0805
1600360,-0.0069
1600480,-0.0738
1600510,-0.0188
1600600,-0.0359
1600660,-0.0080
1600780,-0.0172
1600930,-0.0226
1601020,0.0246
1601110,-0.0193
1601140,-0.0201
1601260,0.0864
1601470,-0.0471
1601530,-0.0184
1601570,-0.0643
1601590,-0.0304
1601770,-0.0863
1601980,-0.0196
1602100,-0.0234
1602130,-0.0012
1602190,-0.0174
1602250,-0.0218
1602340,0.0002
1602550,-0.0126
1602580,-0.0288
1602640,0.0280
1602670,-0.0701
1602910,-0.0119
1602970,0.0265
1603180,0.0370
1603240,0.0261
1603330,0.0043
1603360,-0.0354
1700010,-0.0150
1700077,-0.0503
1700112,0.0105
1700119,-0.0134
1700320,0.0336
1703150,-0.0307
1703480,-0.0494
1703840,-0.0536
1703930,-0.0095
1703960,-0.0088
1704050,0.0160
1704140,-0.0586
1704560,0.0003
1704680,-0.0003
1704710,0.0219
1705050,-0.0940
1705220,-0.0507
1705310,-0.0553
1705790,-0.0548
1705910,-0.0362
1706060,0.0187
1706090,0.0556
1706270,0.0024
1706480,-0.0877
1706510,-0.0438
1706750,-0.0073
1706930,0.0043
1707170,-0.0329
1707290,-0.0448
1707320,0.0793
1707830,-0.0653
1708550,-0.0828
1708730,0.0070
1709420,0.0503
1709930,0.0637
1709990,0.0079
1710200,-0.0402
1710470,0.0030
1710650,0.0059
1711250,-0.0516
1711350,-0.0347
1711790,-0.0522
1712000,-0.0727
1712120,-0.0447
1712210,-0.0570
1712540,-0.0085
1713140,-0.0235
1713170,-0.0528
1713710,-0.0057
1713770,-0.0185
1713970,-0.0167
1714100,0.0085
1714460,-0.1650
1714550,0.0466
1715420,-0.0250
1715480,-0.0433
1715780,-0.0035
1715900,-0.0664
1715930,-0.0871
1716080,-0.0205
1716290,-0.0599
1716380,-0.0644
1716410,0.0466
1716800,-0.0186
1716920,-0.0420
1717040,0.0022
1717280,-0.0693
1717520,-0.0264
1717800,-0.0450
1718240,-0.0527
1718420,-0.0480
1718570,-0.0341
1719290,-0.0701
1719500,-0.0538
1719830,-0.0060
1720180,-0.0389
1720580,0.0108
1720760,-0.0628
1720880,-0.0945
1721000,-0.0279
1721030,-0.1025
1721270,-0.0737
1721450,0.0389
1721600,-0.1187
1721630,0.0299
1721870,0.0190
1721900,-0.1083
1722020,-0.0308
1722080,0.0222
1723460,-0.0104
1723850,-0.0347
1724330,-0.0290
1724480,-0.0297
1724780,-0.0235
1725290,-0.1050
1725620,-0.0521
1725920,-0.0440
1726310,-0.0620
1726400,-0.0241
1727540,-0.0286
1727710,-0.0325
1728140,-0.0005
1728620,-0.0266
1728700,-0.0046
1728890,0.0084
1729190,-0.0394
1729250,-0.0477
1730220,0.0147
1730270,0.0164
1730300,-0.0340
1730420,-0.0305
1730840,-0.0513
1731230,-0.0662
1731740,-0.0473
1731770,-0.0093
1732850,0.0360
1732970,-0.1364
1733210,-0.0347
1733450,-0.0101
1733690,-0.0919
1733840,0.0102
1733870,-0.0772
1733990,-0.0719
1734260,-0.0193
1734350,-0.0669
1734410,0.0010
1734510,-0.0091
1734740,-0.0524
1734990,-0.0177
1735370,-0.0504
1735640,0.0023
1736450,-0.1119
1736480,0.0056
1736810,-0.0338
1737080,-0.0382
1737170,-0.0445
1737680,0.0461
1738220,-0.0741
1738460,-0.0365
1739030,-0.0090
1739510,0.0191
1739960,-0.0543
1740070,-0.0461
1740350,0.0064
1740500,-0.0130
1741190,-0.0291
1741250,-0.0662
1741550,-0.0372
1741690,-0.0575
1741790,-0.1073
1742180,-0.0270
1742210,-0.0912
1742310,0.0026
1743020,-0.0578
1743110,-0.0570
1743330,-0.0443
1743860,0.0292
1743960,-0.0729
1800030,0.0241
1800150,-0.1606
1800270,0.0241
1800360,-0.0495
1800630,0.0232
1800900,0.0417
1801020,-0.0657
1801200,0.0343
1801890,0.0547
1802400,-0.0103
1802460,0.0092
1802490,0.0181
1802640,-0.0116
1802800,-0.0009
1802850,-0.0082
1802910,-0.0438
1803270,-0.0504
1803450,-0.0018
1803630,-0.0355
1803660,-0.0580
1803750,-0.0975
1803930,-0.0298
1803940,0.0140
1803960,-0.0280
1804110,-0.1136
1804170,-0.0144
1804320,0.0087
1804560,0.0236
1804590,0.0387
1804620,0.0097
1804770,0.0508
1805280,0.0370
1805400,-0.0654
1805450,-0.0252
1805460,0.0315
1805520,0.0146
1805550,-0.0163
1805580,-0.0139
1805670,0.0038
1806030,-0.0712
1806390,-0.0670
1806570,-0.0546
1806600,-0.0086
1807350,-0.0470
1807410,-0.0269
1807650,-0.0368
1808760,-0.0205
1808820,-0.0298
1808910,-0.0195
1809060,-0.0674
1809150,-0.0480
1809690,-0.0047
1810080,0.0697
1810140,-0.0490
1810290,0.0005
1810650,-0.0110
1810870,0.0804
1811340,-0.0886
1811460,-0.0758
1811580,-0.0620
1811970,-0.0014
1812090,-0.0635
1812360,-0.0757
1812420,-0.0472
1812450,0.0416
1812720,0.0178
1812810,-0.0443
1812900,-0.0286
1813080,0.1176
1903690,-0.0195
1904860,0.0074
1906540,0.0075
1907710,-0.0186
1908220,0.0415
1908580,0.0296
1908910,-0.1052
1908970,0.0133
1909480,-0.0437
1911820,0.0579
1913470,0.0563
1914700,-0.0033
1915450,-0.0083
1916680,-0.0248
1918720,-0.0125
1918780,0.0186
1920130,-0.0504
1922110,-0.0006
1922530,-0.0495
1926400,-0.0119
1926730,-0.0303
1926820,0.0110
1927390,-0.1003
1930240,-0.0178
1930480,-0.0671
1930510,0.0288
1930930,-0.0101
1930990,0.0390
2003200,-0.0235
2003360,0.0773
2003450,-0.0114
2004050,0.0575
2005460,-0.0066
2005490,0.0007
2005580,0.0111
2005940,-0.0231
2006390,-0.0374
2006420,-0.0523
2006540,-0.0044
2006660,-0.0779
2007050,0.0153
2007350,-0.0499
2007560,0.0176
2007620,-0.0542
2007890,0.0067
2007950,-0.0433
2008400,0.0105
2008430,-0.0289
2008730,-0.0727
2009140,0.0309
2009180,0.0616
2009960,-0.0485
2010140,0.0450
2010710,0.0307
2011370,-0.0070
2011640,0.0457
2012000,-0.0316
2012180,0.0074
2012260,-0.0497
2012360,-0.0048
2012420,-0.0468
2012510,-0.0251
2012990,-0.0107
2100510,0.0292
2100570,0.0045
2100750,0.0265
2101150,0.0122
2101470,0.0219
2101860,0.0791
2102010,0.0746
2102490,-0.0408
2102990,0.0755
2103090,0.0042
2103900,0.1520
2104530,-0.0153
2105260,0.0766
2105320,-0.0047
2105730,0.1273
2106000,0.0757
2200090,-0.0392
2200270,-0.0515
2200300,-0.0108
2200330,-0.0473
2200540,0.0150
2200720,-0.0342
2200840,0.0453
2200870,0.0449
2200900,0.0265
2201020,-0.0355
2201170,0.0215
2201200,0.0031
2201230,-0.0043
2201290,0.0350
2201410,-0.0190
2201440,0.0479
2201530,-0.0198
2201620,-0.0127
2201650,0.0142
2201680,-0.0085
2201740,0.0220
2201770,0.0229
2201830,-0.0751
2309930,-0.0400
2400060,0.0264
2400090,0.1629
2400120,0.0635
2400150,-0.0001
2400180,-0.0054
2400210,0.0285
2400240,0.0111
2400270,0.0592
2400330,0.0237
2400390,0.0493
2400420,-0.0121
2400480,0.0495
2400510,0.0294
2400540,0.0369
2400600,0.0292
2400630,-0.0097
2400660,-0.0167
2400690,0.0025
2400720,0.0092
2501890,0.0608
2501980,0.0036
2502190,-0.0226
2502640,0.0262
2502790,0.0556
2502940,0.0409
2503090,-0.0048
2503150,-0.0276
2503270,0.0255
2503540,0.0024
2503660,-0.0650
2503750,-0.0489
2504050,0.0432
2504140,-0.0149
2504770,-0.0429
2504830,-0.0442
2504890,0.0288
2504980,-0.0442
2505130,-0.0147
2505970,-0.0153
2506270,-0.0723
2506660,-0.0772
2506780,-0.0318
2507020,-0.0262
2507110,-0.0555
2507170,-0.0206
2507320,0.0121
2507560,0.0217
2507740,-0.0136
2507860,-0.0407
2508430,0.0269
2508610,-0.0253
2508700,-0.0423
2508850,-0.0618
2509360,0.0084
2509630,-0.0690
2509870,-0.0195
2509930,-0.0521
2510050,-0.0099
2510380,-0.0126
2510500,0.0418
2510770,0.0054
2510890,0.1970
2511010,-0.0333
2511130,-0.0552
2511520,-0.0212
2511880,0.0016
2512000,0.0565
2512240,-0.0213
2512270,0.0588
2512510,-0.0045
2512630,-0.0232
2512840,-0.0086
2513200,-0.0534
2513230,-0.0080
2600005,-0.1064
2600015,-0.1035
2601950,0.0167
2602520,-0.0538
2602820,-0.0415
2603870,0.0255
2604260,-0.1038
2606270,-0.0337
2606780,-0.0494
2608070,-0.0160
2609570,-0.0472
2609900,-0.1278
2610620,-0.0613
2611600,0.0304
2612000,0.0012
2612150,0.0118
2614230,-0.0280
2614520,0.0547
2614610,-0.0280
2616110,-0.0299
2616350,-0.0253
2616380,-0.0223
2616410,0.0167
2616440,0.0208
2616470,-0.0539
2616500,-0.0613
2617860,0.0236
2617880,-0.0868
2618420,-0.0356
2618480,0.0151
2618840,0.0254
2618990,0.0329
2619100,-0.0706
2619620,0.0249
2619950,-0.0243
2620160,-0.1052
2620280,-0.0493
2620340,-0.0311
2620730,-0.0968
2620850,-0.0083
2621150,-0.0202
2621600,-0.0375
2621840,-0.0743
2621870,-0.0667
2622320,0.0100
2623460,-0.0997
2623820,-0.0782
2624150,-0.0241
2624840,-0.0809
2625560,0.0306
2626760,-0.0471
2628560,-0.0106
2628740,-0.0189
2628830,-0.1117
2628950,0.0008
2629940,-0.1622
2630090,0.0068
2630390,0.1215
2630450,0.0153
2631320,-0.1354
2632300,-0.0837
2632340,-0.0078
2632370,-0.0104
2633090,-0.0981
2633540,-0.0582
2633870,0.0060
2634470,-0.0235
2635160,-0.1088
2635310,-0.0220
2635520,0.0156
2635910,-0.0417
2636485,0.0251
2636540,-0.0076
2636570,-0.0335
2636630,0.0377
2636660,0.0142
2700102,-0.0095
2700109,0.0154
2700128,-0.0579
2702970,-0.0164
2703180,0.0019
2703450,0.0079
2705790,0.0073
2706240,0.0539
2707290,0.0256
2708100,-0.0317
2708190,-0.0426
2709510,0.0030
2711250,0.0692
2711370,-0.0331
2711760,-0.0012
2711820,0.0195
2712270,-0.0476
2714220,0.0335
2714260,-0.0150
2715030,0.0462
2717780,0.0180
2718780,-0.0046
2720550,-0.0737
2721240,0.0368
2721390,-0.0033
2721420,-0.0231
2722950,0.0615
2723850,-0.0057
2723880,-0.0352
2725200,-0.0215
2728050,-0.0236
2731750,-0.0008
2731780,-0.0150
2731800,0.0399
2732390,-0.0063
2732430,0.0364
2733000,0.0019
2733270,-0.0480
2733330,0.1525
2733510,-0.0164
2733600,-0.1018
2733780,0.1101
2733810,0.0130
2733840,0.1182
2742160,0.0787
2742270,0.0718
2742360,-0.0075
2742720,-0.0257
2744160,-0.0333
2801320,0.0079
2801770,0.0564
2802280,0.0893
2802400,0.0146
2802790,0.0960
2803480,-0.0621
2803520,0.0122
2803830,0.0677
2901000,0.0499
2904620,0.0973
2905310,-0.0283
2905760,0.0349
2907460,-0.0475
2908370,-0.0579
2912290,-0.0389
2913140,-0.0355
2913830,0.0198
2914340,-0.0313
2915480,0.0158
2916190,-0.0303
2916350,0.0171
2916400,0.0953
2918300,-0.0216
2918540,0.0356
2920410,-0.0408
2920610,-0.0565
2920670,-0.0387
2921120,-0.0426
2921810,-0.0436
2922800,-0.0195
2923550,-0.0148
2923580,-0.0371
2923700,-0.0118
2926070,0.0108
2926640,-0.0323
2926850,-0.0013
2927060,0.0572
2927830,-0.0496
2927870,0.0728
2928860,-0.0400
2928920,-0.0471
2928950,-0.0157
2929280,0.1136
2931440,-0.0011
2931500,0.0565
2931650,0.0065
3003870,0.0034
3013040,-0.0126
3100016,-0.0408
3100022,-0.0629
3100095,-0.1120
3100098,0.0164
3102910,0.0077
3103810,-0.0571
3105340,-0.0617
3170710,-0.0293
3171580,-0.0477
3172390,0.0281
3172810,-0.0671
3172840,-0.0012
3173740,0.0555
3174430,-0.0321
3174820,0.0002
3175270,0.0139
3175900,-0.0039
3176450,-0.1740
3176470,0.0029
3176860,-0.1140
3178660,-0.1124
3200030,-0.0268
3200060,0.0249
3200090,-0.0460
3200120,-0.0423
3200210,-0.0066
3200240,-0.0466
3200300,0.0071
3200360,0.0088
3200390,-0.0409
3200480,-0.0265
3304590,0.0038
3304980,-0.0266
3401260,-0.0193
3401350,0.0329
3401500,0.0273
3401560,0.0297
3401830,0.0220
3402220,-0.0252
3402250,-0.0352
3402280,-0.0495
3402400,0.0627
3402460,-0.0016
3402820,-0.0416
3403000,0.0356
3403270,-0.0349
3403300,-0.0424
3403900,0.0347
3403990,-0.0585
3404020,-0.0380
3404110,-0.0196
3404320,0.0115
3404410,-0.0745
3404500,-0.0036
3404560,0.0063
3404590,-0.0210
3404660,0.0558
3404920,0.0168
3404980,-0.0578
3405070,-0.0283
3405190,0.0005
3405310,0.0029
3405490,0.0106
3405580,-0.0957
3405640,0.0136
3405730,-0.0350
3405760,0.0311
3406030,0.0257
3406270,-0.0496
3406450,-0.0413
3406510,0.0557
3406540,0.0451
3406570,-0.0145
3406870,0.0146
3406930,-0.0378
3406990,-0.0590
3407230,-0.0654
3407350,0.0667
3407560,-0.0323
3407740,-0.0422
3407830,0.0211
3407890,-0.0010
3408220,-0.0947
3408400,-0.0127
3408610,-0.0747
3408640,0.0156
3408760,-0.0585
3408850,-0.0207
3408940,-0.0346
3409210,-0.0024
3409270,-0.0023
3409390,-0.0279
3409450,-0.0426
3409630,-0.0068
3409750,0.0136
3409810,-0.0657
3410050,-0.0308
3410110,-0.0564
3410320,-0.0208
3410470,-0.0107
3410560,0.0250
3410810,-0.0156
3410950,-0.0437
3410980,-0.0557
3411160,-0.0360
3411280,0.0178
3411340,-0.0455
3411430,0.0794
3411460,-0.0036
3411490,-0.0113
3411640,0.0213
3411880,-0.0619
3412060,0.0083
3412420,-0.0523
3412480,-0.0587
3412690,-0.0661
3412810,-0.0392
3412840,-0.0246
3412870,-0.0079
3412960,0.0074
3413050,-0.0140
3413410,-0.0902
3413530,-0.0295
3413650,-0.0378
3413680,-0.0419
3413770,-0.0182
3413800,-0.0108
3413830,-0.0625
3414130,-0.0592
3414310,-0.0001
3414340,-0.0385
3414460,-0.0449
3414490,0.0441
3414640,0.0264
3414670,-0.0313
3414850,-0.0114
3415090,-0.0344
3415210,-0.0230
3415330,-0.0331
3415360,-0.0502
3415390,-0.0282
3415630,0.0155
3415900,-0.0235
3416080,-0.0948
3416230,0.0205
3416260,-0.0479
3416500,0.0109
3416680,0.0374
3416710,-0.0370
3416800,-0.0298
3417070,-0.0263
3417280,-0.0677
3417610,-0.0202
3417640,-0.0389
3417700,0.0615
3417820,-0.0283
3417880,-0.0452
3418060,-0.0673
3418120,-0.0214
3500010,0.0085
3500030,0.0453
3500060,0.0351
3500120,0.0021
3500150,0.0558
3500180,0.0409
3500210,0.0487
3500240,-0.0311
3500300,-0.0068
3500570,-0.0099
3500690,-0.0157
3500990,-0.0031
3501080,0.0023
3501110,-0.0354
3501170,0.0313
3501260,-0.0196
3501500,0.0214
3501650,0.0573
3501680,0.0113
3501740,-0.0502
3501890,-0.0274
3502100,-0.0159
3502190,-0.0491
3502250,0.0757
3502310,0.0550
3502370,-0.0170
3502430,0.0014
3502460,0.0387
3502520,-0.0585
3502610,-0.0555
3502640,-0.0125
3600008,0.0388
3602460,0.0183
3602970,-0.0416
3603270,0.0971
3603840,-0.0253
3604080,0.0053
3604140,0.0040
3604870,-0.0489
3605280,0.0021
3605310,-0.0804
3605850,0.0079
3606570,-0.0165
3608160,-0.0539
3608310,-0.0021
3608880,-0.0365
3609840,0.0441
3610980,0.0444
3611460,-0.0479
3612180,-0.0121
3612510,-0.0190
3612630,0.0104
3613290,-0.0937
3613530,0.0050
3613740,-0.0187
3614010,0.0031
3614340,-0.0543
3615090,-0.0246
3615540,0.0464
3615630,0.0260
3615780,-0.0879
3616230,0.0529
3616290,0.0255
3616620,-0.0143
3617160,-0.0308
3617380,-0.0559
3617730,-0.0241
3618120,-0.1061
3618240,0.0535
3618690,-0.0270
3619200,-0.0362
3619230,-0.0188
3619320,-0.0691
3619560,0.0218
3619650,-0.0209
3619680,0.0163
3619740,-0.0477
3619950,0.0428
3620340,0.0075
3620490,0.0663
3620580,0.0401
3620700,-0.0527
3620910,-0.0409
3621570,0.0018
3622020,-0.0246
3622470,0.0358
3623010,0.0049
3623460,-0.0534
3623580,-0.0035
3624690,-0.0029
3624750,0.0756
3625350,0.0135
3626010,-0.0500
3627060,-0.0747
3627300,-0.0069
3628320,-0.0337
3628590,-0.0070
3628650,0.0308
3629370,-0.0028
3629430,-0.0241
3629460,0.0397
3629790,0.0600
3629880,0.0031
3630030,0.0128
3630540,0.0085
3631260,-0.0032
3631920,0.0920
3700011,-0.0120
3700012,-0.0507
3700030,-0.0092
3700090,-0.0067
3700240,-0.0954
3700330,-0.0215
3700390,-0.0447
3700420,-0.0484
3700450,-0.0546
3700480,-0.0143
3700530,-0.0148
3700580,-0.0112
3700630,-0.0043
3700690,0.0158
3700720,-0.0164
3700750,0.0031
3700900,-0.0480
3700930,-0.0440
3700960,-0.0529
3701110,-0.0405
3701140,-0.0272
3701170,-0.0804
3701200,-0.0297
3701260,0.0230
3701320,-0.0249
3701500,0.0082
3701530,-0.0957
3701620,-0.0151
3701800,0.0223
3701830,-0.0510
3701920,-0.0307
3702010,-0.0641
3702040,-0.0406
3702100,-0.0534
3702190,-0.0616
3702250,-0.0376
3702310,0.0160
3702340,-0.0066
3702370,-0.0029
3702430,0.0242
3702560,-0.0412
3702610,-0.0696
3702640,0.0145
3702680,-0.0314
3702760,-0.0932
3702940,-0.0509
3702970,-0.0046
3703060,-0.0310
3703090,-0.0176
3703120,-0.0220
3703210,0.0094
3703270,-0.0235
3703310,-0.0662
3703330,-0.0113
3703360,-0.0203
3703450,-0.0139
3703480,0.0165
3703540,-0.0195
3703570,0.0067
3703630,-0.0072
3703780,-0.0701
3703870,-0.0570
3703930,-0.0190
3703990,-0.0468
3704050,-0.0613
3704080,-0.0440
3704140,-0.0593
3704320,-0.0586
3704380,0.0537
3704410,-0.0307
3704500,-0.1129
3704620,-0.0359
3704650,-0.2063
3704720,-0.0518
3704830,-0.0730
3704880,-0.0135
3704950,-0.0920
3705020,-0.0691
3705040,-0.0478
3806780,0.0267
3808130,-0.0446
3904348,0.0137
3904351,-0.0541
3904360,0.0254
3904375,0.1614
3904378,-0.0186
3904380,-0.0015
3904384,-0.0356
3904386,-0.0466
3904394,-0.0166
3904401,-0.0389
3904410,-0.0239
3904419,-0.0389
3904421,0.0955
3904426,-0.0425
3904440,0.0785
3904456,-0.0210
3904460,-0.0410
3904463,-0.0463
3904467,-0.0009
3904480,0.0016
3904490,0.0185
3904504,0.0799
3904507,-0.1048
3904509,-0.0468
3904513,-0.0187
3904516,-0.0594
3904519,-0.0174
3904610,0.0268
3904611,-0.0307
3904624,-0.0581
3904676,-0.0046
3904689,0.0370
3904696,-0.0618
3904697,-0.0523
3904701,-0.0784
3904702,-0.0471
3904813,0.0072
3904823,-0.0410
3904875,-0.0726
3905045,0.0984
3910000,-0.0659
3910015,-0.0325
4002850,-0.0501
4003180,-0.0039
4003630,-0.0295
4004500,0.0015
4005490,-0.0184
4007740,-0.0259
4008070,0.0086
4010290,-0.1173
4010350,0.0136
4010590,-0.0303
4010650,-0.0458
4010740,-0.0092
4010920,0.0107
4012150,-0.0136
4013560,-0.0607
4013590,-0.0749
4014340,-0.0744
4015720,-0.0550
4017250,-0.0039
4018700,-0.0286
4018990,-0.1315
4019950,0.0476
4020250,-0.0462
4020970,-0.0653
4021000,-0.0497
4021720,-0.0009
4022770,-0.0465
4023280,-0.0805
4024690,0.0148
4024870,-0.0354
4025230,-0.0571
4025290,-0.0815
4026880,0.0707
4027570,-0.0141
4028680,-0.0307
4029380,-0.0387
4030240,-0.0461
4030600,0.0003
4032370,-0.0900
4033180,0.0134
4033480,0.0609
4100015,-0.0704
4100020,-0.1559
4100023,-0.0205
4100048,-0.0745
4101120,0.0092
4101920,-0.0186
4101980,-0.0745
4102040,-0.0259
4102640,-0.0074
4102780,0.0152
4102800,-0.0545
4102840,-0.0392
4102940,0.0312
4103480,0.0098
4103660,0.0002
4103720,-0.0109
4103860,-0.0733
4103940,0.0084
4103990,-0.0655
4104500,0.0055
4104740,-0.0279
4105160,0.0003
4105610,-0.0295
4105910,-0.0511
4106000,-0.0733
4106300,0.0012
4106510,0.0064
4106740,-0.1026
4106900,-0.0002
4107020,-0.0290
4107080,-0.0754
4107230,-0.0712
4107380,-0.0117
4107500,-0.0724
4108010,-0.0907
4108040,-0.0957
4108160,-0.0557
4108310,-0.0368
4108520,-0.0252
4108550,-0.0038
4108720,-0.0322
4108830,0.0473
4108880,-0.0351
4109000,0.0206
4109270,-0.1354
4109330,0.0121
4109480,-0.0423
4109510,0.0622
4109630,-0.1167
4110040,-0.0031
4110350,-0.0650
4110520,-0.0390
4110710,0.0371
4110820,0.0280
4110890,-0.0312
4111100,-0.0748
4111290,-0.0070
4111450,-0.0201
4111670,-0.0349
4111720,-0.1057
4112240,-0.0698
4112320,-0.0175
4112600,-0.0525
4113170,-0.0494
4113530,0.0402
4202040,-0.0370
4202280,-0.0632
4202790,-0.0694
4203330,-0.0001
4203450,-0.0301
4203570,-0.0507
4204230,-0.0570
4205010,-0.0121
4205160,-0.0467
4205190,0.0285
4205310,0.0129
4205400,-0.0721
4205490,-0.0550
4205550,-0.0003
4206240,-0.0496
4206480,0.0242
4206550,-0.0775
4206840,-0.0334
4207230,0.0220
4207530,0.0392
4207650,0.0284
4207710,-0.0998
4208550,-0.0323
4208670,-0.0462
4208850,-0.0300
4209270,0.0218
4209300,-0.0350
4209480,-0.0381
4210710,0.0349
4210860,0.0256
4211450,0.0055
4211700,0.0039
4211790,-0.0131
4212690,-0.0547
4213140,-0.0008
4213440,-0.0807
4214580,-0.0134
4216200,-0.0286
4216410,-0.0034
4216980,-0.0907
4217280,0.0404
4217370,0.0050
4218300,0.0084
4218510,-0.0310
4218630,0.1010
4218840,0.0306
4218990,0.0463
4219050,0.0442
4219170,0.0278
4219290,-0.0127
4219500,0.0189
4219680,0.0297
4219890,0.0028
4220040,-0.0408
4221090,-0.0186
4221870,0.0271
4222860,-0.0135
4224300,0.0787
4224320,0.0135
4224480,0.0864
4225290,-0.0743
4225830,-0.1255
4225950,-0.0193
4225980,0.0228
4226250,-0.0207
4226300,-0.0262
4226550,-0.0028
4226580,0.0248
4226760,0.0107
4226820,0.0184
4400120,0.0794
4400240,0.0168
4400270,-0.0444
4400330,0.0014
4400540,-0.0470
4400720,0.0215
4400780,0.0159
4400840,-0.0423
4400900,0.0675
4401110,-0.0114
4401140,-0.0746
4401200,-0.0554
4500720,-0.0016
4500780,0.0580
4500900,0.0917
4501110,-0.0141
4501170,0.0379
4501440,0.0252
4501500,-0.0905
4501560,-0.0433
4502010,-0.0232
4502130,0.0357
4502280,0.0123
4502310,0.0395
4502340,-0.0650
4502490,-0.0449
4502520,0.0208
4502550,-0.0258
4502580,0.0298
4502610,-0.0064
4502700,0.0010
4502730,-0.0015
4502820,-0.0897
4503030,0.0216
4503060,-0.0134
4503330,0.0139
4503360,0.0503
4503390,-0.0612
4503460,0.0590
4503480,0.0759
4503510,-0.0234
4503600,-0.0555
4503630,-0.0517
4503660,0.0249
4503720,0.0104
4503810,0.0205
4503870,-0.0512
4503900,0.0048
4659820,0.0355
4666270,0.0289
4700001,-0.0257
4700180,-0.0531
4700300,-0.0260
4700330,0.0336
4700690,-0.0317
4701020,0.0476
4701260,-0.1051
4701590,0.0321
4702100,-0.0214
4702130,-0.1349
4702220,0.0085
4702370,-0.0309
4702400,-0.0856
4702520,0.0415
4702580,-0.0812
4702670,-0.0329
4702760,0.0517
4702940,-0.0715
4703030,-0.0383
4703150,-0.0279
4703180,-0.0733
4703480,0.0629
4703600,-0.0459
4703690,-0.0312
4703780,0.0206
4703810,-0.0801
4704020,-0.0222
4704350,-0.0490
4704530,-0.0709
4704550,-0.0160
4800008,-0.0017
4800009,-0.0057
4800010,-0.0043
4800011,-0.0493
4807350,0.0012
4807410,0.0040
4807440,0.0516
4807590,0.0077
4807710,-0.0388
4807780,-0.0008
4807800,-0.0941
4807830,-0.0086
4807890,0.0098
4807950,0.0394
4808090,-0.0067
4808130,-0.0352
4808190,-0.0388
4808280,0.0203
4808310,-0.0430
4808340,0.0411
4808400,0.0002
4808550,0.0226
4808580,0.0011
4808700,-0.0370
4808870,-0.0448
4808910,0.0458
4808940,0.0322
4809200,-0.0122
4809300,-0.0295
4809360,-0.0494
4809450,-0.0364
4809570,0.0237
4809630,-0.0255
4809670,0.0510
4809720,-0.0326
4809810,0.0047
4809860,-0.0246
4810200,-0.0415
4810230,0.0097
4810320,-0.0415
4810710,-0.0021
4810780,-0.0213
4810800,0.1011
4810890,-0.0316
4811110,0.0500
4811190,-0.0066
4811220,-0.0974
4811280,0.0094
4811310,-0.0019
4811340,-0.0302
4811610,-0.0203
4811640,0.0685
4811680,-0.0516
4811700,-0.0099
4811790,-0.0297
4811990,-0.0254
4812120,0.0050
4812180,-0.0233
4812220,-0.0636
4812420,-0.0019
4812460,-0.0485
4812480,0.0020
4812640,-0.0330
4812700,-0.0422
4812810,-0.0144
4813020,-0.0503
4813050,-0.0098
4813110,-0.1282
4813170,-0.0053
4813230,-0.0499
4813290,0.0178
4813320,0.0077
4813590,-0.0357
4813650,-0.0510
4813860,-0.0561
4813960,0.0297
4814280,0.0015
4814310,-0.0554
4814370,-0.0735
4814400,0.0147
4814430,-0.0317
4814640,0.0535
4814670,0.0205
4814700,-0.0751
4814730,0.0232
4814760,-0.0773
4814790,-0.0680
4814820,0.0080
4814850,0.0370
4814880,0.0035
4814970,-0.0371
4815000,-0.0030
4815180,0.0419
4815210,0.0139
4815240,-0.0152
4815270,0.0004
4815300,-0.0298
4815330,0.0085
4815510,0.0276
4815720,-0.0007
4815750,-0.0485
4815910,-0.0514
4815960,-0.0281
4816110,-0.0154
4816200,0.0061
4816230,0.0966
4816410,-0.0711
4816500,-0.0315
4816530,0.0060
4816620,-0.0642
4816710,0.0086
4816740,-0.0126
4816770,-0.0125
4816860,-0.0829
4816950,0.0597
4817040,0.0417
4817070,-0.0001
4817580,-0.0369
4817610,-0.0302
4817640,0.0787
4817700,-0.0371
4817760,-0.0477
4817790,0.0380
4817830,-0.0423
4817850,-0.0416
4817880,-0.0158
4817960,-0.0290
4818000,-0.0097
4818180,-0.0398
4818210,-0.0327
4818280,0.0017
4818300,0.0059
4818360,-0.0549
4818540,-0.0510
4818810,-0.0111
4818940,-0.0532
4819080,-0.0439
4819170,0.0088
4819320,0.0283
4819350,-0.0307
4819380,-0.0339
4819560,-0.0100
4819650,-0.0200
4819700,-0.0042
4819830,0.0097
4819840,0.0200
4819950,0.0180
4820010,-0.0306
4820160,0.0067
4820190,-0.0532
4820220,-0.0325
4820250,-0.0048
4820280,-0.0331
4820340,0.0008
4820500,0.0378
4820550,-0.0574
4820600,-0.0008
4820640,-0.0358
4820700,-0.0551
4820850,-0.0018
4820960,0.0128
4821030,-0.0369
4821060,-0.0213
4821150,-0.0375
4821360,-0.0262
4821390,-0.0252
4821420,-0.0084
4821450,0.0119
4821600,-0.0474
4821660,0.0560
4821720,0.0094
4821750,-0.0122
4821780,0.0207
4821810,0.1056
4822170,-0.0014
4822470,0.0006
4822530,-0.0392
4822710,-0.0232
4822970,-0.0665
4823010,-0.0723
4823250,-0.0828
4823280,-0.0424
4823310,-0.0123
4823430,0.0107
4823640,0.0863
4823790,0.0064
4823820,-0.0305
4823910,0.0176
4824030,0.0161
4824060,-0.0038
4824100,0.0016
4824120,0.0483
4824150,0.0034
4824180,-0.0417
4824210,-0.0108
4824420,-0.0352
4824590,-0.0638
4824600,-0.0219
4824630,-0.0002
4824930,0.0037
4824960,0.0308
4824990,-0.0160
4825140,0.0109
4825170,-0.0039
4825200,-0.0360
4825230,-0.0280
4825260,-0.0008
4825500,0.0253
4825560,0.0193
4825590,-0.0128
4825620,-0.0229
4825660,-0.0021
4825680,-0.0727
4825740,0.0114
4825980,0.0186
4826100,0.0059
4826190,-0.0425
4826280,0.0285
4826310,-0.0111
4826400,-0.0304
4826430,-0.0166
4826470,-0.0425
4826490,0.0252
4826580,0.0238
4826610,-0.1208
4826640,-0.0146
4827030,0.0106
4827240,0.0023
4827300,0.0330
4827420,0.0156
4827450,-0.0687
4827510,0.0150
4827690,-0.0606
4827720,0.0357
4827750,-0.0255
4827780,0.0220
4827810,0.0420
4827870,0.0257
4828110,-0.0197
4828290,0.0078
4828380,0.0043
4828500,0.0250
4828550,-0.0044
4828590,-0.0764
4828650,0.0670
4828680,-0.0008
4828710,0.0105
4828740,0.0327
4828890,-0.0454
4828920,-0.0252
4829010,0.0488
4829100,-0.0646
4829160,-0.0642
4829670,-0.0353
4829820,-0.0258
4829850,-0.0516
4830060,-0.0090
4830390,-0.0155
4830420,-0.0366
4830570,0.0131
4830600,-0.0042
4830640,0.0249
4830930,-0.1350
4830950,-0.0126
4831170,-0.0314
4831260,0.0056
4831760,0.0003
4831770,-0.0788
4832090,-0.0320
4832160,-0.0423
4832190,-0.0298
4832280,-0.0200
4832310,0.0312
4832370,-0.0289
4832400,0.0060
4832430,0.0479
4832940,0.0293
4833120,0.0098
4833180,-0.0142
4833720,0.0129
4834020,-0.0031
4834050,-0.0444
4834110,-0.0263
4834170,-0.0672
4834290,-0.0001
4834320,0.0049
4834440,0.0244
4834650,-0.0779
4834830,0.0258
4834860,-0.0088
4834920,-0.0173
4834980,-0.0433
4835010,-0.0722
4835070,-0.0577
4835100,0.0038
4835190,-0.0085
4835430,-0.0244
4835550,-0.0079
4835560,-0.0382
4835850,0.0246
4836000,-0.0398
4836240,0.0011
4836660,-0.0394
4836960,0.0167
4836970,0.0130
4837020,0.0972
4837260,-0.0201
4837410,-0.0055
4837590,-0.0759
4837650,-0.0711
4837800,0.0191
4838080,-0.0043
4838220,0.0086
4838580,0.0328
4838700,0.0027
4838730,0.1127
4838900,-0.0061
4838970,-0.0501
4839030,-0.1298
4839180,-0.0208
4839270,0.0786
4839480,-0.0005
4839630,0.0068
4839690,0.0280
4839750,-0.0088
4839870,-0.0096
4839930,-0.0432
4839990,-0.0005
4840020,-0.0665
4840080,-0.0330
4840350,0.0026
4840440,0.0185
4840550,-0.0196
4840650,-0.0290
4840710,0.0225
4840740,-0.0423
4840920,0.0275
4840950,0.0035
4841070,-0.0510
4841100,0.0762
4841220,-0.0165
4841280,0.0058
4841430,-0.0064
4841520,0.0264
4841610,-0.0325
4841820,-0.0601
4841970,-0.0851
4842030,-0.0405
4842240,-0.0826
4842280,-0.0209
4842300,0.0073
4842330,-0.0482
4842450,-0.0302
4842480,-0.0248
4842510,-0.0548
4842810,-0.0432
4842960,-0.0605
4843260,0.0204
4843290,-0.0461
4843320,0.0088
4843350,-0.0401
4843470,-0.0317
4843650,-0.0188
4843720,-0.0303
4843920,0.0030
4844010,-0.0208
4844110,-0.0854
4844150,0.0151
4844160,-0.0244
4844280,-0.0252
4844430,-0.0397
4844470,0.0764
4844730,-0.0425
4844800,0.0158
4844960,0.0071
4845380,-0.0105
4845540,-0.0205
4845600,-0.0583
4845780,0.0285
4845900,-0.0264
4845950,0.0138
4846500,0.0114
4846530,0.0286
4846620,0.0221
4846680,0.0171
4900030,-0.0414
4900090,-0.0033
4900120,0.0118
4900142,0.0223
4900150,-0.0516
4900210,-0.0419
4900240,-0.0117
4900360,0.0348
4900390,0.0454
4900420,-0.0616
4900510,0.0282
4900540,0.0462
4900600,0.0104
4900630,-0.0421
4900660,0.0446
4900720,-0.0661
4900750,-0.0725
4900810,-0.0385
4900870,0.0292
4900960,0.0103
4901050,-0.0226
4901080,0.0286
4901110,-0.0104
4901140,-0.0299
4901200,-0.0058
5100060,0.0186
5100090,0.0161
5100120,-0.0167
5100270,-0.0369
5100300,-0.0164
5100810,0.0124
5100840,0.0092
5101050,0.0321
5101110,-0.0242
5101260,0.0512
5101320,0.0042
5101440,-0.0251
5101470,-0.0074
5101510,-0.0351
5101560,0.0183
5101800,0.0063
5101830,0.0230
5101860,-0.0025
5101890,0.0049
5101920,-0.0878
5102250,-0.0526
5102360,0.0560
5102390,-0.0026
5102520,0.0293
5102640,-0.0026
5102670,-0.0057
5103000,-0.0208
5103090,-0.0619
5103130,0.0205
5103240,0.0618
5103300,-0.0342
5103330,-0.0310
5103390,0.0322
5103510,0.0295
5103640,0.0127
5103660,-0.0161
5103710,-0.0149
5103840,-0.0081
5103870,-0.0112
5103930,-0.0029
5104020,0.0772
5104050,-0.0474
5104150,-0.0015
5300003,0.0064
5300030,-0.0384
5300240,0.0125
5300300,-0.1060
5300380,-0.0501
5300390,-0.1192
5300420,-0.1061
5300480,-0.0645
5300780,-0.0803
5301080,-0.0528
5301110,-0.0692
5301140,-0.0296
5301410,-0.1405
5302310,-0.0166
5302400,-0.1058
5302610,0.0178
5302670,-0.0903
5302700,-0.0264
5302820,-0.0260
5302850,0.0067
5303540,-0.0116
5303750,-0.0256
5303930,-0.1559
5303960,-0.0224
5304200,-0.0297
5304230,-0.0576
5304470,0.0280
5304620,-0.0639
5304860,-0.0729
5305220,-0.0277
5305370,-0.0139
5305400,-0.0739
5305430,-0.0906
5305760,-0.1341
5305850,-0.0644
5305910,-0.0856
5305940,0.0705
5306180,-0.0855
5306480,0.0299
5306570,-0.0286
5306900,-0.0086
5306960,-0.0116
5307230,-0.0370
5307320,0.0030
5307710,-0.0348
5307740,-0.0526
5307900,-0.0004
5307920,-0.0565
5308160,-0.0197
5308250,-0.0147
5308610,-0.0453
5308700,0.0234
5308760,-0.0641
5309270,-0.0261
5309450,0.0093
5309660,-0.0166
5309720,-0.0085
5310110,-0.0459
5310140,-0.0240
5400060,0.0553
5400570,0.0268
5500390,-0.0279
5500960,-0.0208
5501050,0.0073
5501770,-0.0671
5501890,0.0435
5503060,0.0163
5503640,-0.0275
5504050,-0.0470
5504290,0.0269
5504680,-0.0157
5504740,-0.0261
5504830,-0.0426
5505820,0.0444
5505940,-0.0206
5507020,-0.0015
5507050,-0.0174
5507320,0.0018
5507620,-0.0159
5508520,0.0013
5508610,0.0403
5509030,-0.0174
5509510,-0.0962
5509600,0.0233
5510320,-0.0251
5510830,0.0338
5511190,-0.0278
5512360,0.0219
5513410,0.0112
5513650,-0.0111
5514040,-0.0078
5514490,0.0246
5514640,-0.0618
5515330,-0.0524
5515750,0.0099
5515780,0.0461
5515900,0.0438
5515960,-0.0724
5515990,-0.0222
5516260,-0.0464
5516290,0.0444
5516680,-0.0098
5600730,0.0234
5601030,0.0157
5601470,0.0498
5601980,-0.0084
5602760,0.0195
5602990,-0.0008
5604510,0.0065
5605302,-0.0011
5605762,-0.0232
5605830,-0.0048
5606240,0.0067
