id,h_avg
0100005,-1.6755
0100006,-1.1717
0100007,-1.1179
0100008,0.1790
0100011,-1.5523
0100012,-1.6334
0100120,-1.4063
0100190,-1.6866
0100194,-1.3692
0100210,-0.1276
0100240,-0.0492
0100270,-1.1899
0100390,-1.8874
0100420,-1.7994
0100540,-0.8020
0100660,-1.4287
0100990,-0.5246
0101020,-1.1385
0101140,-2.3497
0101170,-1.6084
0101230,-0.1986
0101290,-1.0675
0101320,-0.3777
0101380,-1.3135
0101530,-1.0803
0101560,-1.9798
0101590,-1.5293
0101620,-2.1484
0101660,-1.3685
0101760,-0.8534
0101800,-1.6453
0101830,-0.9747
0101920,-1.6217
0102070,-0.7838
0102100,-1.6156
0102220,-0.2919
0102370,-0.5628
0102430,-2.0597
0102480,-1.9818
0102550,-0.8556
0102580,-0.9321
0102635,-1.0601
0102700,-0.3894
0102910,-1.2882
0103030,-1.3198
0103062,-0.9126
0103360,-1.3434
0103390,-1.5753
0200180,-0.7896
0200210,-0.4572
0200390,0.1236
0200510,-0.2825
0200600,-0.4512
0400001,-0.2001
0400003,-1.1323
0400212,-0.4701
0400295,-1.2620
0400520,-2.2399
0400600,-1.2462
0400680,-0.7693
0400790,-1.2611
0400840,-1.2496
0400960,-1.4061
0401050,-1.5516
0401180,-1.6534
0401380,-1.4603
0401460,-0.9338
0401500,-1.3486
0401600,-1.7583
0401680,-1.3769
0401710,-0.9936
0401760,0.7452
0401870,-0.6888
0402250,-1.0844
0402320,-1.6603
0402370,-1.5042
0402400,-0.7608
0402430,-1.6282
0402530,-1.6935
0402690,-0.8687
0402790,-1.9279
0402860,-1.5237
0402920,-1.4682
0403010,-0.7267
0403060,-1.2547
0403150,-0.2136
0403240,-1.7909
0403310,-3.0060
0403400,-0.1992
0403420,-1.7150
0403500,-1.7401
0403730,-2.2099
0403780,0.1919
0403820,-1.0096
0403870,-0.7431
0403960,-1.9690
0403990,-1.2694
0404230,0.0250
0404280,-0.1982
0404290,-0.9636
0404320,-1.1785
0404380,-0.3430
0404410,-1.9364
0404440,-1.3398
0404500,-0.6653
0404570,-0.9550
0404630,-0.3861
0404720,-1.2217
0404770,-1.7752
0404970,-1.1582
0405030,-1.5483
0405190,-1.0655
0405320,-0.0613
0405400,-1.7354
0405430,-2.7954
0405460,-1.6033
0405530,-0.4327
0405640,-1.6047
0405670,-1.3173
0405850,-1.0225
0405880,-0.4702
0405930,-1.1230
0405980,-1.4936
0406070,-1.1499
0406210,-1.0538
0406250,-0.6951
0406300,-1.6397
0406360,-2.0013
0406440,-1.6886
0406580,-1.3797
0406730,-0.7554
0406810,-0.1678
0406850,-1.2928
0407020,-1.6949
0407080,-1.7667
0407130,-1.3287
0407170,-1.4749
0407240,-0.8198
0407300,-0.5154
0407500,-0.2301
0407520,-0.7230
0407570,-0.7930
0407700,-1.4617
0407750,-0.3612
0407820,-0.9995
0407890,-1.3142
0408080,-1.1370
0408130,-1.8057
0408170,-1.6178
0408230,-2.1238
0408280,0.4640
0408310,-1.2072
0408410,-0.6900
0408490,-1.2718
0408550,-1.8828
0408600,-1.0539
0408800,-1.4969
0408820,-1.3286
0408850,0.7616
0409060,-1.4241
0409090,-1.6871
0409190,-1.5923
0409250,-1.8629
0409310,-1.9921
0409390,-1.0174
0409460,-1.0169
0409600,-1.4155
0409733,-1.8988
0500006,-1.2997
0500019,-1.2986
0500042,-0.3678
0500049,-0.0403
0500405,-0.6403
0502960,-0.2786
0503060,0.1257
0503150,-0.3701
0503690,-0.5333
0503750,-0.2280
0504380,-0.6313
0504590,-0.4359
0504890,-0.3638
0504930,-0.8110
0505680,-0.9711
0506120,-0.7226
0506330,-1.2810
0506870,-0.7135
0507840,-1.8942
0507860,-1.2909
0507890,-0.9336
0508130,-1.0022
0508280,-1.3503
0508610,-0.5492
0508670,-0.2354
0509000,-1.5519
0510380,-0.6068
0510440,-0.7922
0510680,-1.4692
0511850,-0.9849
0511970,-0.1470
0512060,-0.5983
0512210,0.2211
0512450,-0.9725
0512660,-0.8646
0513410,-1.1669
0513680,-0.8436
0600001,-1.6140
0600006,-0.6972
0600013,0.1669
0600014,-1.6050
0600015,-2.1448
0600016,-0.7746
0600017,-1.3778
0600019,-0.1496
0600020,-0.3124
0600022,-1.5846
0600025,1.2886
0600026,-2.1369
0600027,-1.2910
0600028,-0.2713
0600029,-0.5154
0600032,-0.1426
0600033,-2.5125
0600034,-1.7427
0600035,-2.2467
0600036,-1.4020
0600039,-1.0926
0600040,-1.1319
0600043,-0.0281
0600044,-1.9330
0600045,-2.2104
0600046,-2.0804
0600047,-1.7864
0600048,-1.4315
0600049,-1.2206
0600051,-1.1881
0600052,-2.0480
0600060,-1.5575
0600061,-2.0304
0600062,-1.2994
0600063,-2.0164
0600064,-1.5903
0600065,-1.6124
0600067,-1.6103
0600068,-0.7579
0600069,-1.3626
0600153,-1.0717
0600158,-1.7991
0600160,-1.4023
0601332,-1.8512
0601339,-2.2386
0601409,-2.0398
0601410,-0.7172
0601415,-1.8941
0601418,-1.9519
0601420,-1.9104
0601421,-1.5495
0601423,-1.7092
0601428,-0.2058
0601620,-0.9661
0601710,-1.9038
0601770,-0.7897
0601860,0.0888
0601950,-2.1405
0602010,-2.6610
0602100,-0.9432
0602160,-0.2633
0602220,-3.0267
0602310,-1.4327
0602360,-0.8608
0602370,-1.8423
0602430,-1.4392
0602450,-1.4320
0602550,-1.4180
0602610,-1.8777
0602730,-1.4716
0602850,-1.6543
0602970,0.0937
0603060,-2.2403
0603090,-2.0076
0603180,-2.1945
0603270,-2.2020
0603300,-1.4458
0603420,-1.3277
0603480,-1.9308
0603600,-1.8327
0603630,-2.0562
0603690,-1.4211
0603750,-0.9118
0603840,-1.6499
0603870,-1.8647
0604020,-1.3610
0604110,-1.2655
0604200,-2.0585
0604230,-1.7189
0604260,-1.8436
0604290,-1.0901
0604380,-1.6524
0604440,-1.1362
0604530,-0.4432
0604620,-0.4604
0604650,-0.8508
0604740,-0.8400
0604800,-1.7757
0604830,0.5166
0605040,-2.8008
0605280,-1.6164
0605580,-2.0122
0605610,-0.1486
0605670,-0.3359
0605700,-1.8764
0605790,-1.5547
0605880,-0.2463
0605910,-0.7789
0606030,-1.6353
0606060,-0.8894
0606270,-0.0336
0606330,-0.7244
0606360,-1.3887
0606390,-1.3370
0606450,-0.7745
0606480,-0.6098
0606570,-1.7854
0606720,-3.0120
0606750,-1.1659
0606780,-2.0626
0606810,-1.2340
0606870,-1.5889
0606900,-2.1643
0606990,-1.1501
0607020,-1.3542
0607140,-0.9097
0607200,-1.5436
0607440,-0.9433
0607470,-0.1855
0607500,-0.5741
0607530,0.1356
0607560,-1.1376
0607680,-1.9476
0607740,-1.2111
0607800,-0.2739
0607900,-1.3029
0607950,-0.7893
0607970,-1.3876
0607980,-0.9797
0608070,-0.5074
0608130,-1.3253
0608190,-0.7481
0608250,-1.9115
0608370,-1.7040
0608460,-0.6884
0608520,-2.0160
0608580,-1.8425
0608610,-0.2595
0608760,-0.4055
0608970,-2.2360
0609030,-0.0489
0609070,-2.3936
0609120,-2.3508
0609330,-0.5195
0609390,-1.7474
0609510,0.3886
0609570,-2.1700
0609620,-2.0305
0609640,-1.1327
0609690,-2.2027
0609780,-1.7421
0609850,-0.8679
0609870,0.2815
0609940,-1.7080
0610050,-1.0672
0610260,-0.6018
0610290,-0.9579
0610350,-2.0041
0610440,-0.3898
0610620,-1.0617
0610710,-1.8664
0610740,0.9159
0610770,-1.7365
0610890,-1.8004
0611040,-1.7468
0611110,-1.1628
0611130,-2.5056
0611220,-0.7007
0611280,-1.8985
0611460,-0.9028
0611490,-0.6072
0611520,-1.0091
0611550,-1.7802
0611760,-2.4918
0611820,-3.0216
0611850,-0.4376
0611910,-2.2434
0611940,-1.7992
0612030,-1.4906
0612090,-1.6071
0612180,-1.3160
0612210,-0.1445
0612330,-1.2862
0612690,-1.3705
0612750,-0.4706
0612810,-1.1087
0612840,-1.8195
0612880,-2.0532
0612930,-2.2200
0612960,0.1257
0613080,0.2259
0613140,-1.4471
0613200,-1.8096
0613290,-2.3736
0613360,-1.2999
0613470,-1.7521
0613500,-1.3209
0613800,-2.1279
0613840,-1.3314
0613890,-1.4546
0613920,-1.5898
0614070,-1.9349
0614160,-1.7009
0614220,-0.0942
0614250,-1.4963
0614370,-1.9712
0614400,-1.1016
0614550,-2.0248
0614580,-2.0240
0614700,-0.4673
0614730,-1.1045
0614790,-1.1415
0614880,-1.3374
0614940,-1.9291
0614950,-1.0464
0615000,-1.1118
0615090,-1.7635
0615180,-1.0810
0615240,-0.6425
0615270,-0.0044
0615510,-1.0778
0615600,-2.1635
0615780,-1.8760
0616050,-1.4128
0616080,-2.7140
0616260,-2.7241
0616300,-1.5036
0616323,-2.2356
0616325,-0.8756
0616470,-1.3290
0616650,-1.1364
0616680,-1.2449
0616740,-2.0835
0616830,-0.6972
0616860,-1.7422
0616920,-1.7238
0617040,-0.0357
0617160,-0.4664
0617220,-2.0115
0617340,-1.6688
0617430,-1.5003
0617490,-0.8511
0617850,-2.0535
0618030,-0.2228
0618210,-0.7960
0618390,-1.5778
0618730,-1.4399
0618840,-0.6351
0618870,-1.6405
0618990,-1.7220
0619140,-1.1473
0619260,-1.5052
0619320,-2.4069
0619440,-1.8918
0619490,-1.1328
0619620,-1.5672
0619680,-2.0753
0619700,-1.2900
0619740,-1.7126
0619770,-0.6288
0619800,-0.9168
0619890,-1.5776
0620040,-0.7114
0620070,-2.4092
0620130,1.7754
0620190,-1.7383
0620250,-1.1753
0620310,1.1865
0620370,-0.1646
0620460,-0.6470
0620640,-1.9824
0620670,-1.6524
0620730,-1.5871
0620760,-2.3902
0620790,-1.4400
0620850,-2.0119
0620880,-2.0871
0620910,-0.1036
0621000,0.0724
0621150,-2.0861
0621210,-1.0349
0621240,-2.1560
0621330,-1.3832
0621360,-1.4608
0621420,-1.2633
0621450,-2.2440
0621570,-2.0049
0621690,-1.2361
0621810,-1.6377
0621870,-2.5140
0621930,-0.6118
0621990,-1.7310
0622050,-1.6120
0622110,-1.0744
0622170,-1.7456
0622230,-1.7327
0622380,0.0251
0622410,-1.7762
0622500,-1.2133
0622560,0.2620
0622590,0.8636
0622650,0.2955
0622710,-1.7369
0622740,-1.7723
0622830,0.4349
0622860,-1.0290
0622890,-1.3027
0622950,-1.9346
0623010,-0.0462
0623080,-1.2975
0623130,-1.3087
0623160,-1.9241
0623340,-1.8348
0623430,-1.3444
0623530,-2.0057
0623610,-1.7338
0623760,-1.2584
0623800,-2.0675
0623940,-1.2067
0623970,-1.1225
0624000,-0.9996
0624030,-0.8533
0624090,-1.7499
0624180,0.1011
0624230,-2.0230
0624360,-0.6918
0624390,-1.6072
0624500,-1.3108
0624540,-0.7635
0624570,-0.0385
0624600,-1.9676
0624720,-0.7502
0624750,-1.3150
0624870,0.7397
0624900,-0.5569
0625130,-2.0963
0625230,-2.4170
0625290,-1.3758
0625320,-0.9741
0625350,-1.7637
0625470,-1.8765
0625530,-1.9634
0625690,-1.1479
0625740,1.4420
0625770,-0.9929
0625800,-1.8109
0625830,-1.7174
0625860,-1.2648
0625980,-1.2615
0626100,-1.9997
0626190,-1.8738
0626220,-0.8830
0626280,-1.1933
0626370,-1.7731
0626400,-1.9152
0626490,-1.3768
0626640,-1.7250
0626670,-1.1267
0626910,-1.8416
0626970,-1.9226
0627030,-1.4765
0627060,-1.3164
0627180,-0.0383
0627200,-1.9513
0627240,-1.4826
0627450,-0.4310
0627480,-0.5383
0627590,-2.3095
0627690,-1.2063
0627720,-1.3602
0627780,-1.6028
0627810,-1.6795
0627840,-0.6200
0627850,0.6316
0627900,-1.2431
0627930,-0.7920
0628050,-1.9447
0628080,-1.4317
0628140,-0.9653
0628170,-2.0750
0628250,-1.5152
0628270,-1.5588
0628320,-1.5832
0628470,-1.5751
0628530,-2.7215
0628650,-1.3180
0628680,-2.3830
0628710,-1.1285
0628950,-1.7340
0629100,-1.9172
0629220,-2.1940
0629370,-0.2897
0629400,-1.4010
0629490,-2.2182
0629540,-1.7730
0629550,-1.7082
0629580,-1.7700
0629610,-0.3125
0629640,-2.5581
0629670,-1.1926
0629700,0.6198
0629820,-1.6238
0629850,-1.2310
0629910,-2.6455
0629940,-1.6498
0630030,-1.8522
0630180,-1.6517
0630210,-1.7917
0630230,-1.5375
0630250,-0.9894
0630360,-1.5660
0630450,-1.4410
0630510,-0.5674
0630600,-1.6402
0630630,-2.6355
0630660,-0.7180
0630780,-1.2249
0630840,-1.5785
0630990,-1.1315
0631050,-2.4824
0631170,-1.1318
0631180,-0.8425
0631320,-1.8134
0631350,-0.7139
0631530,-0.2943
0631680,-2.8558
0631710,-1.2302
0631860,-2.0616
0631980,-1.7426
0632040,-1.0760
0632070,-0.8789
0632130,-1.6963
0632270,-2.8172
0632310,-0.1315
0632370,-1.7390
0632430,-2.5144
0632550,-1.9513
0632610,-1.5460
0632640,-0.8216
0632710,-1.7174
0632760,-2.1838
0632880,-0.9413
0633110,-1.3886
0633150,-1.2046
0633240,-1.8674
0633270,-1.6196
0633390,-1.5538
0633480,-1.0402
0633510,-1.0108
0633570,-1.1148
0633600,-0.9539
0633750,-1.3667
0633840,-1.6214
0633860,-0.9612
0633900,-1.3308
0633930,-2.0112
0634170,-1.8683
0634230,-1.1194
0634290,-0.0252
0634320,-1.3610
0634410,-1.9024
0634425,-1.4988
0634440,-1.7854
0634590,-1.7949
0634620,-1.8794
0634680,-2.0137
0634710,-1.8624
0634740,-1.2928
0634800,-1.4535
0634860,1.0180
0634880,-0.7398
0634920,-1.8413
0635010,-1.7225
0635040,-1.0563
0635070,-2.6172
0635090,-1.7451
0635130,0.6676
0635220,-1.4193
0635250,-0.7616
0635310,-1.6070
0635360,-1.6371
0635370,-1.0175
0635430,-1.5662
0635590,-1.9731
0635600,-1.8858
0635700,-0.6065
0635730,-1.0513
0635790,-1.6514
0635810,-1.7057
0635830,-1.9591
0635880,-0.3793
0635970,-0.4365
0636030,-1.1194
0636180,-2.0287
0636210,-1.7408
0636270,-1.1689
0636330,-2.8380
0636450,-1.5800
0636670,-1.7900
0636800,-1.4695
0636820,-1.1857
0636840,-1.1877
0636970,-1.2259
0636990,-0.3733
0637050,-1.7850
0637110,-1.1828
0637140,-1.3757
0637200,-2.4581
0637290,-1.5848
0637350,-1.6453
0637380,-1.1076
0637500,0.2449
0637530,-0.9135
0637560,-1.7008
0637620,-2.1902
0637710,-0.6669
0637830,-1.1994
0637890,-2.0169
0637950,-1.5097
0638010,-2.3096
0638040,-3.3201
0638130,-1.8678
0638220,-0.9891
0638340,-1.1234
0638430,-2.3019
0638460,-1.9516
0638550,-1.4802
0638640,-0.9423
0638670,-1.0827
0638700,-1.9951
0638770,-1.7659
0638880,-1.8038
0638980,-0.6803
0639000,-0.7910
0639060,-2.3474
0639180,-2.1082
0639300,-1.5395
0639420,-0.6069
0639600,-2.1636
0639630,-0.7184
0639870,-1.5040
0639940,-2.0179
0640150,-1.0637
0640230,-0.9080
0640300,-2.4226
0640320,-0.5016
0640590,-1.5710
0640650,-0.5501
0640710,-1.1136
0640740,-2.0465
0640980,-1.4198
0641040,-1.4023
0641130,-2.8421
0641160,-1.5040
0641190,-1.4789
0641250,-0.1539
0641280,-0.1195
0641400,-2.2279
0641460,-1.9076
0641580,-1.9598
0641790,-0.1903
0641820,-1.6921
0641880,-1.5029
0642000,-0.4842
0642060,-2.7287
0642120,-0.8099
0642140,-1.2429
0642150,-1.7218
0642180,-2.2768
0642210,-2.4333
0642330,-0.9304
0642450,-1.2982
0642510,-1.4441
0642540,-1.9057
0642560,-2.4726
0642710,-2.1858
0642810,-1.6334
0642930,-1.9778
0642960,-1.3288
0642990,-0.2802
0643020,-2.0799
0643080,-1.6820
0643170,-2.3082
0643200,-0.5213
0643380,-0.8624
0643470,-1.3308
0643560,-1.3561
0684500,0.0485
0691005,-1.7109
0691007,-2.3529
0691010,-2.0097
0691012,-2.9046
0691017,-1.5786
0691020,-2.5684
0691021,-1.2923
0691024,-2.8086
0691026,-1.0707
0691027,-1.7287
0691029,-1.5686
0691030,-2.0725
0691031,-2.9123
0691035,-1.8133
0691041,-3.3079
0691045,-1.3305
0691047,-0.8035
0691078,-2.1273
0691134,-2.4699
0691135,-1.0256
0691136,-1.8281
0800016,-0.7545
0801920,0.9169
0801950,-1.2784
0802070,-0.5577
0802190,-0.8582
0802280,-0.1845
0802310,-1.5427
0802340,-1.4820
0802430,-0.5425
0802490,-0.6938
0802580,-0.5508
0802610,-0.8849
0802670,-1.1343
0802790,-0.1365
0802850,-0.9720
0802910,0.0915
0802940,1.4521
0803060,-0.4767
0803090,-0.8324
0803300,-0.1698
0803330,-0.2179
0803360,-1.2260
0803450,0.8012
0803480,-0.6182
0803540,-0.7472
0803600,0.0323
0803720,-0.6457
0803750,-1.5621
0803780,-1.2198
0803810,-2.2866
0803870,0.0952
0803960,-0.8707
0803990,-0.4881
0804020,-1.0238
0804050,-0.7289
0804080,0.1057
0804140,-0.7380
0804200,-0.7659
0804260,-1.0068
0804350,-0.6268
0804380,-1.3772
0804410,-1.2686
0804470,-1.1000
0804530,-0.1739
0804710,-0.8199
0804770,-1.3729
0804800,-0.2342
0804830,-0.6560
0804920,-0.7108
0804950,-0.9130
0805100,-0.2527
0805130,-1.1049
0805190,-1.9058
0805220,-0.7862
0805250,1.1968
0805310,0.2429
0805370,-0.9089
0805400,-0.6940
0805550,-1.2747
0805730,-1.3302
0805760,-1.3773
0805790,-0.8815
0805820,0.8840
0806120,-0.6308
0806150,0.0457
0806240,-0.8330
0806270,-1.0431
0806480,-0.1137
0806540,-1.4005
0806660,0.2642
0806690,-0.2174
0806810,-1.0654
0806900,-0.9819
0806960,-0.3837
0807080,-0.7950
0807230,-1.5241
0807350,0.1870
0900060,-1.0004
0900070,-1.3768
0900210,-0.6946
0900270,0.5285
0900330,-0.5919
0900420,-0.2900
0900450,-1.9713
0900510,-1.2336
0900700,-0.5235
0900910,-0.3732
0901020,-0.9974
0901110,-1.4999
0901260,-1.8128
0901290,-0.9931
0901470,-0.4304
0901530,0.3463
0901620,0.4070
0901710,0.2788
0901770,-0.8631
0901800,1.3792
0901860,-0.7583
0901920,-2.3253
0902310,-1.2532
0902400,-1.7554
0902490,-1.2593
0902520,-0.2506
0902550,0.7398
0902580,-0.5595
0902640,-0.9089
0902670,-2.8253
0902790,-1.6000
0902820,-1.8997
0902850,-0.5078
0902880,0.0753
0902910,1.0468
0903030,0.3048
0903090,-0.5567
0903120,-1.7516
0903300,-0.3320
0903450,-0.7308
0903810,1.1912
0903840,0.1294
0903990,-0.3630
0904050,0.0384
0904110,1.1068
0904170,0.4662
0904230,0.2619
0904320,-0.9700
0904440,-0.4099
0904590,-0.8877
0904620,0.8853
0904680,-1.4370
0904740,-0.4264
0904830,-1.9193
0904860,0.2441
0904920,-0.5119
0904950,-1.0357
0905040,0.9550
0905070,-0.2194
0905190,-2.3956
0905220,-0.4906
1000080,0.1956
1000170,-0.0081
1000180,0.3351
1000190,-0.8803
1000200,-0.9778
1000230,-0.7694
1000680,0.1435
1000790,-0.0352
1001080,-0.1787
1001240,-0.8381
1001300,-1.3953
1001530,-0.6973
1001620,-0.0738
1001850,-0.6118
1100030,-1.2017
1200030,0.2734
1200090,-0.2691
1200150,0.1197
1200180,0.5242
1200240,-0.2126
1200270,0.3206
1200300,0.3700
1200330,-0.5321
1200360,-0.0965
1200390,0.1959
1200420,-0.8526
1200480,-0.2642
1200510,-0.2310
1200540,0.2782
1200600,-0.4722
1200660,-0.4493
1200720,-1.0692
1200750,-0.6981
1200780,-0.6766
1200810,-0.3904
1200840,-0.5752
1200870,-0.5235
1200930,-0.5795
1200960,-0.6200
1201020,-0.2217
1201050,-0.4910
1201080,-0.2971
1201110,0.5640
1201140,-0.8111
1201230,-1.2144
1201260,-0.5277
1201290,-0.3322
1201320,-0.1788
1201350,0.4727
1201410,-0.8795
1201440,-0.4036
1201470,-0.7408
1201500,-0.0629
1201530,-0.4345
1201560,-0.5858
1201590,-0.8279
1201620,-0.9257
1201650,0.7314
1201680,0.1872
1201710,0.2029
1201740,1.0234
1201770,-0.4109
1201800,-0.0246
1201830,-1.0066
1201920,-0.6513
1201980,-0.3337
1202012,1.1492
1202015,1.5705
1300001,-0.1644
1300060,-0.6903
1300090,-0.7504
1300120,-1.0629
1300150,-1.3868
1300240,-0.6011
1300290,-0.4905
1300330,-0.5185
1300360,-0.5078
1300390,-0.0926
1300420,-1.2922
1300540,-0.8713
1300570,0.2306
1300600,-0.3812
1300630,-0.6734
1300720,-0.7629
1300780,0.2263
1300810,-0.8810
1300840,-0.5571
1300870,-0.7836
1300900,-0.5552
1300930,-0.3851
1301020,-0.6702
1301110,-0.4107
1301170,-0.9403
1301230,-1.1181
1301290,-0.7070
1301350,-0.5313
1301380,-1.1370
1301410,0.1010
1301470,-1.1761
1301500,-0.3579
1301620,-0.9062
1301650,-0.6705
1301710,-0.7717
1301740,-1.3493
1301800,-1.8889
1301830,-0.5332
1301860,-0.6931
1301950,-1.1862
1301980,0.4445
1302010,-0.9784
1302040,-0.7105
1302070,-0.4940
1302130,0.2591
1302190,-0.7240
1302220,0.3757
1302250,-0.5709
1302280,-0.7715
1302310,-1.3837
1302340,-1.4465
1302400,-0.3088
1302430,-0.3858
1302460,-1.0501
1302520,-0.6575
1302550,-0.3576
1302580,-1.1308
1302610,-1.2926
1302700,0.0081
1302730,-0.6353
1302820,-0.4322
1302880,-0.1181
1302940,-0.2504
1303000,-0.7668
1303030,0.9915
1303300,-0.2630
1303360,-0.8717
1303390,0.2166
1303420,-0.2880
1303480,-0.5262
1303510,-0.9041
1303840,-0.4182
1303870,-0.8098
1303930,-0.8207
1303960,0.0349
1304020,-0.2362
1304050,-0.9479
1304110,-1.0551
1304140,0.0888
1304200,-1.0699
1304260,0.0003
1304320,-0.6475
1304380,-0.9920
1304410,-0.4514
1304440,-0.5972
1304620,-1.2671
1304770,-1.2800
1304890,-1.0931
1304980,-0.8538
1305040,-1.1368
1305310,-0.3603
1305370,-0.7759
1305390,-0.1284
1305430,-0.1811
1305550,-1.2717
1305700,-1.0811
1500030,-0.6521
1600030,-1.8007
1600060,-1.4683
1600270,-1.8495
1600300,-0.9348
1600360,-1.2625
1600480,-1.9172
1600510,-1.4732
1600600,-0.9782
1600660,-1.5446
1600780,0.1621
1600930,-1.2257
1600960,-1.8535
1601020,-1.2482
1601050,-1.2050
1601110,-1.8604
1601140,-0.8788
1601260,-1.9977
1601470,-1.0877
1601530,-1.8346
1601570,-1.5573
1601590,-1.4238
1601770,-1.5243
1601860,-0.3902
1601920,-1.0309
1601980,-1.7080
1602100,-0.7360
1602130,-1.3123
1602190,-1.2354
1602250,-1.5166
1602340,-1.4410
1602550,-1.1684
1602580,-1.4989
1602640,-0.7667
1602670,-0.2773
1602910,-1.3939
1602940,-1.6910
1602970,-1.6283
1603180,-2.4835
1603240,-0.9856
1603270,-2.3481
1603330,-0.7947
1603360,-1.4477
1603400,-1.1545
1603480,-1.7265
1700010,-1.4159
1700077,-0.9401
1700110,-2.2707
1700112,-1.0480
1700119,-1.1044
1700320,-1.2955
1703150,-1.2254
1703480,-0.4257
1703840,-0.3661
1703930,-1.0143
1703960,-1.5435
1704050,-0.7603
1704140,0.1191
1704560,-1.0308
1704680,-1.8998
1704710,-1.3911
1705050,-0.7249
1705220,-0.4411
1705310,-2.1161
1705760,-1.6001
1705790,-1.2019
1705910,-0.5255
1706000,-0.8335
1706060,-0.7248
1706090,-0.8743
1706270,-0.8774
1706480,-1.2279
1706510,-1.0095
1706750,-0.6135
1706930,-1.3120
1707170,-0.5991
1707290,-0.1244
1707320,0.5012
1707830,-0.0725
1708100,-1.0671
1708130,-0.9414
1708550,-1.0765
1708730,-1.0383
1709420,-0.8393
1709510,-1.9029
1709930,-0.8639
1709960,-1.2610
1709990,-1.0036
1710200,-1.8281
1710470,-0.5920
1710650,-1.2998
1711250,-0.3311
1711350,-0.6911
1711790,-1.1657
1711850,-0.6743
1712000,-1.2805
1712090,-1.9255
1712120,-0.6720
1712210,-1.2532
1712540,-0.3570
1713140,-1.4115
1713170,-1.4784
1713710,-1.0159
1713770,-1.1393
1713970,0.0503
1714100,-0.6486
1714460,0.0985
1714550,-0.4445
1715420,0.1950
1715480,-0.3059
1715700,0.9092
1715780,-0.4512
1715900,-1.5741
1715930,-0.0973
1716080,-0.6035
1716290,-0.9684
1716380,0.1388
1716410,-1.3008
1716800,-0.3058
1716920,-0.7057
1716950,-0.5293
1717040,-0.5310
1717280,-1.4850
1717520,-0.6936
1717800,-0.6904
1718240,-1.0666
1718420,-2.1020
1718450,-1.3913
1718480,-1.6525
1718570,-0.9917
1719230,-0.5168
1719290,1.4752
1719500,0.3713
1719530,0.4912
1719680,-1.5261
1719830,0.3856
1720180,-0.5114
1720580,-0.7601
1720760,-1.1944
1720880,-0.7394
1721000,-0.9666
1721030,0.2336
1721270,0.0914
1721420,0.1807
1721450,-0.4594
1721600,0.3105
1721630,-0.5643
1721870,-0.3234
1721900,-0.4957
1722020,-0.5194
1722080,-1.1524
1723460,-0.2317
1723850,-0.7687
1724000,-0.7012
1724330,-0.9015
1724480,-0.4136
1724720,-0.7542
1724780,-0.7731
1724940,0.8692
1725110,-1.1476
1725290,-1.2328
1725620,-1.0211
1725690,-0.1841
1725920,-1.1105
1726310,-0.0235
1726400,-1.2724
1726430,-1.4140
1726610,-0.5668
1727210,0.6160
1727540,-0.7005
1727710,-0.0283
1728140,-0.4090
1728620,-0.7668
1728650,-0.5279
1728700,-0.7041
1728890,0.7700
1729190,-0.1915
1729250,0.6003
1729760,0.6777
1730220,0.2776
1730270,-0.3379
1730300,-0.8967
1730420,-1.2040
1730600,1.0548
1730840,0.7660
1731230,-1.1221
1731740,-0.2164
1731770,-0.8569
1732370,-1.0510
1732850,-1.0558
1732970,-0.9148
1733210,-2.4515
1733390,-1.0021
1733450,-0.3332
1733690,-0.3074
1733840,-0.7567
1733870,-0.6945
1733990,0.5517
1734260,-1.3811
1734350,-0.3763
1734410,-1.7012
1734470,-1.0211
1734510,-1.4487
1734740,0.2557
1734990,-1.5314
1735370,-0.8003
1735460,-1.2639
1735640,-0.5001
1736360,-1.4064
1736450,0.0372
1736480,-0.7259
1736600,-0.6116
1736750,-1.0781
1736810,-0.6549
1737050,-1.6357
1737080,-0.4712
1737170,-0.2405
1737680,-1.2224
1737860,-0.5601
1738220,0.3633
1738370,-0.9852
1738460,-1.2031
1739030,-0.3327
1739510,-0.3468
1739780,-0.6274
1739960,-1.8548
1740070,-0.8139
1740350,-1.0267
1740500,0.0959
1741190,-1.0731
1741250,-1.4127
1741520,-1.2628
1741550,-1.6965
1741690,0.0471
1741790,-0.4462
1741980,-0.6740
1742180,-0.3836
1742210,-1.6490
1742310,-0.6714
1742600,1.3386
1743020,-0.6144
1743110,-0.9566
1743330,-1.4429
1743380,-0.5210
1743860,-1.0221
1743960,-0.6793
1800030,0.7308
1800150,-1.1854
1800270,0.5505
1800360,-1.1346
1800630,0.2994
1800900,-0.2355
1801020,0.8612
1801200,0.6402
1801440,0.5306
1801890,0.2601
1802400,-0.7248
1802460,-0.4495
1802490,0.9033
1802640,-0.5810
1802800,0.3635
1802830,1.4924
1802850,-0.6162
1802880,-0.8457
1802910,-0.0840
1802970,-0.6265
1803270,-0.8715
1803450,-1.0891
1803630,-0.4926
1803660,-1.2535
1803690,-0.5597
1803750,-0.1103
1803870,-0.8310
1803930,-1.3092
1803940,-0.5360
1803960,-0.9334
1804110,-0.4111
1804170,0.1150
1804320,-0.8329
1804350,0.2144
1804560,0.3809
1804590,0.1534
1804620,-0.2950
1804770,-0.9062
1805280,0.0035
1805370,-1.0604
1805400,-0.1801
1805450,0.1565
1805460,-0.6894
1805520,-1.0622
1805550,-0.5300
1805580,0.1886
1805670,-1.0497
1806030,-0.9877
1806390,-1.1736
1806570,0.0796
1806600,-0.6742
1806840,-0.1025
1807320,-0.0240
1807350,0.6247
1807410,-0.1591
1807560,-0.1689
1807650,-0.1808
1807680,-0.1493
1808130,-0.8744
1808250,0.7050
1808760,0.5902
1808820,-0.6664
1808910,-0.8109
1808970,1.0688
1809060,-0.2613
1809150,0.4212
1809510,-0.5798
1809690,0.0889
1810080,-0.9698
1810140,-0.0483
1810290,-1.0664
1810650,0.7204
1810870,-0.1990
1810920,-0.0645
1811100,-0.9288
1811340,-0.5394
1811370,-1.0309
1811460,0.2959
1811580,-0.5385
1811970,0.3812
1812090,0.2451
1812240,-0.1056
1812360,-0.2915
1812390,0.2956
1812420,-0.4610
1812450,-0.6869
1812720,-0.9971
1812810,-0.7210
1812900,-0.7124
1813080,-0.2510
1813200,-0.2442
1903540,0.5946
1903690,0.3060
1904860,0.7245
1905790,0.0780
1906540,-0.8144
1907380,-1.3831
1907410,-0.9976
1907710,-0.5009
1907980,-1.9525
1908220,-1.1030
1908580,-1.1125
1908910,-0.9287
1908970,-1.6623
1909480,-0.4589
1911070,-1.6222
1911820,-1.7919
1913470,-1.1763
1914700,-1.5573
1915450,0.3601
1916530,-0.8306
1916680,-1.6192
1917220,0.2014
1918720,-1.7424
1918780,-0.2810
1920130,-0.8961
1922110,-1.5499
1922530,-1.3014
1923340,-1.6782
1926370,-1.2182
1926400,-1.2835
1926730,-1.5760
1926820,-0.4106
1927390,-1.1204
1928680,-1.1156
1930240,-0.9940
1930480,-1.4461
1930510,0.2474
1930630,-0.9886
1930930,-0.9164
1930990,-1.1551
1931290,-1.7313
2000017,-0.3844
2003200,0.6532
2003360,1.2035
2003450,-0.4107
2004050,-0.4560
2004980,-0.9076
2005460,-0.5217
2005490,0.4761
2005580,-0.9954
2005940,-0.7284
2006330,1.0721
2006390,-0.9277
2006420,0.8731
2006540,0.7663
2006580,-0.5616
2006660,-0.5836
2007020,-0.5259
2007050,-0.2192
2007350,-0.2943
2007560,-0.9799
2007620,-0.5671
2007860,-1.0431
2007890,-0.0783
2007950,-1.7745
2008190,-0.6440
2008280,-0.8124
2008340,0.2154
2008400,-0.0678
2008430,-1.1140
2008610,-0.8400
2008730,-1.1933
2009030,0.1073
2009140,0.6063
2009180,0.1798
2009960,-0.3210
2010140,-0.1067
2010710,-0.8568
2011370,-0.6667
2011490,-0.1240
2011640,-0.4566
2012000,1.1360
2012150,-1.0642
2012180,-0.1077
2012260,-1.6283
2012360,-0.7459
2012420,-1.4595
2012510,-0.4457
2012990,-1.5308
2013050,-0.4248
2100510,-0.7085
2100540,0.1668
2100570,-0.9166
2100750,-0.3532
2101150,-0.1850
2101200,-0.2701
2101350,-0.7194
2101470,-0.0912
2101860,-0.6409
2102010,-0.6161
2102280,0.0525
2102490,-0.3047
2102710,-0.0635
2102860,-0.3005
2102990,-0.7932
2103030,-0.7720
2103090,-0.2413
2103720,-0.4518
2103900,-0.0754
2104250,-0.7063
2104500,-0.7011
2104530,-0.4198
2104590,-0.4657
2104950,0.2342
2105260,-0.5872
2105320,-0.9194
2105730,-0.5887
2105820,-1.0449
2106000,-0.9402
2200090,-0.9220
2200270,-1.3102
2200300,-1.0461
2200330,-0.7539
2200540,-1.4727
2200720,-1.1797
2200840,-1.2285
2200870,-0.6423
2200900,-0.9005
2200990,-1.2137
2201020,-0.5066
2201170,-0.9188
2201200,-0.5076
2201230,0.4336
2201290,-0.7974
2201410,-0.4435
2201440,0.2316
2201530,-0.4253
2201560,-0.8364
2201620,-0.6404
2201650,-0.3776
2201680,-1.2168
2201740,-0.8931
2201770,-1.5206
2201800,-1.1283
2201830,0.0888
2309930,-0.8476
2400060,-0.1213
2400090,-1.2256
2400120,-0.4366
2400150,0.7543
2400180,0.0702
2400210,0.4213
2400240,-0.9232
2400270,0.2466
2400300,-1.3364
2400330,-0.2147
2400390,0.1190
2400420,-0.0051
2400480,-0.6473
2400510,-1.2570
2400540,-0.3528
2400600,0.4473
2400630,-1.0792
2400660,-0.2051
2400690,-0.8444
2400720,0.8491
2501800,-0.3635
2501890,-0.2025
2501920,-0.1831
2501950,0.6940
2501980,1.1995
2502100,-0.1044
2502190,0.2010
2502310,-0.1609
2502640,-0.1074
2502670,0.3879
2502790,-0.5678
2502940,0.7330
2503090,-0.7606
2503150,1.2697
2503270,0.2431
2503510,0.0722
2503540,-0.4264
2503660,-0.4816
2503750,-0.6386
2503990,0.3926
2504050,0.5245
2504140,-0.5715
2504320,-0.3555
2504360,0.6426
2504770,-0.2036
2504830,-1.3022
2504890,-0.9792
2504980,-1.1458
2505130,-1.0863
2505490,-1.0701
2505970,-1.2441
2506270,-1.8037
2506660,-0.6768
2506780,-0.4380
2506840,2.0264
2507020,-1.1493
2507110,-0.6332
2507170,-0.0610
2507320,-0.3811
2507560,0.0571
2507620,1.3006
2507740,-0.9329
2507860,-0.0516
2508340,0.6544
2508370,1.2910
2508430,-0.8856
2508610,1.2661
2508700,0.0451
2508850,-0.9078
2509060,0.0722
2509360,-0.5105
2509630,-0.6888
2509720,-0.3935
2509870,-0.5834
2509930,-0.7938
2510050,0.4198
2510380,-1.1689
2510500,0.3318
2510770,1.4754
2510890,-0.7604
2510920,-0.6184
2511010,-1.6369
2511130,-1.3103
2511250,0.3150
2511430,1.2893
2511520,-0.4855
2511880,1.3995
2512000,-0.3745
2512180,0.0978
2512240,-1.7777
2512270,0.9174
2512510,-0.2311
2512630,-1.0627
2512840,-0.1439
2513200,0.2851
2513230,-1.1533
2600005,-2.0248
2600015,-1.4182
2601950,-1.6167
2602520,-0.7903
2602550,-1.5362
2602640,-1.5716
2602820,-0.1759
2603690,-0.8999
2603870,-1.5677
2604260,-1.3590
2604470,-0.3371
2604530,-1.8468
2604830,-1.7536
2605430,-0.0545
2606270,-1.4994
2606780,-1.7991
2606960,-1.0955
2607560,0.2430
2607620,0.3539
2608070,-1.5575
2609570,-0.8829
2609900,-0.7031
2610140,-1.5692
2610620,-1.6264
2610980,-1.4998
2611430,-0.2489
2611550,-0.2130
2611600,-1.1120
2611610,-1.2866
2612000,-2.1055
2612150,-1.3180
2612600,-0.2732
2612810,-1.2043
2612930,-2.1300
2614070,-0.3039
2614230,-1.4079
2614520,-1.8863
2614610,0.3046
2616080,-1.6711
2616110,-0.9897
2616350,0.0207
2616380,-0.4025
2616410,-0.9044
2616440,-2.2745
2616470,-0.2628
2616500,-1.2516
2617860,-1.4379
2617880,-1.6187
2618420,-1.2261
2618450,-0.9780
2618480,-0.7893
2618840,0.4653
2618990,-0.5418
2619100,-1.5436
2619250,-0.7981
2619620,-1.6970
2619830,0.2442
2619950,-1.8688
2620160,-1.5043
2620280,-1.3263
2620340,-0.4179
2620730,0.7563
2620850,-0.9993
2621150,-1.8724
2621210,-0.8239
2621570,-0.8666
2621600,-1.7640
2621840,0.1229
2621870,-0.4640
2622200,-0.8717
2622320,-0.5172
2623460,-1.0882
2623820,0.0712
2624150,-1.9336
2624840,-1.8484
2625560,-0.6561
2625950,-1.0336
2626280,1.0059
2626760,-1.6628
2628560,0.6823
2628740,-2.0655
2628830,-1.6436
2628950,0.1582
2629910,-0.8438
2629940,0.8739
2630030,0.1755
2630090,-1.7753
2630390,-1.8770
2630450,-1.0829
2631320,-2.0208
2632250,0.4286
2632300,-1.3427
2632340,-0.9210
2632370,-1.4469
2632820,-0.5349
2633090,-1.2842
2633410,-0.3923
2633540,-1.1166
2633720,-0.5756
2633870,-1.2547
2634260,0.9333
2634470,-0.6490
2634560,-0.9734
2635160,-0.2017
2635190,-0.6245
2635310,-1.7024
2635520,-1.0486
2635910,-0.8805
2636485,-0.7671
2636540,-1.2525
2636570,-1.3545
2636630,-1.3632
2636660,-0.8113
2700102,-1.2728
2700109,-2.0017
2700128,-1.4478
2700379,-1.0631
2702970,-1.0940
2703180,-0.2253
2703450,-1.2936
2705790,-1.0983
2706240,-1.7899
2707290,-1.5599
2708100,-0.1944
2708190,-0.8923
2709510,-1.0868
2709720,-0.7879
2711040,-0.5953
2711250,1.1635
2711370,-0.1266
2711670,0.9548
2711760,-1.7507
2711820,-0.0040
2712270,-0.6784
2712420,-0.7669
2714220,0.0926
2714260,-0.9955
2715030,-0.9982
2717780,-0.1819
2718780,-0.1447
2718940,-1.0542
2720550,-1.8179
2721240,-1.7930
2721390,-0.1010
2721420,-1.4834
2722950,-0.4567
2723850,-0.5997
2723880,-1.3058
2725200,-1.0057
2728050,-1.2493
2728170,-1.3458
2730060,0.3829
2731750,-2.0399
2731780,-1.5234
2731800,-1.1176
2732390,-0.6253
2732430,-1.0131
2733000,-1.0349
2733270,-1.1294
2733330,-0.9745
2733510,-1.2288
2733600,-1.6797
2733780,-0.2279
2733810,0.2087
2733840,-1.4461
2738190,-0.2268
2740665,-1.3567
2741880,-0.4059
2742160,0.9622
2742270,-1.1477
2742360,-0.2236
2742720,-1.4892
2744160,-1.3762
2800630,-0.2804
2800870,-1.2442
2801320,-0.4858
2801470,-1.5151
2801710,-0.5254
2801770,-0.3254
2802160,-0.3393
2802190,-1.5265
2802280,-1.0912
2802400,-0.6952
2802520,-1.7407
2802790,-0.6894
2802850,-0.8006
2803120,-0.2027
2803360,-0.5439
2803480,-1.6348
2803520,-0.5195
2803660,-1.0114
2803830,-0.5223
2803900,-1.5192
2804110,-1.3829
2804320,-0.6151
2901000,-1.0310
2904020,-1.3565
2904620,-0.9193
2905310,0.9064
2905760,-0.3511
2906510,-1.6540
2907460,-1.4274
2908250,-0.6151
2908370,-0.3699
2912010,-1.0511
2912290,-0.4989
2912300,0.7161
2913080,0.4952
2913140,-0.4929
2913830,-0.4328
2914340,-0.9193
2915480,-0.8756
2916190,-0.6280
2916350,-0.9803
2916400,-1.2582
2917820,1.5192
2918300,0.0879
2918540,0.3692
2918690,0.9543
2920410,-1.2339
2920610,-0.6487
2920670,-0.2375
2920940,-0.8401
2921120,-0.7393
2921810,-0.7512
2922530,0.4808
2922800,-0.3464
2923430,0.2943
2923550,0.3579
2923580,0.0709
2923700,-0.5344
2925230,-0.0913
2926070,-0.6221
2926640,-1.4742
2926850,0.8217
2927060,-1.0692
2927830,-1.2004
2927870,-1.2104
2928860,-0.7877
2928920,-1.1140
2928950,0.0832
2929280,-1.3858
2930450,-0.6094
2931440,0.2546
2931500,0.3833
2931650,0.0334
3003870,-0.9641
3004560,-0.0309
3005280,0.1853
3013040,0.2711
3100006,-1.4889
3100016,-0.9681
3100022,-0.9264
3100095,-1.3177
3100098,-1.0168
3102910,-1.4622
3103810,-0.7429
3105340,-0.5326
3170110,0.3345
3170710,-1.3592
3170980,-1.5741
3171580,-0.6574
3172390,-0.7784
3172810,-1.4512
3172840,-0.4107
3173230,-1.5017
3173740,0.2474
3174160,-0.5821
3174430,-0.9103
3174820,-1.5748
3175270,-0.3264
3175900,-0.9228
3176450,-0.7694
3176470,-0.9862
3176860,-1.2731
3178660,-0.1304
3200030,-1.2225
3200060,-1.2076
3200090,-0.6883
3200120,-1.6051
3200210,-1.4158
3200240,-0.4540
3200300,-0.6551
3200360,-1.4488
3200390,-1.0165
3200420,-2.2893
3200480,-1.1227
3200510,-1.9070
3302610,-0.1876
3304590,-1.5549
3304980,-1.0695
3306060,-0.0139
3400009,-0.3314
3400930,-2.0035
3400960,-1.0103
3401260,-0.0149
3401350,-0.0945
3401380,-0.2407
3401410,-0.7715
3401500,0.6048
3401560,-0.0117
3401650,1.7860
3401830,0.4010
3401920,0.3024
3402100,-0.8058
3402220,0.1453
3402250,-1.4356
3402280,0.2243
3402340,-0.4978
3402400,-0.5554
3402460,-0.1367
3402640,-2.2372
3402820,-0.3770
3403000,0.4833
3403270,0.3022
3403300,-0.5109
3403420,-0.4114
3403570,1.3095
3403900,-0.0072
3403930,0.7739
3403990,1.1029
3404020,-0.1966
3404110,0.3185
3404200,-0.6448
3404230,-0.6664
3404290,0.2936
3404320,-0.3975
3404410,0.0398
3404470,-0.0794
3404500,0.1283
3404530,-1.0062
3404560,-0.6787
3404590,-0.1518
3404660,-0.3362
3404740,-0.3889
3404890,0.3111
3404920,-0.2226
3404980,0.9532
3405070,-0.4014
3405190,0.4165
3405310,0.4404
3405490,-0.8548
3405580,-1.0944
3405640,0.1969
3405730,-0.3497
3405760,0.1424
3405880,-0.6651
3406000,-1.0017
3406030,-0.2879
3406240,-0.4373
3406270,-0.3380
3406300,0.5510
3406450,0.0594
3406510,-0.2081
3406540,-0.4716
3406570,-0.6043
3406870,-0.4225
3406930,0.4670
3406990,-0.2187
3407170,-0.2548
3407230,0.6486
3407290,-0.0113
3407350,-0.5399
3407440,-0.0046
3407560,0.3675
3407680,-1.4970
3407740,0.3987
3407770,-0.7758
3407800,0.3808
3407830,-0.5933
3407860,-1.0903
3407890,-0.1801
3407920,-0.1450
3407950,-0.3528
3408100,-0.1832
3408220,-1.4090
3408400,-0.1405
3408520,0.5131
3408580,0.8540
3408610,-0.4605
3408640,-1.0140
3408700,-0.4687
3408760,0.3329
3408820,1.0156
3408850,0.2140
3408940,-0.9495
3409150,-1.1784
3409210,0.0135
3409240,-0.2642
3409270,0.3970
3409330,0.4604
3409390,1.0615
3409450,-0.0439
3409510,0.6120
3409630,0.0295
3409660,-0.9430
3409720,1.4318
3409750,0.4885
3409810,0.4866
3409990,0.7319
3410050,0.6107
3410110,0.4633
3410320,-1.5297
3410350,0.5918
3410470,0.0063
3410500,0.8030
3410560,1.0427
3410590,0.3380
3410810,-0.5580
3410920,-0.2762
3410950,0.8352
3410980,1.0226
3411070,-0.3211
3411160,-1.1000
3411220,-1.5316
3411280,0.3690
3411310,1.0786
3411340,-0.5499
3411430,0.5805
3411460,0.0734
3411490,-0.5488
3411580,0.2830
3411640,-1.0911
3411880,0.5093
3412060,-0.1705
3412270,-0.9155
3412360,-0.4170
3412420,0.9643
3412480,0.5187
3412540,-1.1619
3412690,-1.1566
3412810,-0.4951
3412840,-1.4114
3412870,-0.6109
3412930,-1.0513
3412960,-0.1497
3413050,0.5148
3413140,-1.3187
3413200,-1.0866
3413350,0.1708
3413410,0.7845
3413470,-0.6286
3413530,-0.0817
3413590,0.4849
3413650,0.2443
3413680,0.6477
3413740,-0.8680
3413770,0.5440
3413800,0.9239
3413830,1.8277
3414010,-0.5799
3414130,0.2516
3414280,-0.3600
3414310,0.3896
3414340,0.2777
3414460,0.5269
3414490,0.3576
3414640,0.1928
3414670,1.3616
3414850,0.3988
3415030,-1.4419
3415090,-0.2517
3415120,-0.2331
3415180,0.1229
3415210,0.1874
3415330,0.9743
3415360,0.3406
3415390,-0.3758
3415630,0.4334
3415690,-0.3804
3415900,0.3025
3416080,0.4041
3416200,0.6772
3416230,-0.1199
3416260,0.3586
3416290,-1.7188
3416380,0.1442
3416470,0.0511
3416500,0.1532
3416530,-1.7711
3416680,-0.4826
3416710,0.1693
3416800,-0.6256
3416830,0.2589
3416890,0.0472
3416920,-0.2693
3417070,0.3366
3417280,0.4091
3417310,0.7458
3417430,-0.4937
3417580,0.0950
3417610,0.2586
3417640,-0.4727
3417700,0.9215
3417760,0.9762
3417820,-0.0088
3417880,-0.1242
3417940,-1.6181
3418000,-0.6485
3418060,-0.8228
3418120,0.3114
3418150,-1.2363
3418270,-1.2514
3418300,-0.1355
3500010,-0.2971
3500030,-0.7825
3500060,-1.4109
3500120,-0.7613
3500150,-1.1362
3500180,-1.3586
3500210,-1.3900
3500240,-1.0618
3500300,-1.3967
3500420,-0.6877
3500510,-0.4381
3500570,-1.1772
3500600,-1.2263
3500690,-2.0649
3500750,-1.3524
3500900,-1.7623
3500930,-1.4018
3500960,-2.0744
3500990,-1.0849
3501080,-0.8095
3501110,-1.0667
3501170,-1.1215
3501200,-1.7488
3501230,-1.5990
3501260,-1.8852
3501350,-1.5997
3501500,-1.3153
3501530,-1.4787
3501560,-1.3515
3501620,-1.4515
3501650,0.2836
3501680,-0.9426
3501710,-1.8271
3501740,-1.1665
3501860,-1.2373
3501890,-0.7978
3501980,-1.8751
3502010,-1.6426
3502040,-1.3291
3502070,-0.9370
3502100,-1.3129
3502160,-1.5716
3502190,-1.2781
3502250,-0.9317
3502310,-1.2366
3502370,-1.7613
3502400,-1.0082
3502430,-1.0603
3502460,-1.9607
3502520,-1.6532
3502580,-0.6373
3502610,-1.4553
3502640,-1.0592
3502670,-0.9740
3600008,-0.9186
3602460,-1.7785
3602940,-1.6378
3602970,-2.3626
3603270,-0.6061
3603840,-0.0402
3604080,-0.4186
3604140,-0.8399
3604740,0.5820
3604870,-1.9050
3605280,-0.9583
3605310,-0.1139
3605580,-0.5983
3605850,-2.2588
3606570,-0.0940
3606630,-0.3343
3606870,-1.9113
3607380,0.0332
3608130,0.8023
3608160,-0.1645
3608310,-0.7339
3608430,0.5794
3608580,-0.1860
3608880,0.0635
3609120,0.1745
3609420,-2.0286
3609630,0.2901
3609660,0.0159
3609690,-0.7911
3609720,0.5473
3609840,0.7699
3609960,-0.2778
3610080,1.6219
3610500,-1.6383
3610620,-0.1202
3610650,-0.7571
3610680,0.3798
3610710,-1.0496
3610950,-1.9082
3610980,-0.7689
3611160,0.3333
3611460,0.6711
3611550,-0.5224
3611880,-0.5312
3611970,-2.5713
3612180,-0.6824
3612330,-0.5886
3612510,-0.2310
3612630,-0.4906
3612720,-0.2449
3613290,0.5856
3613530,-0.5276
3613620,0.4685
3613740,0.0402
3613980,-0.4147
3614010,-1.1233
3614130,-1.7241
3614190,-0.0601
3614280,0.9419
3614340,-0.2094
3614430,-1.2264
3614940,-1.2297
3615090,-1.0506
3615180,-0.9933
3615300,-0.5561
3615390,0.1293
3615480,0.3795
3615510,0.0958
3615540,-0.5916
3615570,-0.7664
3615630,-2.1988
3615780,-0.7713
3616080,1.0503
3616230,-0.6334
3616290,-1.3883
3616440,-1.2477
3616620,0.1785
3616740,-1.7821
3616830,-0.4767
3617160,0.3738
3617220,-1.4931
3617380,-0.3938
3617520,-0.4569
3617670,-1.5822
3617700,0.4049
3617730,-0.5809
3617910,0.3295
3618120,0.0712
3618210,0.0610
3618240,-0.0922
3618570,-1.1496
3618690,-0.3087
3619200,-0.2163
3619230,-0.4575
3619320,-1.3510
3619500,-0.3520
3619560,-0.7307
3619650,-0.0213
3619680,-0.1193
3619740,-1.5706
3619950,-0.3650
3620100,-0.8509
3620190,0.4535
3620340,0.3526
3620400,0.5220
3620460,-0.8629
3620490,-0.2632
3620580,-0.8827
3620640,-1.0737
3620700,-1.4786
3620820,-1.1094
3620910,-0.1885
3620940,0.5346
3621210,-0.3993
3621270,0.0340
3621480,-0.3550
3621570,-0.0737
3622020,-1.0016
3622290,-0.5604
3622470,-1.6662
3622650,-1.0802
3622680,0.9301
3622710,1.0467
3623010,-0.5616
3623160,1.2074
3623460,-0.6578
3623520,-0.9172
3623580,-0.3758
3623760,-2.0565
3624000,-0.2099
3624690,-1.0513
3624750,-2.6804
3624780,-0.4906
3624840,-1.1762
3624900,-1.0963
3624990,-1.7005
3625170,0.4908
3625290,0.6436
3625350,0.1064
3625800,-0.7425
3625950,1.4589
3626010,-2.2728
3626670,0.3455
3627060,0.7016
3627210,-0.6569
3627300,-0.9909
3627450,-0.5251
3627540,-0.9756
3627810,-1.6837
3627900,0.2858
3628200,0.8062
3628320,0.0479
3628560,1.4472
3628590,-3.2093
3628650,-1.3045
3628950,-2.3083
3629070,-1.1080
3629280,-0.4438
3629370,-1.7296
3629400,-0.6060
3629430,0.2912
3629460,0.5080
3629490,1.0565
3629790,-1.0400
3629880,-0.3378
3629970,-0.0586
3630030,-0.5668
3630120,-0.9741
3630360,-0.2601
3630540,-0.2296
3630660,0.1439
3630690,0.3278
3630960,-0.9038
3631020,0.7135
3631260,-0.4937
3631470,1.1581
3631710,0.2762
3631800,-1.8027
3631920,-1.5328
3631980,0.5889
3700011,-0.0524
3700012,-0.7530
3700030,-0.9877
3700090,-0.4739
3700120,-0.6127
3700210,0.0384
3700240,-1.0594
3700270,0.4254
3700300,-1.2964
3700330,-0.6143
3700390,-0.9556
3700420,-0.4147
3700450,-0.6330
3700480,-0.1679
3700530,-0.9684
3700580,-0.5932
3700630,-0.2441
3700690,-0.7505
3700720,-0.3190
3700750,-1.1578
3700900,-0.2123
3700930,-0.3367
3700960,-1.0392
3701110,-0.7381
3701140,-0.4702
3701170,-0.3955
3701200,-1.0308
3701260,-1.4043
3701320,-1.2452
3701380,-0.2026
3701500,-1.2654
3701530,-0.7260
3701620,-0.7847
3701800,-1.2797
3701830,-1.4163
3701920,-0.6835
3702010,-1.2475
3702040,-0.0222
3702100,-0.3836
3702190,-0.7390
3702250,-0.6081
3702310,-0.7210
3702340,-0.7378
3702370,-0.5625
3702430,-0.9671
3702560,-0.4878
3702610,-0.6174
3702640,-0.8500
3702680,-0.0908
3702760,-1.0212
3702880,-1.0760
3702940,-1.0942
3702970,-0.5109
3703060,-0.8929
3703090,-0.5013
3703120,0.1070
3703210,-0.2663
3703270,-0.8159
3703310,-0.1173
3703330,-0.2459
3703360,-0.6253
3703450,-0.1477
3703480,-0.8464
3703540,-0.3563
3703570,-0.5630
3703630,-0.3141
3703720,0.3029
3703780,-1.1736
3703870,-0.9267
3703930,-1.2670
3703990,-0.9023
3704050,-1.4114
3704080,-0.3729
3704140,-0.4787
3704320,-0.5817
3704380,0.0686
3704410,0.0037
3704500,-1.0992
3704530,-0.2843
3704620,-0.1857
3704650,-0.4268
3704720,-0.6011
3704830,-0.9826
3704880,-0.8197
3704950,-0.8803
3705020,-0.3251
3705040,-0.7496
3705070,-1.0248
3800014,-0.7662
3806780,-0.7091
3808060,-0.8262
3808130,-0.8135
3813030,-0.8259
3819410,-0.3548
3904348,-1.3848
3904351,-1.5237
3904360,0.0504
3904363,-0.5462
3904365,-0.9038
3904370,-0.9000
3904371,-1.1123
3904373,0.2918
3904375,-1.1572
3904378,-1.9067
3904380,-1.7645
3904384,-2.0174
3904386,-0.8342
3904394,-0.9147
3904399,-1.0404
3904401,-0.8822
3904408,-1.3686
3904410,-1.0446
3904419,-0.4783
3904421,0.2384
3904426,-1.7373
3904433,-1.0815
3904440,-1.1815
3904452,-0.5267
3904456,-0.6560
3904460,-0.5097
3904463,-0.9487
3904467,-1.2397
3904480,-0.7980
3904481,-1.2315
3904486,1.0087
3904490,-1.4689
3904504,-0.1224
3904507,-1.4658
3904509,-1.0611
3904513,-0.6176
3904516,-2.1301
3904519,0.9545
3904558,0.5299
3904564,-0.0409
3904610,-0.8001
3904611,-0.0440
3904624,-1.5448
3904676,0.6476
3904689,0.2634
3904696,0.2882
3904697,-1.2605
3904699,-0.1553
3904700,0.0579
3904701,-0.3532
3904702,-0.3060
3904704,0.0372
3904724,1.3853
3904736,-0.6486
3904813,-0.2692
3904820,0.5504
3904822,0.0678
3904823,-0.2683
3904829,-1.0321
3904830,0.5052
3904875,-0.3831
3904935,-0.4677
3905045,1.6999
3910000,-0.6726
3910014,-0.9959
3910015,-1.7271
3910020,0.2627
4002430,-0.6494
4002850,-0.5540
4003000,-1.4658
4003180,-1.0798
4003630,0.1772
4004110,-0.1509
4004500,-0.5581
4005490,-0.7070
4006870,-1.2384
4007560,-0.5182
4007620,-0.2508
4007740,-0.4346
4008070,-0.7614
4008490,-1.9268
4009060,-1.7281
4009570,0.2952
4010290,-1.1764
4010350,-0.5939
4010590,0.1850
4010650,-1.5991
4010740,-1.2018
4010920,-1.1474
4012150,-0.9632
4012720,-1.1405
4013560,-1.4231
4013590,-1.1530
4014160,-0.8105
4014340,-1.2143
4014850,-1.3468
4015090,-1.3554
4015720,-0.7842
4016560,-0.2977
4017250,-0.3036
4018700,-1.2156
4018990,-1.7921
4019440,-0.8869
4019950,-0.2838
4020250,-0.1262
4020970,-0.9508
4021000,-0.5531
4021720,-0.7601
4022770,-1.7450
4023280,-0.2380
4023970,-0.3222
4024690,-0.8298
4024870,-0.8886
4025230,-0.8503
4025290,-0.9319
4026880,-0.6266
4027570,-1.0122
4028680,-0.0597
4029380,-1.1422
4030240,-2.0031
4030600,-1.4637
4032070,-0.4677
4032370,-2.5772
4033180,-1.4212
4033480,-0.7496
4100009,-1.4678
4100015,-1.8488
4100020,-1.5134
4100023,-1.7304
4100048,-2.0070
4101120,-1.5772
4101620,-1.0686
4101920,-1.2054
4101980,-1.0656
4102040,-1.0377
4102310,-1.6043
4102640,-1.9579
4102780,-1.4719
4102800,-1.9282
4102840,-2.0768
4102940,-1.1753
4103480,-1.0909
4103660,-1.6690
4103720,-1.6619
4103840,-0.8144
4103860,-1.5501
4103940,-1.2987
4103990,-2.2539
4104500,-1.9366
4104700,-2.3029
4104740,-0.9551
4105160,-1.6636
4105610,-1.2636
4105910,-0.7771
4106000,-1.8357
4106300,-1.4112
4106510,-1.3458
4106710,-2.1419
4106740,-2.0794
4106900,-0.8412
4106930,-0.9500
4107020,-1.2605
4107080,-1.8455
4107230,1.2798
4107380,-1.4031
4107500,-1.6041
4108010,-0.8079
4108040,-1.4505
4108160,-1.6444
4108310,-1.3493
4108520,-1.4565
4108550,-1.2533
4108720,-1.0851
4108830,-1.4061
4108880,-2.0369
4109000,-1.3427
4109270,-1.6379
4109330,-0.8101
4109480,-1.9737
4109510,-1.1274
4109630,-1.8141
4110040,-1.2567
4110350,-1.1350
4110520,-2.5358
4110710,-0.9412
4110820,-1.3647
4110890,-1.5344
4111100,-1.6633
4111290,-0.1507
4111450,-1.3631
4111580,-1.6291
4111670,-1.3657
4111720,-1.3676
4111790,-1.5205
4112240,-1.2832
4112320,-1.3952
4112600,-2.2410
4113170,-0.8059
4113530,-2.2218
4202040,0.9119
4202280,-1.6875
4202400,0.1867
4202480,-1.0223
4202790,-0.7993
4203330,-0.8081
4203450,-0.8632
4203570,-1.1629
4204200,-1.1705
4204230,-0.4611
4205010,-0.2443
4205160,-0.5444
4205190,-0.5924
4205310,0.7670
4205400,-0.8652
4205490,0.0604
4205550,-1.5559
4205760,0.1207
4205860,-2.7434
4206240,-1.2084
4206360,-1.3269
4206480,-0.6094
4206550,-0.3256
4206780,-0.5490
4206840,-0.6185
4206960,0.9757
4207110,0.2684
4207230,0.0637
4207530,1.0397
4207650,-0.7475
4207710,0.2641
4208550,-0.3272
4208670,-0.0715
4208820,-0.3095
4208850,-0.5069
4209270,-0.3213
4209300,-1.9351
4209480,-0.2862
4210710,-0.3714
4210860,-0.5805
4210870,-0.1660
4211450,-1.3753
4211580,-2.8340
4211610,0.6754
4211700,-1.5646
4211790,-0.3707
4212540,-0.2483
4212690,-1.0070
4213140,-1.6994
4213440,-2.0680
4214100,0.1527
4214160,0.9999
4214580,-0.3305
4215030,0.2172
4215240,-0.6315
4215330,-0.0678
4216200,-0.8202
4216410,0.1560
4216980,-0.9990
4217280,0.2487
4217370,-0.1363
4217520,0.0374
4218030,-0.8985
4218270,1.2840
4218300,-0.9649
4218510,0.3389
4218630,-0.6268
4218750,-0.4447
4218840,0.0518
4218930,1.3211
4218990,-1.9481
4219050,0.0712
4219170,-0.6410
4219290,-0.3454
4219500,-0.3695
4219650,-0.7627
4219680,-0.9603
4219890,-0.0960
4220040,-1.7656
4220730,-0.8016
4221090,-1.3234
4221490,-1.6366
4221540,-1.0610
4221810,-0.5347
4221870,-0.4389
4222560,0.8440
4222770,0.1536
4222800,-1.8788
4222860,-0.1221
4223010,-0.8620
4224300,-0.4834
4224320,-1.0521
4224480,0.1624
4224750,0.5744
4224960,-0.7464
4225290,-0.7889
4225830,-1.4554
4225950,-0.9750
4225980,-0.1521
4226250,-0.2651
4226300,-1.7174
4226460,0.1731
4226550,0.4566
4226580,0.4096
4226760,-0.5806
4226820,-2.3370
4226850,0.4056
4400005,-2.3269
4400120,-1.5184
4400240,-0.5675
4400270,-0.4399
4400330,-0.9663
4400540,-0.7025
4400570,-0.4473
4400630,-0.9841
4400720,-1.3487
4400780,-0.7699
4400840,-1.2136
4400900,-1.9101
4401110,-0.5870
4401140,-0.5929
4401200,-2.0431
4500720,-1.0709
4500780,-0.4007
4500900,-0.3289
4501110,-1.1494
4501170,-0.7866
4501440,-1.0321
4501500,-2.0770
4501560,-1.1096
4501830,-1.2745
4501860,-1.0642
4502010,-0.0303
4502130,-0.4776
4502280,-0.7391
4502310,-0.9588
4502340,-1.6923
4502490,-0.5766
4502520,-2.3191
4502550,-0.7507
4502580,-0.8723
4502610,-1.5300
4502700,-0.7267
4502730,-1.2592
4502790,-1.9217
4502820,0.1687
4503030,-1.0477
4503060,-1.1192
4503330,-0.9671
4503360,-0.8199
4503390,-0.9227
4503460,-0.7491
4503480,-0.2644
4503510,-0.9663
4503540,-0.0100
4503570,-0.2629
4503600,-0.9241
4503630,-1.1113
4503660,-1.1809
4503690,-1.0514
4503720,-0.6557
4503810,-0.8236
4503840,-0.2998
4503870,-1.0631
4503900,0.1358
4635480,-2.0179
4659820,-0.9050
4666270,-1.1496
4700001,-0.8967
4700180,-1.1551
4700300,-1.0762
4700330,-0.7339
4700690,-0.9229
4700850,-1.4387
4700900,-0.9259
4700990,-1.8970
4701020,-0.5871
4701260,-0.1618
4701290,-1.3305
4701590,-1.2605
4701770,-0.7836
4702100,-1.7281
4702130,-0.1482
4702190,-0.1556
4702220,-1.0552
4702370,-1.2200
4702400,-1.0570
4702520,-1.1889
4702550,-1.6458
4702580,-1.2499
4702670,-0.7483
4702760,-1.3193
4702940,-1.6810
4703030,-0.1849
4703150,-0.8057
4703180,-1.4984
4703240,-0.6345
4703480,-1.3722
4703600,-1.4539
4703690,-0.3661
4703780,-1.4488
4703810,-0.0138
4704020,-0.7337
4704230,-1.0542
4704350,-1.3995
4704380,-0.2689
4704530,0.6774
4704550,-0.4173
4800001,-1.4533
4800003,-1.3241
4800008,0.3487
4800009,-0.1613
4800010,-0.8448
4800011,-1.1120
4807350,-0.0448
4807410,-0.9260
4807440,-0.6353
4807470,-0.6534
4807530,-1.3209
4807590,-0.0066
4807710,-0.4732
4807780,0.2763
4807800,-1.2429
4807830,-0.6693
4807890,1.0248
4807950,-0.8675
4807980,-0.8110
4808090,-0.4029
4808130,-0.3460
4808190,-0.4793
4808280,-1.0776
4808310,0.0720
4808340,-0.2981
4808400,-1.1101
4808430,-1.2517
4808550,-0.8340
4808580,-1.2725
4808700,-0.8536
4808870,-0.8568
4808910,0.4312
4808940,-0.7947
4809200,-0.5111
4809300,-1.1970
4809360,-0.6846
4809390,-0.4453
4809410,-0.2038
4809450,0.7486
4809540,-1.9247
4809570,-1.1170
4809630,-1.0442
4809670,-0.4807
4809720,-1.1640
4809810,-0.4712
4809860,-0.5362
4809870,-1.0773
4810200,-2.2060
4810230,-0.6324
4810260,0.0781
4810320,-0.8699
4810470,-1.2567
4810500,-1.3973
4810710,0.1937
4810780,-0.7818
4810800,-0.8398
4810830,-0.4346
4810890,-1.1198
4810950,-1.1920
4810990,-1.2795
4811070,-0.6116
4811110,-0.7472
4811190,-0.9721
4811220,-0.6112
4811280,-0.6449
4811310,-0.1540
4811340,-1.1186
4811580,-1.3384
4811610,-1.8362
4811640,-0.3464
4811680,-0.3794
4811700,-0.7776
4811790,-0.9525
4811990,-0.6203
4812120,-0.6059
4812180,-0.2728
4812220,-1.1248
4812390,0.3645
4812420,0.2232
4812460,-0.4107
4812480,-0.5547
4812640,-0.7590
4812700,-0.4470
4812750,0.2150
4812780,-0.4121
4812810,0.1859
4812870,-1.4528
4812990,-1.3810
4813020,2.3250
4813050,-0.3715
4813110,-0.8313
4813170,-0.7426
4813230,-0.3314
4813290,-0.1573
4813320,-0.8783
4813350,-0.8431
4813500,-0.5562
4813530,-0.2535
4813590,-0.4417
4813650,-0.8957
4813680,-0.1454
4813710,-1.5496
4813860,-0.3603
4813920,-1.2921
4813960,0.3656
4814130,-0.3231
4814280,0.1884
4814310,-1.3572
4814370,-1.1628
4814400,-1.3075
4814430,-0.7148
4814450,-0.7341
4814490,-1.2368
4814550,-1.3487
4814640,-0.8849
4814670,-0.7349
4814700,-1.4392
4814730,0.0209
4814760,-0.5197
4814790,-1.1350
4814820,-1.0463
4814850,-0.8833
4814880,-1.1031
4814970,-1.4205
4815000,0.1003
4815180,-0.1689
4815210,0.6204
4815240,0.1409
4815270,-0.8169
4815300,-1.0180
4815330,-0.4534
4815400,-1.4242
4815510,-0.0382
4815540,-1.1361
4815690,-1.2450
4815720,-1.3445
4815750,-0.6173
4815910,-0.6020
4815930,-1.9737
4815960,-0.9796
4815990,-1.2076
4816110,-0.1096
4816180,-0.8318
4816200,-1.4601
4816230,-0.8677
4816410,-0.9197
4816440,-0.9276
4816500,-0.9299
4816530,-0.1104
4816620,-1.0984
4816710,-0.5055
4816740,-0.4946
4816770,-0.3697
4816860,-0.7859
4816950,-0.8875
4817040,-0.6814
4817070,-0.4432
4817100,-1.7152
4817160,-1.4756
4817390,-1.3495
4817550,0.0122
4817580,-1.2014
4817610,-0.8402
4817640,-0.4064
4817700,-0.3563
4817730,-0.1508
4817760,1.6251
4817790,-0.4382
4817830,-0.4621
4817850,-1.0097
4817880,-0.8142
4817960,-0.6817
4818000,-1.3314
4818060,-1.1427
4818150,-1.3656
4818180,-0.2315
4818210,-1.0201
4818280,-0.9453
4818300,-0.3428
4818360,-1.3069
4818540,-0.4122
4818810,-0.4024
4818900,-0.9408
4818940,-0.6754
4819080,-0.3053
4819110,-0.7884
4819170,-0.9849
4819280,-0.0091
4819320,-1.5093
4819350,-0.5774
4819380,-0.0499
4819440,-1.2316
4819560,0.3459
4819650,-0.2340
4819700,-1.0567
4819820,-1.3543
4819830,0.0716
4819840,-0.7669
4819950,0.9418
4819980,-0.8899
4820010,1.0268
4820130,-1.2032
4820160,-0.0231
4820190,-1.0617
4820220,-1.4860
4820250,-0.1502
4820280,-0.9162
4820310,-0.8148
4820340,-0.3270
4820500,-1.0886
4820550,-0.2253
4820600,-0.5260
4820640,-1.0413
4820700,-1.1380
4820760,-0.6554
4820850,-0.4304
4820960,-0.8254
4821030,-0.9023
4821060,-0.7262
4821150,-0.4643
4821360,-1.2787
4821390,-0.7542
4821420,-0.6822
4821450,-1.1557
4821600,-1.2922
4821660,-0.0897
4821720,-1.0664
4821750,-1.0212
4821780,-0.2866
4821810,-0.9962
4821930,-0.5670
4822050,-0.6640
4822170,0.1942
4822320,0.2624
4822470,-0.8725
4822530,-0.4511
4822650,-2.3462
4822710,-0.8936
4822830,-1.7367
4822920,-1.1422
4822970,-0.7577
4823010,-1.2371
4823100,-1.1169
4823250,2.1377
4823280,-0.7040
4823310,-1.6630
4823430,-1.2089
4823640,-0.5750
4823790,0.0163
4823820,-1.0230
4823910,-0.1825
4824030,-0.9067
4824060,0.2129
4824100,-0.5588
4824120,-0.9899
4824150,-0.1577
4824180,-0.7667
4824210,-1.2615
4824330,-0.5617
4824420,-1.0117
4824480,-0.4433
4824530,-1.3983
4824590,-0.3217
4824600,-1.2186
4824630,-0.5605
4824750,-1.1145
4824930,-0.4721
4824960,-0.7410
4824990,-0.6651
4825020,-0.9528
4825140,-0.3101
4825170,0.3752
4825200,-0.8409
4825230,0.1194
4825260,0.3581
4825320,-1.2240
4825440,-0.9492
4825500,-0.0584
4825560,-1.9816
4825590,-0.0818
4825620,-1.0503
4825660,-0.2588
4825680,-1.5307
4825740,-0.1091
4825800,0.1381
4825980,-0.2896
4826040,-0.6624
4826100,-0.8590
4826130,-0.9461
4826160,-1.2318
4826190,0.2394
4826250,-1.6110
4826280,-0.4304
4826310,-0.1005
4826340,-1.3138
4826370,0.7347
4826400,0.0181
4826430,-0.2024
4826470,0.8442
4826490,-1.0337
4826580,-0.0755
4826610,-1.6959
4826640,-0.9086
4826670,-0.4742
4826790,-1.3826
4826850,-0.2355
4827030,0.1716
4827240,-1.0682
4827300,-0.3648
4827420,-0.1395
4827450,-1.1000
4827510,0.3055
4827690,-0.4974
4827720,-0.4401
4827750,-1.0103
4827780,-1.1706
4827810,-0.7306
4827870,-0.6141
4827890,-1.2329
4827990,0.4814
4828110,-0.7193
4828200,-0.1916
4828230,-1.2984
4828290,0.2842
4828350,-1.3073
4828380,2.0860
4828500,-1.1005
4828550,-0.5243
4828590,-1.8488
4828620,-0.6229
4828650,-1.3648
4828680,0.2036
4828710,-0.6341
4828740,-0.6145
4828890,-0.9738
4828920,-0.0368
4829010,-0.8230
4829040,-1.4116
4829100,-0.4777
4829130,-2.6288
4829160,-0.9403
4829280,-0.4172
4829400,-1.4499
4829580,-1.2662
4829670,-0.2495
4829700,-1.6575
4829820,-0.7996
4829850,-0.2616
4830060,-0.0047
4830120,-0.4394
4830180,-1.1854
4830250,-1.2372
4830340,-1.2819
4830390,-0.2048
4830420,-1.2253
4830570,-1.2664
4830600,0.2606
4830640,0.3379
4830930,-1.1252
4830950,-1.0553
4831040,-0.5846
4831170,-1.0752
4831230,-0.8971
4831260,0.2338
4831290,-1.8900
4831470,-1.7511
4831760,-0.6719
4831770,-0.1510
4831890,-0.8890
4831950,0.3174
4832090,-1.5738
4832130,-0.4975
4832160,-0.0020
4832190,-1.4008
4832280,-0.1202
4832310,0.0167
4832370,-0.2895
4832400,-0.5349
4832430,-0.8058
4832610,-1.3543
4832740,-1.1092
4832940,-0.2356
4833010,-0.4081
4833060,-0.9386
4833120,-0.0817
4833180,0.0710
4833360,-0.5934
4833390,-1.6440
4833630,-0.4814
4833660,-0.8907
4833720,-0.7988
4834020,-0.1363
4834050,-0.8964
4834110,-0.5875
4834170,-1.1803
4834290,-0.6896
4834320,-0.5037
4834440,0.3673
4834470,-2.2533
4834550,-1.1726
4834650,-1.2630
4834680,-1.3976
4834770,-0.7383
4834830,-0.2999
4834860,-0.8056
4834920,-1.1612
4834980,-0.9038
4835010,-0.0399
4835040,-0.6445
4835070,-0.8057
4835100,-0.2121
4835190,-0.5847
4835250,-0.7547
4835310,-0.6275
4835400,-0.9430
4835430,-0.0713
4835490,-1.2808
4835520,-0.9655
4835550,-0.0605
4835560,-0.4474
4835760,-2.3775
4835800,-0.9733
4835850,-0.4947
4835910,-1.1146
4836000,0.6936
4836240,-1.1530
4836360,-0.1359
4836390,-1.5239
4836450,0.7970
4836540,-1.6020
4836570,-1.9806
4836660,-0.2382
4836780,-0.9198
4836930,0.1096
4836960,-1.0087
4836970,-1.2677
4837020,-0.1946
4837140,-0.7556
4837170,-1.2765
4837260,-0.8098
4837320,-0.4152
4837410,-0.5263
4837440,-1.4308
4837590,-0.8811
4837650,0.1652
4837710,-1.3067
4837740,-0.2431
4837800,-1.1568
4837860,-1.0891
4837900,-0.6144
4838080,0.1059
4838190,-1.4984
4838220,-0.2054
4838310,-1.2443
4838360,-0.5214
4838430,-1.3997
4838460,-0.5830
4838580,-0.5071
4838700,-0.8191
4838730,-1.3330
4838790,-0.7518
4838820,-1.5623
4838850,-1.1304
4838900,-1.1096
4838910,-0.1114
4838970,-0.7391
4839000,-0.3707
4839030,-0.8863
4839180,-0.5627
4839270,-0.7664
4839300,0.7902
4839330,-2.0924
4839360,-1.0375
4839480,0.0873
4839510,-0.5861
4839540,-0.8137
4839600,-1.7085
4839630,-0.7170
4839690,-1.1042
4839750,-1.2243
4839870,-0.4356
4839930,0.6753
4839990,-0.7058
4840020,-1.8186
4840080,-0.5653
4840350,-1.2539
4840410,0.0174
4840440,-1.0369
4840550,-1.1812
4840590,-1.1521
4840650,-1.7815
4840680,-1.2250
4840710,-0.0562
4840740,-1.1080
4840800,-0.4678
4840920,-1.1121
4840950,-0.9696
4841010,-0.7930
4841070,-0.6927
4841100,-1.2731
4841190,0.1580
4841220,-0.7417
4841250,-1.0743
4841280,-0.8716
4841350,-0.4643
4841400,-0.5928
4841430,-1.2468
4841520,-0.5936
4841610,-0.4179
4841670,-0.5437
4841760,-0.8112
4841820,-0.7733
4841850,0.8131
4841880,-0.0924
4841910,-0.4623
4841970,-0.2690
4842030,-0.3949
4842060,-1.8635
4842090,-0.6484
4842240,-0.2616
4842280,-0.8867
4842300,-0.7023
4842330,-1.2621
4842450,-1.1348
4842480,-0.5427
4842510,-0.5652
4842690,-1.0137
4842810,-0.9601
4842960,0.4823
4842990,-0.7801
4843200,-1.6926
4843260,-0.8228
4843290,-1.0428
4843320,-0.9232
4843350,-0.3630
4843470,-0.9732
4843650,-0.7081
4843720,-1.5045
4843800,0.0221
4843920,-0.6840
4843950,-0.5568
4844010,-0.8534
4844110,-0.8815
4844150,-1.2136
4844160,-0.6207
4844280,-1.1979
4844310,-2.2831
4844410,1.3293
4844430,-0.1727
4844470,-0.6795
4844670,-1.6307
4844730,-0.2211
4844800,-0.6149
4844810,-0.4677
4844820,-0.5062
4844890,0.0034
4844960,-0.4530
4845040,-1.0698
4845090,-2.0702
4845120,-1.0470
4845150,-0.9832
4845380,-0.9905
4845420,-0.8384
4845540,-0.3501
4845600,0.3668
4845720,-0.8973
4845780,-0.7959
4845900,-0.7240
4845950,-0.9894
4846200,-0.7008
4846230,-0.7822
4846260,-1.7269
4846380,-0.7808
4846500,0.8482
4846530,0.2254
4846620,-1.0027
4846650,-1.8036
4846680,-0.2270
4846710,-1.2320
4899130,-1.2972
4900030,-0.9709
4900060,-1.0884
4900090,-1.4710
4900120,-0.9174
4900142,-1.2980
4900150,-1.0954
4900210,-1.3150
4900240,-1.9460
4900330,-1.3424
4900360,-1.9082
4900390,-0.8073
4900420,-1.2354
4900510,-1.2021
4900540,-1.6625
4900600,-1.2197
4900630,-1.5125
4900660,-1.3972
4900720,-2.0379
4900750,-1.3287
4900810,-0.7504
4900870,-1.4656
4900930,-1.7237
4900960,-1.0500
4900990,-0.0659
4901050,-1.3190
4901080,-1.0843
4901110,-1.8252
4901140,-1.1103
4901200,-1.7367
5100060,-0.5012
5100090,-0.9211
5100120,-1.3627
5100270,-0.6791
5100300,-0.8657
5100360,-0.4121
5100660,-0.2340
5100690,-0.4104
5100780,-0.1366
5100810,0.3994
5100840,-0.1751
5101050,-0.3641
5101110,0.0701
5101170,0.0661
5101260,-0.5095
5101290,0.0826
5101320,-0.4659
5101440,0.1894
5101470,-0.9593
5101510,-0.5188
5101560,-0.8263
5101620,0.7472
5101710,-0.9459
5101800,0.0575
5101830,0.1662
5101860,-1.4154
5101890,-0.4118
5101920,-0.4838
5101980,-0.9036
5102250,-0.4589
5102340,-0.1110
5102360,-1.0489
5102390,-0.7660
5102520,-0.0257
5102640,-0.5731
5102670,-0.5592
5102710,-0.9199
5102820,-0.0359
5102940,-0.0679
5103000,0.1393
5103090,0.2939
5103130,-0.3514
5103240,-0.7411
5103300,-0.1841
5103330,0.2640
5103390,-0.7157
5103510,-0.9673
5103640,-0.2647
5103660,-0.0636
5103710,0.2892
5103840,0.1660
5103870,-0.4736
5103930,-0.9757
5104020,0.1211
5104050,-1.0281
5104150,0.5661
5300001,-1.0463
5300003,-0.9571
5300030,-1.2986
5300150,-0.6421
5300240,-0.2587
5300300,-0.4548
5300380,-0.3682
5300390,-0.7407
5300420,-0.6486
5300480,-0.4449
5300570,-0.5025
5300660,-0.6231
5300690,-1.7170
5300720,-1.6343
5300780,-1.8510
5300810,1.1499
5300950,0.0986
5300960,-0.8968
5301080,-0.0673
5301110,-0.0665
5301140,-1.0022
5301170,-0.8937
5301200,-1.0618
5301230,-0.3981
5301410,-0.5940
5301470,-1.6156
5301590,-1.6086
5302280,-0.5537
5302310,-0.9152
5302400,-0.7598
5302460,-1.7951
5302490,-1.3673
5302610,-0.7701
5302670,-0.2313
5302700,-0.8275
5302820,-0.9248
5302850,-0.7238
5302880,-1.6513
5302910,-2.1949
5302940,-0.4181
5303150,-1.0892
5303180,-1.5472
5303510,-0.9213
5303540,-1.1469
5303660,-1.1438
5303750,-0.1019
5303930,-1.2162
5303960,-0.7602
5304020,-2.0616
5304200,-0.0237
5304230,-0.0456
5304260,-0.8388
5304470,-1.4578
5304560,-0.8134
5304620,-0.6812
5304650,-1.2885
5304740,-1.8055
5304860,-1.0947
5304920,0.3417
5305010,-1.5027
5305130,-1.6497
5305220,-0.8725
5305280,-1.7072
5305370,-1.3129
5305400,-1.1751
5305430,-0.6807
5305460,-1.4300
5305670,-0.8358
5305730,-1.5731
5305760,-0.0892
5305790,-1.8079
5305850,-0.3204
5305910,-0.1781
5305940,-0.5304
5306180,0.2761
5306220,-1.3821
5306390,-1.7208
5306450,-0.8941
5306480,-0.9086
5306570,-1.4146
5306690,0.2005
5306820,0.3092
5306870,-1.3050
5306900,-0.7206
5306930,0.2951
5306960,-0.1789
5307020,-1.2504
5307080,-1.1957
5307230,-1.0926
5307320,-0.7852
5307350,-0.1184
5307470,-0.1957
5307620,-1.3635
5307710,-0.5154
5307740,-1.0127
5307770,-0.8602
5307830,0.0738
5307900,-1.1503
5307920,0.0203
5308020,-1.1712
5308040,0.2946
5308130,-1.2801
5308160,0.2122
5308250,-0.3413
5308340,-0.1665
5308460,0.1181
5308550,-0.5850
5308610,-0.1905
5308670,-1.1509
5308700,-1.4761
5308760,0.5785
5308940,-1.3159
5308970,-1.5556
5309100,0.4445
5309150,-0.3939
5309180,0.3043
5309270,-1.2986
5309360,-1.5742
5309450,-1.5960
5309480,-1.4664
5309510,-1.5346
5309540,-0.7423
5309660,-1.3060
5309690,-0.2785
5309720,-0.6191
5309780,-0.3824
5309810,-2.3246
5310050,-0.4320
5310110,-1.5454
5310140,0.0373
5310170,-1.4340
5400060,-1.0337
5400570,-0.7574
5400600,-0.3581
5500030,-1.5387
5500390,-1.0550
5500420,-1.2785
5500540,-1.0490
5500810,-0.2134
5500960,-0.9897
5501050,-1.2774
5501770,1.2008
5501890,-0.4915
5503060,-0.9367
5503640,-1.6640
5504050,-0.5337
5504290,-0.4928
5504680,-0.9276
5504740,-0.5584
5504830,0.7586
5505820,-1.6157
5505910,1.0952
5505940,-0.4912
5506000,0.0752
5507020,-0.3820
5507050,-1.2944
5507320,-1.0469
5507530,-0.6596
5507620,-1.0231
5508520,-1.7233
5508610,-1.0462
5509030,-1.6992
5509510,-0.5626
5509600,-1.5412
5510060,1.0680
5510170,0.0121
5510320,-0.5537
5510830,-0.3361
5511190,-0.8258
5512360,-1.7172
5513260,-0.3787
5513410,-0.8062
5513650,-1.0009
5514040,-1.0839
5514160,-0.9255
5514490,-0.6486
5514640,-0.3519
5515330,-1.6101
5515450,-0.4898
5515750,-1.3643
5515780,-1.2600
5515900,-0.9013
5515960,-1.3950
5515990,0.4776
5516260,-0.6085
5516290,-0.4614
5516680,-1.4512
5600730,0.0172
5601030,-1.1429
5601470,-0.4849
5601980,-0.4387
5602760,-0.7104
5602990,-1.0494
5604510,-0.6879
5605160,-0.5486
5605220,-0.6490
5605302,-0.7384
5605762,-0.5981
5605830,-0.9851
5606240,0.0318
