id,all_avg
01001,5.6485
01003,5.4598
01005,3.8067
01007,4.3216
01009,4.7538
01011,3.0113
01013,4.1472
01015,5.0061
01017,3.8280
01019,4.7132
01021,4.6083
01023,3.8123
01025,4.1862
01027,4.4596
01029,5.2148
01031,5.5378
01033,5.2026
01035,4.3355
01037,4.0636
01039,5.1144
01041,4.5485
01043,5.5915
01045,4.7649
01047,3.5377
01049,4.3824
01051,4.8501
01053,4.8030
01055,4.7935
01057,4.8416
01059,4.9001
01061,4.6254
01063,3.1132
01065,4.3392
01067,4.1820
01069,5.1313
01071,5.0511
01073,5.0395
01075,4.4058
01077,5.3338
01079,4.8017
01081,5.3650
01083,4.8083
01085,3.1341
01087,3.2722
01089,5.6895
01091,4.4000
01093,5.4301
01095,5.3042
01097,4.7908
01099,3.9674
01101,3.8169
01103,5.0771
01105,3.3029
01107,4.2177
01109,4.8183
01111,4.0753
01113,4.2853
01115,4.9693
01117,5.5359
01119,2.9296
01121,4.5355
01123,4.5788
01125,4.5868
01127,4.9368
01129,4.1612
01131,3.1141
01133,4.7610
02013,4.9405
02016,6.3511
02020,5.4116
02050,1.7666
02060,4.8458
02068,5.7701
02070,2.9873
02090,5.4484
02100,5.9888
02105,4.3175
02110,5.5110
02122,5.9692
02130,5.3854
02150,5.4192
02170,5.6558
02180,3.2314
02185,3.0971
02188,2.5834
02195,6.1757
02198,5.0660
02220,5.6801
02240,4.9758
02261,5.8822
02270,1.6264
02275,6.4925
02290,3.5689
04001,3.5302
04003,4.8107
04005,4.6662
04007,3.8900
04009,5.2456
04011,5.2599
04012,3.9947
04013,5.3519
04015,5.0885
04017,4.4497
04019,5.0046
04021,4.6409
04023,5.0118
04025,5.3221
04027,4.4298
05001,4.7488
05003,4.8433
05005,5.8633
05007,6.1783
05009,6.1270
05011,4.3981
05013,4.1923
05015,5.3997
05017,3.9061
05019,5.1859
05021,5.1146
05023,5.4151
05025,5.1424
05027,4.7640
05029,5.4150
05031,5.4155
05033,4.9590
05035,4.7580
05037,5.2875
05039,4.0823
05041,4.2059
05043,5.1889
05045,6.0286
05047,5.7688
05049,6.1988
05051,5.4745
05053,5.5752
05055,4.9909
05057,4.1811
05059,5.3476
05061,5.0392
05063,5.3663
05065,5.4231
05067,5.3988
05069,3.9520
05071,5.1779
05073,4.4544
05075,4.9484
05077,2.8973
05079,4.6683
05081,4.7065
05083,5.3248
05085,5.6716
05087,5.3503
05089,5.1483
05091,4.6792
05093,4.2803
05095,4.2286
05097,5.1204
05099,5.0159
05101,5.1469
05103,4.3689
05105,5.1513
05107,3.9777
05109,4.7443
05111,4.7830
05113,5.4785
05115,5.8736
05117,5.1672
05119,4.4500
05121,5.3202
05123,3.3764
05125,6.0257
05127,4.8487
05129,5.4210
05131,5.3010
05133,5.5027
05135,5.4987
05137,5.7391
05139,5.0093
05141,5.3500
05143,5.5757
05145,5.5603
05147,4.6708
05149,5.2190
06001,5.4470
06005,4.6065
06007,4.4827
06009,4.7646
06011,3.9958
06013,5.3771
06015,4.0754
06017,5.8223
06019,4.4837
06021,3.8628
06023,4.6381
06025,4.1196
06027,4.3496
06029,3.9937
06031,4.2155
06033,3.8585
06035,4.3201
06037,4.6351
06039,4.0571
06041,6.4389
06043,4.9318
06045,3.8555
06047,4.0619
06049,4.2999
06051,4.8543
06053,3.9765
06055,4.7573
06057,5.2178
06059,5.5995
06061,5.9567
06063,5.1242
06065,4.6419
06067,4.7704
06069,4.3978
06071,4.4361
06073,5.3495
06075,5.2594
06077,4.1615
06079,5.3462
06081,5.7328
06083,4.6082
06085,6.0648
06087,4.6539
06089,4.9120
06091,4.7849
06093,4.6241
06095,4.6144
06097,4.9908
06099,4.3334
06101,4.6783
06103,4.6236
06105,4.9631
06107,4.0096
06109,4.9374
06111,4.9369
06113,5.0052
06115,4.3639
08001,5.3526
08003,5.4802
08005,5.9688
08007,5.6559
08009,6.1219
08011,5.9438
08013,6.8524
08015,6.4210
08017,5.6815
08019,6.4703
08021,6.1291
08023,4.7869
08025,5.7564
08027,6.4709
08029,6.0810
08031,4.9879
08033,4.7971
08035,7.2019
08037,6.1266
08039,6.0978
08041,6.3498
08043,5.6735
08045,5.6418
08047,5.7969
08049,6.3322
08051,6.5605
08055,4.8629
08057,-9999.0000
08059,6.6208
08061,5.6185
08063,5.3355
08065,4.2146
08067,6.1436
08069,6.7890
08071,5.4034
08073,6.3776
08075,6.0893
08077,5.8299
08081,5.1888
08083,5.1325
08085,5.6905
08087,5.3939
08089,5.3436
08091,6.9145
08093,6.6378
08095,5.8595
08097,7.1386
08099,5.4371
08101,5.5348
08103,6.0206
08105,5.1980
08107,7.1575
08109,4.8451
08113,6.8969
08115,6.1447
08117,6.5554
08119,6.2221
08121,5.9105
08123,5.4568
08125,5.6443
09001,6.3991
09003,5.8608
09005,6.1796
09007,6.5959
09009,5.5382
09011,5.9997
09013,6.7606
09015,5.4381
10001,5.7368
10003,5.4492
10005,5.8512
11001,4.0660
12001,5.8003
12003,5.7617
12005,5.7293
12007,4.7888
12009,6.2692
12011,5.8235
12013,6.0096
12015,5.7751
12017,6.0355
12019,6.1498
12021,5.6850
12023,5.5454
12027,4.7336
12029,5.5231
12031,5.3766
12033,5.1969
12035,5.8939
12037,5.2208
12039,4.7039
12041,6.0590
12043,5.5577
12045,5.7184
12047,4.4691
12049,5.0545
12051,4.9034
12053,5.6747
12055,5.3082
12057,5.5622
12059,5.2995
12061,5.5990
12063,5.7221
12065,4.1652
12067,5.5810
12069,5.5217
12071,5.7147
12073,6.0186
12075,5.1727
12077,5.2662
12079,4.2660
12081,5.3378
12083,5.3149
12085,6.1535
12086,5.5372
12087,5.9795
12089,6.2780
12091,6.4303
12093,4.9648
12095,5.6004
12097,5.1971
12099,5.8317
12101,5.5795
12103,5.5438
12105,5.1158
12107,4.9629
12109,6.9079
12111,5.1538
12113,6.5557
12115,6.5280
12117,6.4456
12119,6.0804
12121,5.1078
12123,5.2313
12125,5.9334
12127,5.5094
12129,6.0826
12131,6.0448
12133,5.4340
13001,5.0482
13003,4.9606
13005,5.2915
13007,3.4926
13009,4.2520
13011,5.6628
13013,5.2352
13015,5.4111
13017,4.6745
13019,5.6403
13021,3.9562
13023,5.9642
13025,5.3753
13027,4.4681
13029,6.0321
13031,5.2643
13033,4.5106
13035,4.7355
13037,4.4771
13039,5.8202
13043,5.0183
13045,5.2502
13047,5.5203
13049,4.5673
13051,4.5379
13053,4.2883
13055,4.8416
13057,6.2936
13059,4.5595
13061,4.0728
13063,4.2940
13065,4.4986
13067,5.9689
13069,5.1416
13071,4.6483
13073,6.1950
13075,4.7558
13077,5.4376
13079,4.8965
13081,4.9251
13083,5.0148
13085,5.5567
13087,4.7780
13089,4.5505
13091,4.9558
13093,3.4422
13095,4.2008
13097,5.1360
13099,4.9603
13101,4.9870
13103,5.9456
13105,4.6787
13107,4.3653
13109,4.9167
13111,5.5112
13113,6.7663
13115,5.2022
13117,7.5277
13119,5.2807
13121,5.4817
13123,5.0978
13125,4.9216
13127,5.5821
13129,5.4597
13131,4.6921
13133,4.5626
13135,6.1949
13137,5.4838
13139,4.9718
13141,3.3752
13143,5.5027
13145,5.8340
13147,5.1482
13149,5.5834
13151,5.3384
13153,5.7309
13155,4.8925
13157,6.1228
13159,4.6956
13161,5.1882
13163,4.3545
13165,4.1674
13167,4.7597
13169,5.3422
13171,4.5975
13173,5.1323
13175,4.9965
13177,5.6974
13179,4.9229
13181,5.4172
13183,4.8717
13185,5.4537
13187,5.8500
13189,4.6644
13191,4.5812
13193,3.6884
13195,5.5313
13197,4.9933
13199,3.8400
13201,4.6205
13205,4.5864
13207,5.7088
13209,4.3777
13211,5.7225
13213,5.2730
13215,4.5253
13217,4.7838
13219,7.0929
13221,5.6515
13223,5.4601
13225,4.1373
13227,5.5044
13229,5.9721
13231,5.3949
13233,4.7670
13235,4.5992
13237,5.1536
13239,3.3865
13241,5.6405
13243,3.3793
13245,3.8872
13247,5.3671
13249,6.0192
13251,4.3614
13253,4.7848
13255,4.5121
13257,5.8589
13259,4.2477
13261,3.7641
13263,3.1808
13265,3.6267
13267,4.6426
13269,4.4674
13271,4.5622
13273,3.8997
13275,4.6988
13277,5.0023
13279,4.6795
13281,5.7070
13283,4.5746
13285,5.1661
13287,4.3647
13289,3.7155
13291,6.1876
13293,4.9099
13295,5.2973
13297,5.6691
13299,5.5227
13301,3.9408
13303,4.5062
13305,4.7359
13307,4.9032
13309,4.5597
13311,5.7077
13313,4.9006
13315,4.5533
13317,4.7253
13319,4.6486
13321,4.6394
15003,5.1651
16001,5.9789
16003,5.3335
16005,6.0181
16007,5.5421
16009,4.8513
16011,5.1631
16013,6.1319
16015,5.6640
16017,6.0356
16019,5.7359
16021,5.3200
16023,5.6356
16027,5.2474
16029,5.6664
16031,5.2980
16035,5.1704
16037,5.1408
16039,5.0268
16041,5.6020
16043,5.2621
16045,5.5160
16047,4.6804
16049,5.4192
16051,5.8430
16053,4.8557
16055,6.2164
16057,6.2076
16059,5.6326
16061,5.2028
16063,4.8305
16065,6.5561
16067,5.0511
16069,5.5083
16071,5.5607
16073,4.8534
16075,5.5916
16077,4.9786
16079,5.0872
16081,4.7735
16083,5.5277
16085,6.3274
16087,5.6928
17001,5.1067
17003,3.8617
17005,5.6436
17007,5.2809
17009,5.1977
17011,5.1175
17013,5.9714
17015,5.5515
17017,4.2277
17019,5.4757
17021,5.3388
17023,5.5585
17025,5.1903
17027,6.2549
17029,5.5535
17031,5.2278
17033,5.1331
17035,5.4165
17037,5.6806
17039,5.1834
17041,5.3668
17043,6.7496
17045,5.5062
17047,5.3594
17049,5.9949
17051,4.8186
17053,5.8478
17055,4.6968
17057,5.0987
17059,4.9793
17061,5.1090
17063,6.0403
17065,5.2798
17067,5.2494
17069,4.5867
17071,5.2679
17073,5.5749
17075,5.8509
17077,4.9302
17079,5.7773
17081,4.7970
17083,5.6698
17085,5.8542
17087,5.4757
17089,5.6033
17091,5.1062
17093,6.2618
17095,5.2840
17097,6.1758
17099,5.2670
17101,5.3645
17103,5.3160
17105,5.7349
17107,5.3897
17109,5.7189
17111,6.1382
17113,6.1463
17115,5.0374
17117,5.5352
17119,5.3414
17121,4.9466
17123,5.8968
17125,5.3333
17127,5.9191
17129,5.4070
17131,5.6755
17133,6.5960
17135,5.2203
17137,5.4355
17139,5.5794
17141,5.7877
17143,5.2729
17145,5.1630
17147,6.0433
17149,4.9099
17151,4.5673
17153,3.7879
17155,5.5595
17157,4.9255
17159,5.3400
17161,4.7622
17163,5.2619
17165,4.5332
17167,5.3988
17169,5.1672
17171,5.2679
17173,5.9328
17175,5.6299
17177,5.1326
17179,5.8694
17181,4.9660
17183,4.5908
17185,5.3094
17187,4.9001
17189,5.4890
17191,5.7284
17193,5.1938
17195,5.6112
17197,5.6819
17199,5.4113
17201,4.8884
17203,6.2718
18001,6.3325
18003,5.8214
18005,6.0352
18007,5.8654
18009,5.9360
18011,7.0349
18013,6.0482
18015,6.1166
18017,5.4470
18019,5.5625
18021,5.9258
18023,5.4184
18025,6.3581
18027,6.0599
18029,6.0510
18031,6.2819
18033,5.9305
18035,5.7829
18037,6.7059
18039,5.5313
18041,6.0048
18043,6.1341
18045,5.6523
18047,6.1639
18049,6.0081
18051,6.1048
18053,5.5761
18055,5.8599
18057,7.4014
18059,6.2240
18061,6.2169
18063,7.0432
18065,5.8630
18067,5.7129
18069,6.1885
18071,5.6364
18073,6.0799
18075,6.3447
18077,5.5831
18079,5.9203
18081,6.5283
18083,5.7187
18085,6.0445
18087,5.9082
18089,5.4144
18091,5.9039
18093,5.5595
18095,5.5310
18097,5.2397
18099,6.0737
18101,5.9799
18103,5.8502
18105,6.4459
18107,5.9924
18109,5.9920
18111,5.8708
18113,5.5923
18115,5.5790
18117,5.9305
18119,5.8451
18121,5.4649
18123,6.4180
18125,5.8283
18127,6.5654
18129,6.3702
18131,6.2357
18133,5.8044
18135,5.7989
18137,6.2098
18139,5.9991
18141,5.6661
18143,5.5336
18145,6.3391
18147,6.8132
18149,5.3233
18151,5.9028
18153,5.7281
18155,5.6567
18157,6.2606
18159,5.8528
18161,6.2759
18163,5.2566
18165,5.4590
18167,5.8483
18169,5.8808
18171,6.1683
18173,6.7219
18175,5.7719
18177,5.6200
18179,6.1937
18181,5.9002
18183,6.0592
19001,5.5276
19003,5.5846
19005,5.5495
19007,5.6682
19009,6.0038
19011,5.9741
19013,5.2752
19015,5.8911
19017,6.3192
19019,5.7365
19021,4.9762
19023,5.7531
19025,5.9876
19027,6.1617
19029,5.9280
19031,5.7320
19033,5.5323
19035,5.6932
19037,5.9904
19039,5.4180
19041,5.9001
19043,5.6516
19045,5.7899
19047,5.3810
19049,6.6747
19051,5.7048
19053,5.1852
19055,6.0171
19057,5.5016
19059,6.5014
19061,5.9064
19063,5.1875
19065,5.8027
19067,5.4652
19069,5.5735
19071,5.4661
19073,5.7427
19075,6.1128
19077,5.8763
19079,6.1459
19081,5.8136
19083,5.7083
19085,5.7203
19087,5.7752
19089,5.5128
19091,6.4749
19093,6.1687
19095,5.9709
19097,5.7390
19099,5.7618
19101,5.9329
19103,6.2154
19105,5.7349
19107,5.7309
19109,5.6784
19111,5.4945
19113,6.0227
19115,4.9225
19117,5.3841
19119,6.2261
19121,6.2260
19123,5.4384
19125,6.2183
19127,5.0075
19129,6.1150
19131,6.1960
19133,5.2906
19135,5.6747
19137,5.3763
19139,5.5268
19141,6.2125
19143,5.7806
19145,5.5277
19147,5.5102
19149,5.9673
19151,5.8122
19153,5.7282
19155,5.2447
19157,6.3587
19159,6.0440
19161,5.7191
19163,5.7816
19165,6.3397
19167,6.1735
19169,6.7325
19171,5.3202
19173,6.0589
19175,5.2048
19177,5.3620
19179,4.9656
19181,6.3459
19183,5.5912
19185,5.7316
19187,5.0389
19189,5.8727
19191,6.6980
19193,5.2804
19195,6.0270
19197,5.6155
20001,5.7320
20003,6.3120
20005,5.3109
20007,6.1404
20009,5.7046
20011,5.2604
20013,6.2255
20015,6.4886
20017,6.2571
20019,5.5255
20021,5.3418
20023,6.1991
20025,6.2711
20027,6.3945
20029,5.9113
20031,5.9731
20033,6.1109
20035,5.7542
20037,5.6462
20039,5.5326
20041,6.0086
20043,5.2920
20045,6.3427
20047,5.7492
20049,6.7304
20051,6.6067
20053,6.2842
20055,5.0106
20057,4.8287
20059,5.6786
20061,5.6278
20063,5.9364
20065,5.8474
20067,4.5748
20069,6.2394
20071,5.0103
20073,6.0049
20075,5.1585
20077,6.0198
20079,6.1211
20081,5.5883
20083,6.2487
20085,6.3655
20087,5.9807
20089,6.1514
20091,6.9474
20093,5.8350
20095,5.6067
20097,6.0645
20099,6.1502
20101,6.3407
20103,5.8434
20105,6.0084
20107,5.7438
20109,6.4396
20111,5.5909
20113,5.6252
20115,6.2243
20117,6.3782
20119,6.1722
20121,6.2338
20123,6.5800
20125,5.5287
20127,6.0839
20129,5.3659
20131,6.9714
20133,5.7573
20135,4.8292
20137,6.3884
20139,6.0183
20141,6.0213
20143,5.9855
20145,5.3071
20147,6.7208
20149,6.3405
20151,5.7547
20153,6.0440
20155,5.7643
20157,6.2099
20159,6.2331
20161,6.5841
20163,5.6522
20165,5.9125
20167,5.6644
20169,5.6592
20171,5.8508
20173,5.2632
20175,4.7754
20177,5.4558
20179,5.8041
20181,5.7745
20183,6.3759
20185,5.5546
20187,5.3133
20189,5.1315
20191,5.7488
20193,5.3722
20195,5.8972
20197,5.9608
20199,6.6240
20201,5.9263
20203,5.7664
20205,5.7113
20207,6.2308
20209,4.1584
21001,5.5056
21003,5.8114
21005,5.9536
21007,5.8794
21009,5.7665
21011,5.4559
21013,5.2406
21015,6.1886
21017,5.5438
21019,5.5511
21021,6.1310
21023,5.2255
21025,5.2896
21027,5.8760
21029,5.5672
21031,5.2479
21033,5.8642
21035,6.4292
21037,6.0335
21039,5.1697
21041,5.1228
21043,5.6092
21045,5.8119
21047,5.2032
21049,5.6659
21051,5.2193
21053,5.1645
21055,5.6512
21057,5.0736
21059,6.1297
21061,5.9614
21063,4.5663
21065,4.9084
21067,6.1886
21069,5.3056
21071,6.0497
21073,5.3094
21075,4.9386
21077,4.8387
21079,5.4076
21081,5.3566
21083,6.1169
21085,5.5715
21087,5.5973
21089,5.5840
21091,6.0606
21093,5.5035
21095,5.3979
21097,5.5207
21099,5.8300
21101,6.1950
21103,5.0784
21105,5.2007
21107,5.6919
21109,4.9522
21111,4.9598
21113,5.6328
21115,6.1726
21117,5.6797
21119,5.4024
21121,4.9130
21123,5.9926
21125,5.9199
21127,4.9948
21129,5.2595
21131,5.2600
21133,5.3169
21135,4.8175
21137,5.3404
21139,5.2276
21141,5.8277
21143,6.0788
21145,5.8824
21147,5.2965
21149,5.8813
21151,5.7134
21153,5.3914
21155,5.9316
21157,6.1824
21159,5.0406
21161,5.6936
21163,6.2104
21165,4.7676
21167,5.2647
21169,5.4495
21171,5.8085
21173,5.7861
21175,5.7541
21177,5.9484
21179,5.2466
21181,5.0847
21183,5.6653
21185,6.6479
21187,5.3956
21189,4.5872
21191,5.5485
21193,5.4568
21195,5.7093
21197,5.3208
21199,6.0589
21201,4.6734
21203,5.8350
21205,5.4234
21207,5.8118
21209,5.9822
21211,5.6111
21213,5.6042
21215,5.8331
21217,5.5623
21219,5.3744
21221,5.6832
21223,5.0678
21225,5.5341
21227,5.8019
21229,5.4836
21231,5.3620
21233,5.3139
21235,6.1854
21237,5.3498
21239,6.0997
22001,4.7364
22003,5.2333
22005,5.5449
22007,4.6032
22009,4.0536
22011,4.9004
22013,4.4692
22015,5.2012
22017,4.2299
22019,4.9686
22021,4.4333
22023,4.8125
22025,4.7253
22027,3.6796
22029,4.2299
22031,4.5931
22033,4.4961
22035,4.0202
22037,3.9062
22039,4.8622
22041,4.1185
22043,4.7282
22045,4.8371
22047,4.3333
22049,4.4145
22051,4.5305
22053,5.1168
22055,5.0404
22057,4.7762
22059,5.0763
22061,5.0276
22063,5.6113
22065,2.9944
22067,3.7893
22069,4.2370
22071,4.1890
22073,5.0178
22075,5.8438
22077,3.8779
22079,4.6857
22081,3.7488
22083,4.1286
22085,4.7834
22087,5.3076
22089,5.6842
22091,2.3470
22093,4.7832
22095,4.4794
22097,4.3197
22099,4.5150
22101,4.9408
22103,5.7384
22105,4.1023
22107,3.5787
22109,4.8768
22111,4.0116
22113,5.0083
22115,5.6777
22117,4.1748
22119,4.2027
22121,4.6761
22123,4.8054
22125,5.9000
22127,4.6428
23001,5.4726
23003,5.6042
23005,6.4271
23007,5.7567
23009,6.0744
23011,5.6745
23013,5.8575
23015,5.9824
23017,5.3442
23019,5.9923
23021,5.2330
23023,6.0740
23025,5.3276
23027,5.3941
23029,5.4611
23031,6.0814
24001,5.7440
24003,6.4460
24005,5.7970
24009,6.7267
24011,5.9566
24013,6.7242
24015,5.3829
24017,5.6013
24019,4.7865
24021,6.4496
24023,5.7653
24025,6.4134
24027,7.1689
24029,5.2203
24031,6.5395
24033,4.5733
24035,6.4126
24037,6.2869
24039,5.1947
24041,5.6084
24043,5.9129
24045,5.3979
24047,7.1449
24510,3.8278
25001,6.8283
25003,6.2714
25005,6.3281
25007,7.4496
25009,6.4650
25011,6.1927
25013,5.5602
25015,6.5994
25017,7.2651
25019,5.9594
25021,7.4939
25023,6.7058
25025,5.4170
25027,6.5356
26001,4.8760
26003,5.1839
26005,5.7127
26007,5.0815
26009,5.4725
26011,5.1170
26013,4.7589
26015,5.6687
26017,5.1465
26019,5.6640
26021,5.2000
26023,4.9566
26025,4.7532
26027,5.4051
26029,5.6086
26031,5.0713
26033,5.4123
26035,4.6101
26037,5.9501
26039,5.9447
26041,5.0716
26043,5.6107
26045,5.1925
26047,6.0275
26049,4.9763
26051,5.0550
26053,5.2227
26055,5.6521
26057,5.2926
26059,4.7539
26061,5.8905
26063,5.5001
26065,5.2927
26067,5.1869
26069,4.9452
26071,5.0458
26073,5.3099
26075,5.0146
26077,5.2110
26079,4.5650
26081,5.5368
26085,3.8056
26087,5.3162
26089,6.0510
26091,5.2512
26093,6.1898
26095,4.7880
26097,5.3982
26099,5.1822
26101,5.0964
26103,5.3939
26105,5.4646
26107,5.0517
26109,5.2024
26111,6.1394
26113,5.2766
26115,5.3111
26117,4.7159
26119,4.7808
26121,4.7176
26123,5.1634
26125,6.1426
26127,4.6548
26129,5.0792
26131,4.9945
26133,4.5991
26135,4.8449
26137,5.8782
26139,6.2399
26141,5.3142
26143,5.1032
26145,4.6940
26147,5.4577
26149,5.0708
26151,5.4817
26153,4.9487
26155,5.0472
26157,4.9924
26159,5.3074
26161,6.2849
26163,4.4322
26165,5.3229
27001,5.7896
27003,6.4057
27005,6.3750
27007,5.5459
27009,6.5307
27011,6.2102
27013,6.6609
27015,6.2200
27017,6.4498
27019,6.9760
27021,5.1958
27023,5.8748
27025,6.4958
27027,6.2368
27029,5.1602
27031,5.6298
27033,6.0061
27035,6.5605
27037,6.5838
27039,6.4128
27041,6.8739
27043,5.8988
27045,6.3290
27047,5.7747
27049,6.4541
27051,6.2189
27053,6.0742
27055,6.1919
27057,5.9371
27059,6.3454
27061,5.8393
27063,6.1216
27065,6.0092
27067,5.6323
27069,6.5648
27071,5.8073
27073,6.1768
27075,5.9980
27077,5.4501
27079,5.8717
27081,6.6220
27083,6.0909
27085,6.3911
27087,4.6439
27089,6.0956
27091,5.7922
27093,6.3393
27095,5.7510
27097,5.9246
27099,5.4885
27101,6.3840
27103,6.6202
27105,5.2262
27107,6.1925
27109,6.5203
27111,6.2900
27113,6.1551
27115,5.4417
27117,5.8008
27119,6.0929
27121,6.5729
27123,5.4388
27125,5.8719
27127,5.9965
27129,5.8193
27131,6.0612
27133,6.4704
27135,6.2635
27137,5.9757
27139,6.8784
27141,6.4907
27143,5.7856
27145,6.1050
27147,6.0878
27149,6.6446
27151,6.0350
27153,5.3384
27155,6.6765
27157,6.5756
27159,5.9478
27161,6.3766
27163,6.9374
27165,5.2812
27167,5.8210
27169,6.0775
27171,6.8120
27173,5.5587
28001,3.4008
28003,5.2398
28005,3.2472
28007,5.2452
28009,4.1348
28011,3.9039
28013,4.7672
28015,4.1842
28017,4.1985
28019,5.1099
28021,3.8259
28023,4.7675
28025,4.2041
28027,3.3557
28029,3.6031
28031,3.6970
28033,5.5186
28035,4.8062
28037,4.2452
28039,4.9414
28041,4.4599
28043,5.1583
28045,5.2801
28047,5.6081
28049,4.2469
28051,3.0453
28053,3.2021
28057,5.0467
28059,4.9984
28061,4.3305
28063,3.1358
28065,3.8442
28067,4.5722
28069,3.4421
28071,5.4706
28073,5.4995
28075,4.4310
28077,4.6542
28079,3.4997
28081,4.9481
28083,3.6867
28085,4.6892
28087,4.6906
28089,5.5556
28091,4.3016
28093,3.8913
28095,4.8644
28097,4.8036
28099,4.7050
28101,5.0339
28103,3.6286
28105,4.2249
28107,4.2197
28109,4.8005
28111,4.3212
28113,4.1292
28115,5.4550
28117,5.2756
28119,3.6370
28121,5.4264
28123,4.2876
28125,4.6888
28127,4.2068
28129,4.6920
28131,5.0552
28133,3.1369
28135,3.6802
28137,4.6455
28139,4.7401
28141,5.5619
28143,3.6911
28145,5.4618
28147,3.4057
28149,4.0312
28151,3.6771
28153,4.2699
28155,5.2316
28157,3.4612
28159,4.4370
28161,4.3036
28163,3.2436
29001,5.9849
29003,5.8172
29005,6.2353
29007,5.2182
29009,5.4010
29011,5.2754
29013,5.6065
29015,5.6352
29017,5.5564
29019,5.5464
29021,5.4336
29023,5.4558
29025,5.8135
29027,5.5310
29029,5.5998
29031,5.7573
29033,5.9047
29035,5.2756
29037,5.8292
29039,5.1674
29041,5.5367
29043,6.3475
29045,5.6138
29047,6.1323
29049,5.8331
29051,5.7180
29053,5.2142
29055,5.3804
29057,5.2608
29059,5.3837
29061,5.5686
29063,5.9048
29065,5.6826
29067,5.7854
29069,5.5116
29071,5.8513
29073,5.5897
29075,5.8812
29077,5.6802
29079,5.8280
29081,5.4577
29083,5.1022
29085,6.1329
29087,6.1730
29089,5.1235
29091,5.8121
29093,5.7658
29095,5.2348
29097,5.6531
29099,6.1953
29101,5.8434
29103,5.3966
29105,5.4197
29107,5.5302
29109,5.3969
29111,5.8361
29113,5.1259
29115,5.8816
29117,5.6898
29119,5.4228
29121,5.5252
29123,5.7368
29125,5.2550
29127,5.3927
29129,5.1718
29131,5.6696
29133,4.9816
29135,5.6995
29137,5.5219
29139,5.1881
29141,5.4917
29143,5.1180
29145,5.5764
29147,5.8377
29149,5.5837
29151,5.7272
29153,5.7522
29155,4.8364
29157,5.2207
29159,5.4462
29161,5.9758
29163,5.4152
29165,6.5709
29167,5.4645
29169,5.5649
29171,5.6226
29173,5.6136
29175,5.3031
29177,5.6819
29179,5.3714
29181,5.1476
29183,6.3574
29185,5.3683
29186,6.2819
29187,6.0248
29189,5.8734
29195,4.8332
29197,5.4037
29199,6.1411
29201,4.9605
29203,5.7422
29205,5.7877
29207,5.6077
29209,5.4942
29211,4.9607
29213,6.0076
29215,5.3966
29217,5.5633
29219,5.2815
29221,5.8089
29223,5.0906
29225,5.6978
29227,4.9809
29229,5.5157
29510,3.5459
30001,6.3935
30003,3.4429
30005,4.8507
30007,6.1491
30009,6.0630
30013,6.2531
30015,6.2092
30017,5.4652
30019,5.5849
30021,5.4457
30023,5.1792
30025,5.8000
30027,6.2558
30029,6.3617
30031,6.7275
30033,5.9661
30035,3.7317
30039,6.3907
30041,4.8440
30043,6.5176
30045,6.1187
30047,5.2290
30049,6.0639
30051,6.0601
30053,5.5996
30055,6.0465
30057,6.5081
30059,5.1766
30061,5.5849
30063,6.4581
30065,5.5232
30067,6.4421
30071,5.9169
30073,4.8724
30075,6.1641
30077,5.9026
30081,6.1320
30083,5.9908
30085,3.7684
30087,4.4189
30089,5.7491
30091,5.6569
30093,6.1840
30095,6.2077
30097,6.3595
30099,6.1197
30101,5.8729
30105,5.2574
30107,5.3131
30109,-9999.0000
30111,5.8374
31001,5.8104
31003,5.8769
31011,5.7510
31013,5.0757
31015,5.2078
31017,5.5131
31019,5.8041
31021,5.6660
31023,5.7967
31025,5.6635
31027,6.0782
31029,5.3885
31031,6.5040
31033,6.2182
31035,5.5714
31037,5.2577
31039,5.4170
31041,6.2714
31043,4.5849
31045,6.0450
31047,4.8694
31049,5.7973
31051,5.4741
31053,5.4385
31055,5.5053
31057,4.9831
31059,5.9499
31061,6.7448
31063,5.8942
31065,5.9605
31067,5.9060
31069,6.0940
31071,6.5730
31073,5.4159
31075,-9999.0000
31077,5.6573
31079,5.4534
31081,6.2302
31083,6.3299
31087,6.0536
31089,5.6793
31091,-9999.0000
31093,5.8409
31095,5.3461
31097,5.8947
31099,5.6603
31101,5.5695
31105,4.8501
31107,5.7514
31109,6.4378
31111,5.5214
31113,7.0670
31119,5.5896
31121,5.0969
31123,5.6381
31125,5.7449
31127,6.2779
31129,5.5341
31131,5.8627
31133,5.5687
31135,5.6191
31137,6.3376
31139,6.3545
31141,5.7996
31143,5.7898
31145,6.2037
31147,5.4850
31149,-9999.0000
31151,5.2582
31153,6.1186
31155,6.2250
31157,5.3887
31159,6.2517
31161,5.4511
31163,5.8304
31167,5.6157
31169,6.1319
31173,2.3541
31175,6.7800
31177,6.3931
31179,5.9530
31181,5.3359
31185,6.1910
32001,5.1599
32003,4.9635
32005,5.8216
32007,4.7983
32011,6.0044
32013,4.7983
32015,5.3458
32017,4.8519
32019,5.3516
32021,3.9068
32023,4.5616
32027,3.9361
32029,5.7189
32031,5.4322
32033,4.3778
32510,5.2723
33001,6.2683
33003,6.6441
33005,6.2448
33007,5.8421
33009,6.7525
33011,6.2609
33013,6.5093
33015,6.8204
33017,6.2254
33019,6.0549
34001,5.6606
34003,7.1646
34005,6.3580
34007,5.6315
34009,6.0951
34011,4.7581
34013,5.7297
34015,6.2659
34017,5.4515
34019,7.4566
34021,6.2910
34023,6.6519
34025,6.7897
34027,7.4095
34029,6.2873
34031,5.2343
34033,5.6013
34035,7.2677
34037,6.5371
34039,6.1607
34041,6.3649
35001,4.6788
35003,4.6984
35005,4.8276
35006,4.2308
35007,4.7278
35009,5.0757
35011,5.1108
35013,4.6349
35015,4.8055
35017,4.8081
35019,4.5185
35023,4.2782
35025,4.1197
35027,4.5237
35028,7.1782
35029,3.6737
35031,3.4618
35033,4.3269
35035,5.2285
35037,4.8740
35039,3.7122
35041,4.7871
35043,5.3144
35045,4.5207
35047,4.0682
35049,4.3419
35051,4.5026
35053,3.8462
35055,4.4245
35057,5.0698
35059,5.6330
35061,4.6628
36001,5.7624
36003,5.3265
36007,5.5406
36009,5.3206
36011,5.4630
36013,5.1619
36015,5.0589
36017,4.8544
36019,5.3856
36021,5.0677
36023,5.2067
36025,5.1969
36027,5.5517
36029,5.5586
36031,5.4861
36033,4.7587
36035,5.0336
36037,5.8042
36039,5.1403
36041,5.8978
36043,5.2877
36045,5.2674
36049,5.4898
36051,5.6803
36053,5.7771
36055,5.4862
36057,4.7677
36059,6.6416
36061,5.3266
36063,5.5445
36065,5.1915
36067,5.2271
36069,5.9437
36071,5.4930
36073,5.2574
36075,5.2566
36077,5.4211
36079,6.3975
36083,5.3966
36087,6.0570
36089,5.2019
36091,6.3759
36093,5.3693
36095,5.2875
36097,5.1405
36099,5.2424
36101,5.4679
36103,6.0814
36105,4.6482
36107,5.3371
36109,5.8246
36111,5.2013
36113,5.9600
36115,5.3676
36117,5.5225
36119,6.2933
36121,5.6175
36123,4.9955
37001,5.3835
37003,5.7765
37005,5.9975
37007,4.2727
37009,6.1445
37011,5.7712
37013,5.2922
37015,4.4029
37017,4.6450
37019,5.6462
37021,6.1844
37023,6.0637
37025,5.8286
37027,5.8032
37029,6.3522
37031,6.3844
37033,5.0110
37035,5.7857
37037,5.8620
37039,5.6934
37041,5.2664
37043,5.6298
37045,5.8728
37047,5.1488
37049,5.7835
37051,5.3298
37053,6.0801
37055,6.2679
37057,5.6575
37059,6.3356
37061,4.8299
37063,4.7302
37065,4.0383
37067,5.5006
37069,5.3071
37071,5.3977
37073,5.4543
37075,5.5851
37077,4.9547
37079,4.2030
37081,5.6055
37083,4.1994
37085,4.8912
37087,6.2156
37089,6.3349
37091,4.2219
37093,4.9408
37095,5.3336
37097,6.1785
37099,5.6101
37101,5.9348
37103,5.3374
37105,5.5126
37107,4.8557
37109,6.3676
37111,5.5988
37113,5.5795
37115,5.6943
37117,5.1202
37119,5.9246
37121,5.8165
37123,4.9185
37125,5.9734
37127,4.8471
37129,6.1950
37131,4.6776
37133,5.4718
37135,7.2438
37137,5.4656
37139,4.9020
37141,5.7336
37143,5.2780
37145,5.6869
37147,5.2024
37149,6.7797
37151,5.2890
37153,4.8135
37155,4.2851
37157,5.2120
37159,4.9253
37161,5.7292
37163,5.4767
37165,5.3465
37167,5.6368
37169,5.8381
37171,6.2171
37173,5.5339
37175,6.2354
37177,5.0389
37179,6.7986
37181,4.8943
37183,6.5188
37185,4.2540
37187,4.1622
37189,6.7007
37191,5.0343
37193,5.6485
37195,5.2766
37197,5.7138
37199,6.3322
38001,6.4391
38003,6.4894
38005,3.9124
38009,6.1081
38011,6.3029
38013,5.2390
38015,6.0325
38017,6.2316
38019,5.6947
38021,6.5836
38023,5.3217
38025,5.5929
38027,6.3567
38029,5.8185
38031,6.6153
38033,6.4837
38035,6.1294
38037,6.0539
38039,6.0933
38041,5.9660
38043,5.7004
38045,6.5268
38047,6.0517
38049,5.7929
38051,6.2482
38053,5.0882
38055,5.6808
38057,6.1121
38059,5.7265
38061,4.0993
38063,5.8005
38065,-9999.0000
38067,6.2776
38069,6.2980
38071,6.1960
38073,5.9902
38075,6.5406
38077,5.9794
38079,4.5702
38081,6.1370
38085,2.0716
38089,5.8192
38091,-9999.0000
38093,6.2361
38095,6.3011
38097,6.0973
38099,5.9619
38101,5.8283
38103,6.3764
38105,5.3072
39001,5.5845
39003,5.6960
39005,6.0513
39007,5.5720
39009,5.5690
39011,6.6008
39013,5.7680
39015,5.6290
39017,6.1421
39019,5.6863
39021,5.8368
39023,5.3271
39025,6.3601
39027,5.9871
39029,5.6801
39031,5.8711
39033,5.2884
39035,5.2589
39037,6.0882
39039,6.1843
39041,7.1446
39043,5.6434
39045,6.3107
39047,5.7582
39049,5.5457
39051,6.4516
39053,5.8761
39055,6.9392
39057,6.2738
39059,5.4413
39061,5.7296
39063,6.1081
39065,5.6399
39067,4.9896
39069,6.1921
39071,5.4593
39073,5.9238
39075,6.3507
39077,5.7692
39079,5.8022
39081,5.8948
39083,6.0166
39085,6.1486
39087,5.8482
39089,6.0692
39091,5.7719
39093,5.8089
39095,5.2443
39097,5.8199
39099,5.6905
39101,5.0776
39103,6.7650
39105,5.2790
39107,6.9465
39109,6.3477
39111,4.7920
39113,5.3894
39115,5.7290
39117,5.6279
39119,5.7410
39121,5.2772
39123,6.0996
39125,6.0843
39127,5.5922
39129,6.0609
39131,4.9541
39133,6.1799
39135,5.7922
39137,6.6588
39139,5.6123
39141,5.5006
39143,5.6322
39145,5.4515
39147,6.0333
39149,6.2034
39151,6.0943
39153,5.9143
39155,5.7499
39157,6.0284
39159,6.4706
39161,6.1239
39163,5.0742
39165,7.2330
39167,5.5839
39169,6.4822
39171,5.9681
39173,6.4064
39175,5.6965
40001,4.4009
40003,4.9084
40005,5.2501
40007,5.0942
40009,5.0838
40011,4.9611
40013,5.3655
40015,4.7343
40017,5.6186
40019,5.1003
40021,5.0529
40023,4.4282
40025,4.7339
40027,5.9371
40029,5.1455
40031,5.4018
40033,5.3934
40035,4.8275
40037,5.0671
40039,5.7002
40041,5.0893
40043,5.2523
40045,5.2400
40047,5.0860
40049,4.9745
40051,5.4588
40053,5.0544
40055,5.3451
40057,4.9399
40059,5.0389
40061,4.4201
40063,4.5112
40065,5.4987
40067,4.6864
40069,4.5044
40071,5.3268
40073,5.5136
40075,5.4328
40077,5.0152
40079,4.7836
40081,5.1463
40083,5.0712
40085,4.5091
40087,5.5214
40089,5.0901
40091,5.0770
40093,5.5876
40095,5.1229
40097,5.2820
40099,5.0722
40101,5.1018
40103,5.1968
40105,5.0267
40107,4.1598
40109,5.0569
40111,4.6849
40113,4.7957
40115,4.8982
40117,4.7053
40119,5.7278
40121,5.0590
40123,5.2542
40125,4.9808
40127,4.8236
40129,5.8358
40131,5.4050
40133,4.4968
40135,5.3499
40137,5.2134
40139,4.7879
40141,4.4879
40143,5.1125
40145,4.9790
40147,6.0768
40149,5.3269
40151,5.4894
40153,4.9576
41001,5.6181
41003,6.2769
41005,5.9722
41007,5.1003
41009,5.2109
41011,4.8250
41013,4.8610
41015,4.7909
41017,6.0371
41019,4.8541
41021,4.8750
41023,5.3973
41025,5.0435
41027,5.6175
41029,5.1227
41031,3.9774
41033,5.3829
41035,4.6910
41037,5.2334
41039,5.4001
41041,4.8380
41043,5.0942
41045,4.7453
41047,4.9866
41049,4.7030
41051,5.3679
41053,4.8433
41055,5.2143
41057,5.1284
41059,4.8303
41061,5.0285
41063,5.7185
41065,4.7255
41067,6.0728
41069,5.5821
41071,5.4918
42001,6.1897
42003,6.2087
42005,5.8414
42007,6.0486
42009,5.8226
42011,5.8111
42013,5.9969
42015,5.6506
42017,6.8199
42019,6.6227
42021,5.8578
42023,5.6928
42025,5.5802
42027,6.9212
42029,7.1301
42031,6.0961
42033,5.8012
42035,5.4159
42037,6.4300
42039,5.5891
42041,6.7570
42043,5.4379
42045,5.9639
42047,6.3957
42049,5.6885
42051,5.1206
42053,5.5324
42055,5.7988
42057,6.4210
42059,5.3441
42061,5.3755
42063,6.0027
42065,5.9554
42067,5.6402
42069,5.7860
42071,6.1417
42073,6.0282
42075,5.6180
42077,5.6897
42079,5.5035
42081,6.3528
42083,5.7998
42085,6.0176
42087,5.3492
42089,5.8166
42091,7.1001
42093,6.4649
42095,5.9713
42097,5.8331
42099,5.6315
42101,4.0649
42103,6.6597
42105,5.6959
42107,5.6127
42109,6.1889
42111,6.2284
42113,6.0005
42115,5.8227
42117,5.7535
42119,7.1116
42121,5.4606
42123,5.7345
42125,6.2920
42127,6.5643
42129,6.5934
42131,5.9305
42133,6.1184
44001,7.2053
44003,6.1546
44005,6.3221
44007,5.0068
44009,6.9154
45001,5.9050
45003,4.8688
45005,2.4932
45007,5.6577
45009,4.3698
45011,3.9284
45013,5.1698
45015,5.2234
45017,4.6899
45019,5.4475
45021,4.5615
45023,4.0944
45025,4.7110
45027,4.5745
45029,4.0850
45031,4.6267
45033,4.3255
45035,5.8834
45037,4.8794
45039,3.9183
45041,4.6579
45043,4.8892
45045,5.4990
45047,4.9920
45049,3.9438
45051,5.6743
45053,2.7632
45055,5.2218
45057,5.0750
45059,4.6918
45061,2.6186
45063,5.4152
45065,3.9745
45067,3.5108
45069,3.5307
45071,4.7119
45073,5.2563
45075,3.7093
45077,5.4841
45079,5.2028
45081,4.9135
45083,5.4013
45085,4.3957
45087,4.5797
45089,3.6000
45091,5.8873
46003,6.1753
46005,4.9416
46007,4.5754
46009,5.9369
46011,6.3048
46013,6.1855
46015,5.7193
46019,5.3782
46023,5.3484
46025,5.2393
46027,6.0900
46029,6.2328
46031,3.4092
46033,5.4409
46035,6.4405
46037,6.3030
46039,5.7987
46041,3.7872
46043,6.8163
46045,5.8779
46047,5.5886
46049,6.2797
46051,5.9974
46053,5.7537
46055,6.0856
46057,6.2429
46059,6.1311
46061,5.6422
46063,5.0974
46065,5.9458
46067,5.7410
46069,5.6326
46071,5.0256
46073,4.9404
46075,-9999.0000
46077,5.7667
46079,6.1234
46081,5.7834
46083,5.9568
46085,5.6680
46087,6.0636
46089,5.8808
46091,6.0548
46093,5.9310
46095,3.6933
46097,6.3345
46099,6.0176
46101,5.2844
46103,5.2997
46105,5.6639
46107,6.1770
46109,4.6316
46111,5.5930
46113,2.5169
46115,5.5763
46117,5.3541
46119,6.2955
46121,2.3761
46123,5.3753
46125,5.9109
46127,6.2166
46129,5.3376
46135,5.8366
46137,4.7120
47001,5.4900
47003,4.9872
47005,5.0821
47007,4.6537
47009,5.7643
47011,5.2346
47013,4.4789
47015,4.6404
47017,5.5085
47019,4.9530
47021,5.2261
47023,5.4637
47025,4.8632
47027,4.2402
47029,5.3828
47031,5.1290
47033,5.2301
47035,5.5367
47037,4.4803
47039,5.0747
47041,5.0752
47043,5.8272
47045,5.4303
47047,4.0225
47049,4.7041
47051,4.9263
47053,5.5834
47055,4.6229
47057,4.6508
47059,5.2050
47061,4.2408
47063,5.3815
47065,5.1523
47067,3.8065
47069,4.5981
47071,4.8790
47073,5.1282
47075,4.2459
47077,5.8612
47079,5.6987
47081,5.1196
47083,5.0644
47085,5.1510
47087,4.6300
47089,4.8034
47091,5.3510
47093,5.5436
47095,3.8062
47097,4.6374
47099,5.9868
47101,4.9729
47103,5.5228
47105,5.3560
47107,5.2088
47109,5.2370
47111,4.8391
47113,4.3213
47115,5.1278
47117,5.2146
47119,4.7483
47121,5.3874
47123,4.8370
47125,5.5332
47127,5.3350
47129,4.3155
47131,5.2798
47133,5.2158
47135,4.9951
47137,4.6095
47139,4.7969
47141,5.3836
47143,5.2057
47145,5.1735
47147,5.2319
47149,5.9581
47151,4.7850
47153,4.7794
47155,4.9304
47157,4.3730
47159,5.5409
47161,5.9528
47163,5.6839
47165,5.7666
47167,5.4692
47169,5.8594
47171,5.1316
47173,3.9705
47175,4.2074
47177,4.8998
47179,6.2419
47181,5.0776
47183,5.7138
47185,5.3144
47187,7.3292
47189,5.7477
48001,5.2123
48003,4.8763
48005,5.5011
48007,5.2013
48009,6.1329
48011,5.5493
48013,4.9421
48015,5.5661
48017,4.9016
48019,5.4554
48021,4.8315
48023,6.0613
48025,4.8074
48027,5.2815
48029,5.1782
48031,5.8541
48033,6.7217
48035,5.3157
48037,5.4496
48039,5.9030
48041,5.5492
48043,5.0832
48045,5.9827
48047,4.1862
48049,5.4227
48051,5.1858
48053,5.3620
48055,4.8720
48057,5.3719
48059,5.2482
48061,5.1213
48063,5.7521
48065,6.1934
48067,5.5061
48069,4.4793
48071,6.2355
48073,5.4797
48075,5.6995
48077,5.6836
48079,4.5315
48081,5.5049
48083,4.8353
48085,6.9727
48087,5.8524
48089,4.7099
48091,6.1911
48093,5.3580
48095,4.9790
48097,5.3241
48099,5.4466
48101,4.2107
48103,4.5805
48105,4.5485
48107,4.3326
48109,4.3545
48111,4.6290
48113,5.1313
48115,4.5730
48117,4.4929
48119,5.1095
48121,6.2111
48123,4.9238
48125,5.4227
48127,4.1988
48129,5.3986
48131,4.0636
48133,5.4034
48135,4.4078
48137,4.7754
48139,5.7387
48141,5.2859
48143,5.5834
48145,3.8501
48147,5.3610
48149,5.5664
48151,5.2544
48153,4.6607
48155,4.5960
48157,6.3895
48159,5.9946
48161,5.3581
48163,3.5102
48165,5.0307
48167,5.9388
48169,4.7352
48171,5.8581
48173,6.1471
48175,5.4363
48177,4.8906
48179,4.8839
48181,5.6825
48183,5.2134
48185,4.5593
48187,5.6683
48189,5.0340
48191,4.8345
48193,5.8647
48195,5.6420
48197,5.2537
48199,5.6583
48201,5.3444
48203,5.3175
48205,5.1656
48207,5.1679
48209,5.5739
48211,6.0018
48213,5.4525
48215,4.9560
48217,5.1091
48219,5.1263
48221,5.6773
48223,5.1540
48225,4.8282
48227,4.1334
48229,4.3026
48231,5.2435
48233,4.9997
48235,6.0850
48237,5.1048
48239,5.5399
48241,5.0376
48243,5.0831
48245,5.0266
48247,4.4246
48249,4.4706
48251,5.4247
48253,5.3415
48255,5.5270
48257,5.6420
48259,6.6197
48265,5.8626
48267,5.2359
48271,5.5041
48273,4.6659
48275,5.1766
48277,5.4208
48279,5.0549
48281,5.2992
48283,4.2037
48285,5.9499
48287,5.0333
48289,5.2521
48291,4.7302
48293,4.5865
48295,5.1191
48297,5.6363
48299,5.7769
48303,5.3915
48305,5.3222
48307,5.1459
48309,5.1644
48311,5.8668
48313,5.1535
48315,4.7072
48317,4.9036
48319,6.2226
48321,5.0520
48323,5.3575
48325,5.4799
48327,5.1188
48329,4.7634
48331,5.0912
48333,5.6664
48335,4.8116
48337,5.2634
48339,6.1394
48341,4.7956
48343,5.0226
48347,4.9192
48349,5.1243
48351,4.6882
48353,5.4716
48355,5.1331
48357,4.6649
48359,5.8663
48361,5.2390
48363,4.8413
48365,5.4685
48367,5.9552
48369,4.8943
48371,4.7435
48373,4.8489
48375,5.5311
48377,4.5771
48379,5.7717
48381,6.2791
48383,3.7754
48385,4.7091
48387,5.0509
48389,4.4576
48391,5.0203
48393,-9999.0000
48395,5.2635
48397,6.4012
48399,5.1594
48401,5.2408
48403,4.8404
48405,4.2598
48407,4.1982
48409,4.9221
48411,5.2684
48413,5.5795
48415,4.3410
48417,6.3440
48419,5.1481
48421,5.4051
48423,5.3314
48425,5.8677
48427,4.9453
48429,5.3465
48431,5.3552
48433,5.6925
48435,5.5033
48437,5.2110
48439,5.4698
48441,5.6687
48445,4.1076
48447,5.1850
48449,5.2047
48451,5.3595
48453,5.6192
48455,4.4150
48457,5.0417
48459,5.3948
48461,4.2891
48463,4.3523
48465,4.5242
48467,5.4459
48469,4.7271
48471,4.9915
48473,5.1377
48475,4.6455
48477,5.4933
48479,4.5813
48481,5.0695
48483,4.8297
48485,5.3698
48487,4.9532
48489,4.4819
48491,6.4634
48493,5.6493
48495,3.9507
48497,5.3763
48499,5.4505
48501,5.4331
48503,5.2481
48505,4.2917
48507,3.6164
49001,6.0581
49003,5.7928
49005,6.5472
49007,5.2290
49009,-9999.0000
49011,5.9952
49013,4.9575
49015,5.6593
49017,5.9240
49019,5.2340
49021,5.8905
49023,5.8466
49025,6.0221
49027,5.5922
49029,6.5622
49031,5.7050
49033,6.2688
49035,5.3829
49037,4.3530
49039,5.9825
49041,5.9212
49043,6.5907
49045,5.4125
49047,5.2922
49049,6.1292
49051,5.9428
49053,6.0326
49055,5.9711
49057,5.0240
50001,6.4754
50003,5.7910
50005,5.7529
50007,6.7718
50009,5.6083
50011,5.8917
50013,5.9631
50015,6.0812
50017,5.7389
50019,5.9804
50021,5.9536
50023,6.3970
50025,6.1126
50027,6.2984
51001,5.2411
51005,5.4154
51007,5.3647
51009,5.4023
51011,5.5568
51013,6.5235
51015,5.6112
51017,5.5539
51019,5.5240
51021,5.4093
51023,6.3643
51025,4.7543
51027,5.1785
51029,5.1028
51031,5.5955
51033,5.2009
51035,5.6871
51036,4.8017
51037,5.6571
51041,6.1420
51043,5.7661
51045,5.6412
51047,5.8048
51049,4.8363
51051,5.4472
51053,5.3972
51057,5.1138
51059,6.5882
51061,5.8709
51063,6.0060
51065,5.6910
51067,6.1249
51071,5.7834
51073,6.0620
51075,6.4563
51077,5.1914
51079,5.2914
51083,5.1341
51085,6.6265
51087,6.0122
51089,5.5503
51091,5.3458
51093,6.0923
51095,6.4316
51097,5.3082
51099,5.9239
51101,5.8965
51103,4.7822
51105,5.5261
51107,6.6213
51109,5.4631
51111,5.0845
51113,5.4348
51115,5.7080
51117,5.4990
51119,6.3718
51121,6.1248
51125,5.6424
51127,5.8776
51131,4.6966
51133,5.7707
51135,4.9658
51137,5.6635
51139,5.4416
51141,5.6755
51143,5.7343
51145,6.0866
51147,4.9926
51149,5.9590
51153,5.9969
51155,5.4318
51157,5.4049
51159,5.7531
51161,6.3982
51163,5.5404
51167,5.7250
51169,6.0463
51171,5.4075
51173,5.5203
51175,5.4094
51177,5.8734
51179,6.0743
51181,5.1797
51183,4.7441
51185,5.7772
51187,5.5488
51191,5.9507
51193,5.1323
51195,6.0455
51197,5.5400
51199,6.4251
51510,5.1818
51520,5.3865
51530,4.8978
51540,6.1992
51550,5.9563
51570,5.8364
51580,5.0747
51590,4.9203
51595,4.8801
51610,7.1628
51620,4.4463
51630,5.3486
51640,5.4783
51650,5.0732
51660,5.5862
51670,4.5882
51678,7.1365
51680,5.1043
51683,5.0146
51685,5.4573
51690,4.8833
51700,4.9538
51710,4.7338
51720,5.5697
51730,4.1262
51735,6.3324
51740,5.0110
51750,5.9608
51760,4.4079
51770,5.3454
51775,6.4369
51790,5.4903
51800,5.2964
51810,6.0728
51820,5.3391
51840,5.4469
53001,4.9646
53003,5.7107
53005,5.6088
53007,5.4145
53009,5.9474
53011,5.9262
53013,5.4173
53015,5.3126
53017,5.2296
53019,4.4984
53021,4.7027
53023,5.1860
53025,5.0445
53027,4.9262
53029,5.9088
53031,5.5248
53033,6.5354
53035,6.2163
53037,5.5790
53039,4.9014
53041,5.3611
53043,5.6618
53045,5.1150
53047,4.7423
53049,5.1346
53051,5.7715
53053,5.8012
53055,6.3312
53057,5.5401
53059,5.0707
53061,6.3009
53063,6.0432
53065,5.3195
53067,6.3076
53069,5.8255
53071,4.9685
53073,6.1796
53075,6.5205
53077,4.5602
54001,4.2419
54003,5.0453
54005,4.8717
54007,4.8269
54009,4.9709
54011,4.8447
54013,4.3106
54015,5.2493
54017,4.8577
54019,4.2480
54021,5.1871
54023,4.8205
54025,5.1222
54027,4.7443
54029,5.3334
54031,4.6707
54033,5.1745
54035,5.1021
54037,5.3982
54039,5.1050
54041,4.5102
54043,4.3888
54045,4.5090
54047,3.8988
54049,5.3848
54051,4.7744
54053,4.6353
54055,4.7884
54057,4.8982
54059,4.6737
54061,5.7329
54063,4.7647
54065,4.6046
54067,5.1331
54069,5.9062
54071,5.3000
54073,4.6061
54075,4.8472
54077,4.6520
54079,6.0449
54081,5.1148
54083,4.7402
54085,4.8730
54087,4.4122
54089,4.5907
54091,4.8785
54093,4.7471
54095,5.3580
54097,4.5753
54099,4.8784
54101,4.7456
54103,4.7078
54105,4.6311
54107,5.0968
54109,4.9279
55001,4.9450
55003,5.5170
55005,5.7430
55007,5.6226
55009,5.9679
55011,6.0457
55013,5.7692
55015,6.1506
55017,5.8572
55019,5.7244
55021,5.9368
55023,5.7069
55025,6.3242
55027,5.8770
55029,6.6291
55031,5.7496
55033,5.7740
55035,6.0658
55037,5.6752
55039,5.9077
55041,5.0394
55043,5.9566
55045,6.1076
55047,5.5830
55049,6.1914
55051,5.8268
55053,5.3996
55055,5.9004
55057,5.3169
55059,5.6397
55061,6.1555
55063,6.0329
55065,5.9577
55067,5.2158
55069,5.8621
55071,5.9060
55073,5.9455
55075,5.6247
55077,5.4057
55078,3.4439
55079,4.6559
55081,5.4349
55083,5.8814
55085,5.6009
55087,6.1674
55089,7.2835
55091,5.8580
55093,6.4111
55095,6.0745
55097,6.1562
55099,5.8811
55101,4.9709
55103,5.5131
55105,5.5421
55107,5.5483
55109,6.4545
55111,6.1133
55113,5.6594
55115,5.5686
55117,6.0458
55119,6.0628
55121,5.5629
55123,6.0306
55125,5.6950
55127,5.7634
55129,5.5436
55131,6.6528
55133,6.9911
55135,5.8411
55137,5.5755
55139,6.0202
55141,6.1146
56001,6.5676
56003,6.2233
56005,5.8783
56007,5.1990
56009,5.8984
56011,6.2144
56013,5.2399
56015,5.9155
56017,6.0172
56019,5.9711
56021,5.8859
56023,6.7174
56025,5.8206
56027,5.3109
56029,6.7919
56031,5.8526
56033,7.0693
56035,6.3698
56037,5.5497
56039,6.6605
56041,6.0734
56043,6.4547
56045,5.9272
