id,diffexplch_hspwht
01001,-0.0364
01003,0.0917
01005,0.0992
01007,0.0146
01009,0.0658
01011,-0.0236
01013,0.0185
01015,0.0321
01017,0.0563
01019,-0.0113
01021,0.0094
01023,0.0456
01025,0.0382
01027,0.0104
01029,0.0261
01031,0.0095
01033,0.0251
01035,0.0484
01037,0.0161
01039,0.0103
01041,-0.0025
01043,0.0179
01045,0.0378
01047,0.1288
01049,0.0895
01051,0.0108
01053,0.0607
01055,0.2104
01057,0.0052
01059,0.0360
01061,0.0206
01063,-0.0086
01065,0.0470
01067,0.0644
01069,0.0493
01071,0.0049
01073,0.2701
01075,0.0087
01077,0.1517
01079,0.0722
01081,0.0955
01083,0.0920
01085,0.0177
01087,-0.0022
01089,0.2312
01091,0.0341
01093,-0.0110
01095,0.0985
01097,0.0647
01099,0.0275
01101,0.3025
01103,0.2245
01105,-0.0105
01107,-0.0155
01109,0.0637
01111,0.0243
01113,0.0308
01115,0.0550
01117,0.0551
01119,0.0343
01121,0.0609
01123,0.0002
01125,0.1748
01127,-0.0164
01129,0.1062
01131,0.0114
01133,0.0048
02013,-0.0483
02016,-0.0103
02020,0.1416
02050,-0.0290
02060,0.0005
02068,-0.0002
02070,0.0182
02090,0.0326
02100,0.0245
02105,0.2445
02110,0.0110
02122,-0.0002
02130,0.0224
02150,0.0476
02170,0.0047
02180,0.0913
02185,-0.0770
02188,-0.0999
02195,-0.0006
02198,-0.0450
02220,0.0046
02230,0.0000
02240,-0.0204
02261,0.0107
02275,0.0138
02282,0.0190
02290,0.1911
04001,-0.0079
04003,0.2282
04005,0.0949
04007,0.0006
04009,0.0401
04011,-0.0385
04012,0.0247
04013,0.2704
04015,0.0381
04017,-0.0435
04019,0.2276
04021,0.0915
04023,0.1468
04025,0.0665
04027,0.0121
05001,0.0134
05003,0.0434
05005,-0.0119
05007,0.1386
05009,0.0013
05011,0.0033
05013,0.0067
05015,0.0347
05017,-0.0004
05019,0.0408
05021,0.0189
05023,-0.0012
05025,-0.0414
05027,0.0652
05029,0.0285
05031,0.1246
05033,0.0292
05035,-0.0248
05037,-0.0204
05039,0.0097
05041,0.0368
05043,0.0217
05045,0.0372
05047,-0.0063
05049,-0.0079
05051,0.0670
05053,-0.0030
05055,0.0283
05057,0.1327
05059,0.0705
05061,0.0505
05063,0.0062
05065,0.0259
05067,0.0839
05069,0.0901
05071,-0.0465
05073,0.0101
05075,0.0121
05077,-0.0013
05079,0.0020
05081,0.0063
05083,0.0177
05085,0.0403
05087,-0.0121
05089,0.0253
05091,0.1014
05093,0.0513
05095,-0.0496
05097,0.0681
05099,-0.0041
05101,-0.0304
05103,0.0179
05105,0.0194
05107,0.0899
05109,0.0023
05111,-0.0211
05113,0.1998
05115,0.0457
05117,-0.0116
05119,0.2238
05121,-0.0403
05123,0.0087
05125,0.0224
05127,0.0507
05129,0.0201
05131,0.3007
05133,0.0531
05135,0.0070
05137,0.0359
05139,0.0820
05141,0.0024
05143,0.1928
05145,0.0352
05147,0.1270
05149,0.0041
06001,0.3263
06003,0.0296
06005,0.0109
06007,0.0828
06009,0.0104
06011,0.0367
06013,0.3480
06015,0.0762
06017,0.1059
06019,0.2857
06021,0.0979
06023,0.0814
06025,0.1605
06027,0.0278
06029,0.2700
06031,0.2295
06033,0.0666
06035,0.0283
06037,0.3794
06039,0.2509
06041,0.2858
06043,-0.0037
06045,0.0615
06047,0.1012
06049,0.0402
06051,0.0409
06053,0.3850
06055,0.1219
06057,0.0886
06059,0.4045
06061,0.0756
06063,0.0213
06065,0.2114
06067,0.2051
06069,0.0903
06071,0.1890
06073,0.2766
06075,0.2184
06077,0.1685
06079,0.1111
06081,0.3177
06083,0.2720
06085,0.3143
06087,0.4178
06089,0.0640
06091,-0.0001
06093,0.0758
06095,0.1760
06097,0.2213
06099,0.1544
06101,0.1677
06103,0.0724
06105,0.0295
06107,0.1803
06109,0.0013
06111,0.3171
06113,0.1861
06115,0.1349
08001,0.2584
08003,0.0260
08005,0.3373
08007,0.0045
08009,0.0013
08011,0.0533
08013,0.2235
08015,0.0049
08017,-0.0019
08019,0.0436
08021,0.0459
08023,0.0040
08025,-0.0006
08027,-0.0070
08029,0.0738
08031,0.3652
08033,0.0257
08035,0.0148
08037,0.1775
08039,0.0040
08041,0.1726
08043,0.0093
08045,0.0245
08047,0.0013
08049,0.0231
08051,0.0628
08053,0.0000
08055,0.0919
08057,0.0066
08059,0.2192
08061,-0.0278
08063,0.0247
08065,0.0040
08067,0.0462
08069,0.1156
08071,0.0589
08073,0.0010
08075,0.0384
08077,0.0893
08079,0.0155
08081,0.0129
08083,0.0465
08085,0.0573
08087,0.0609
08089,0.1106
08091,-0.0004
08093,-0.0006
08095,0.0412
08097,-0.0007
08099,0.0556
08101,0.1568
08103,0.0022
08105,0.1093
08107,0.0086
08109,0.2435
08111,0.0051
08113,-0.0148
08115,-0.0155
08117,0.0919
08119,0.0103
08121,0.0140
08123,0.2384
08125,0.0440
09001,0.4024
09003,0.4163
09005,0.0951
09007,0.1187
09009,0.3703
09011,0.2876
09013,0.0827
09015,0.3204
10001,0.0308
10003,0.2301
10005,0.0930
11001,0.2894
12001,0.0017
12003,0.0024
12005,0.0395
12007,0.0039
12009,0.0759
12011,0.0673
12013,0.0287
12015,0.0317
12017,-0.0028
12019,-0.0026
12021,0.2810
12023,-0.0084
12027,0.0194
12029,-0.0025
12031,0.0694
12033,0.0723
12035,0.0081
12037,0.0128
12039,0.0053
12041,0.0119
12043,0.0246
12045,0.0021
12047,-0.0120
12049,0.0192
12051,0.0051
12053,0.0137
12055,0.0294
12057,0.1851
12059,0.0188
12061,0.1235
12063,0.0044
12065,0.0022
12067,0.0120
12069,0.0095
12071,0.1079
12073,0.1358
12075,-0.0020
12077,0.0393
12079,-0.0051
12081,0.1612
12083,0.0331
12085,0.2739
12086,0.1857
12087,0.0894
12089,-0.0190
12091,0.0450
12093,0.0144
12095,0.1428
12097,0.1331
12099,0.2274
12101,0.0124
12103,0.1003
12105,0.0954
12107,0.1019
12109,0.0351
12111,0.0551
12113,-0.0244
12115,0.1251
12117,0.0617
12119,0.0635
12121,0.0203
12123,0.0042
12125,-0.0018
12127,0.0827
12129,-0.0048
12131,0.0161
12133,-0.0038
13001,0.0320
13003,0.0033
13005,0.0005
13007,0.0000
13009,-0.0195
13011,-0.0004
13013,0.0069
13015,0.0198
13017,0.0012
13019,0.0012
13021,0.1050
13023,0.0044
13025,-0.0186
13027,0.0066
13029,-0.0607
13031,0.1259
13033,0.0048
13035,-0.0009
13037,0.1414
13039,-0.0155
13043,0.0021
13045,-0.0039
13047,0.0230
13049,0.0119
13051,0.1202
13053,0.0082
13055,-0.0292
13057,0.1039
13059,0.1602
13061,-0.0100
13063,0.0333
13065,0.0270
13067,0.3736
13069,0.0059
13071,0.0459
13073,0.0493
13075,0.0009
13077,0.0062
13079,0.0094
13081,0.0030
13083,-0.0054
13085,-0.0115
13087,0.0021
13089,0.4095
13091,0.0001
13093,0.0000
13095,0.0909
13097,0.1471
13099,-0.0003
13101,0.0000
13103,0.0023
13105,0.0017
13107,0.0282
13109,0.0056
13111,-0.0034
13113,0.0889
13115,0.1670
13117,0.0668
13119,0.0188
13121,0.3703
13123,0.0115
13125,0.0000
13127,0.0925
13129,0.0128
13131,0.0770
13133,-0.0004
13135,0.2881
13137,0.1121
13139,0.2016
13141,-0.0057
13143,0.0708
13145,-0.0025
13147,0.0013
13149,0.0086
13151,0.1097
13153,0.0898
13155,0.0037
13157,0.0262
13159,0.0023
13161,0.0035
13163,0.0362
13165,0.0030
13167,-0.0006
13169,-0.0049
13171,0.0006
13173,0.0008
13175,0.0677
13177,0.0017
13179,0.0065
13181,-0.0128
13183,0.0042
13185,0.0873
13187,0.0068
13189,-0.0108
13191,0.0021
13193,0.0004
13195,0.0337
13197,0.0316
13199,0.0258
13201,0.0009
13205,0.1539
13207,-0.0121
13209,0.0260
13211,0.0038
13213,0.0121
13215,0.1397
13217,0.0959
13219,0.0078
13221,0.0008
13223,0.0172
13225,0.1975
13227,0.0071
13229,0.0049
13231,-0.0004
13233,0.0513
13235,0.0011
13237,0.0007
13239,0.0000
13241,0.0022
13243,0.0025
13245,0.0393
13247,0.1366
13249,0.0016
13251,-0.0008
13253,-0.0089
13255,0.0559
13257,0.0045
13259,-0.0017
13261,0.0123
13265,0.0000
13267,0.0129
13269,0.0098
13271,0.0242
13273,-0.0206
13275,0.0381
13277,0.0119
13279,0.0647
13281,0.0052
13283,-0.0054
13285,0.0339
13287,0.0057
13289,-0.0016
13291,0.0039
13293,0.0040
13295,0.0863
13297,-0.0037
13299,0.0167
13301,-0.0149
13303,0.0120
13305,0.0218
13307,0.0000
13309,-0.0030
13311,0.0064
13313,0.1014
13315,-0.0014
13317,0.0050
13319,0.0115
13321,0.0005
15003,0.0708
16001,0.0763
16003,0.0062
16005,0.0398
16007,0.0110
16009,0.1096
16011,0.0678
16013,0.0401
16015,0.0006
16017,0.0089
16019,0.0763
16021,-0.0048
16023,-0.0072
16025,0.0000
16027,0.0985
16029,0.0185
16031,0.0403
16033,-0.0022
16035,-0.0007
16037,0.0026
16039,0.0504
16041,-0.0050
16043,0.0263
16045,0.0097
16047,0.0339
16049,0.0274
16051,0.0555
16053,0.0037
16055,0.0073
16057,0.0187
16059,0.0323
16061,0.0701
16063,0.0042
16065,0.0091
16067,0.0098
16069,0.0128
16071,-0.0006
16073,0.0047
16075,0.0250
16077,0.0566
16079,0.0296
16081,0.0028
16083,0.0575
16085,-0.0082
16087,0.0078
17001,0.0487
17003,0.0235
17005,-0.0224
17007,0.0413
17009,-0.0061
17011,0.1309
17013,-0.0386
17015,0.0748
17017,0.1361
17019,0.2246
17021,0.0246
17023,0.0187
17025,0.0107
17027,0.0253
17029,0.0251
17031,0.4214
17033,0.0141
17035,0.0032
17037,0.0780
17039,0.0047
17041,0.0436
17043,0.1933
17045,-0.0077
17047,-0.0067
17049,0.0594
17051,-0.0066
17053,0.0020
17055,0.0028
17057,-0.0229
17059,-0.0098
17061,-0.0532
17063,0.0012
17065,0.0132
17067,0.0139
17069,-0.0030
17071,0.0004
17073,0.1793
17075,0.0431
17077,0.0576
17079,0.0046
17081,0.1696
17083,0.0040
17085,0.0053
17087,0.0058
17089,0.3711
17091,0.2244
17093,0.0610
17095,0.1251
17097,0.3013
17099,0.0783
17101,0.0020
17103,0.0002
17105,0.0289
17107,0.0431
17109,-0.0200
17111,0.0987
17113,0.1343
17115,0.0964
17117,-0.0155
17119,0.1352
17121,0.0867
17123,-0.0094
17125,-0.0332
17127,0.0594
17129,0.0039
17131,-0.0120
17133,-0.0129
17135,0.0105
17137,0.0890
17139,-0.0050
17141,0.1116
17143,0.3076
17145,0.0049
17147,0.0062
17149,0.0025
17151,0.0000
17153,-0.1264
17155,0.0030
17157,0.0151
17159,0.0081
17161,0.1075
17163,0.0636
17165,0.0001
17167,0.0945
17169,0.0092
17171,0.0170
17173,0.0044
17175,0.0399
17177,0.1620
17179,0.0195
17181,0.0198
17183,0.1235
17185,-0.0018
17187,0.0975
17189,0.0540
17191,0.0531
17193,0.0018
17195,0.0930
17197,0.2305
17199,-0.0097
17201,0.2530
17203,0.0543
18001,0.0537
18003,0.2576
18005,0.0599
18007,0.0940
18009,0.0070
18011,0.0154
18013,-0.0077
18015,0.0312
18017,0.0921
18019,0.1028
18021,0.0170
18023,0.2242
18025,0.0400
18027,0.2419
18029,0.0263
18031,0.0184
18033,0.0117
18035,0.0735
18037,0.1111
18039,0.1793
18041,0.0679
18043,0.1617
18045,0.0189
18047,-0.0759
18049,0.0011
18051,0.0552
18053,0.1449
18055,-0.0154
18057,0.0164
18059,-0.0118
18061,0.0184
18063,-0.0027
18065,0.0734
18067,0.0779
18069,0.0131
18071,0.0773
18073,-0.0039
18075,0.0173
18077,0.0133
18079,0.0361
18081,0.0525
18083,0.0474
18085,0.0327
18087,0.0897
18089,0.2893
18091,0.0784
18093,0.0138
18095,0.1704
18097,0.1326
18099,0.0168
18101,-0.0001
18103,0.0263
18105,0.0346
18107,0.1000
18109,-0.0174
18111,0.0181
18113,0.1381
18115,0.0000
18117,0.0098
18119,0.0448
18121,0.0293
18123,0.0127
18125,-0.0181
18127,0.0665
18129,0.0406
18131,0.0114
18133,0.0065
18135,0.0665
18137,0.0259
18139,0.0072
18141,0.2593
18143,0.0023
18145,0.0870
18147,0.0476
18149,-0.0033
18151,0.0744
18153,0.0058
18155,0.0131
18157,0.1198
18159,0.0071
18161,0.0072
18163,0.1187
18165,0.0343
18167,0.0631
18169,0.0111
18171,-0.0091
18173,-0.0291
18175,-0.0003
18177,0.1787
18179,0.0349
18181,0.0884
18183,0.0117
19001,0.0290
19003,-0.0133
19005,0.3117
19007,0.0031
19009,0.0042
19011,0.0102
19013,0.2254
19015,0.0262
19017,0.0125
19019,0.0004
19021,0.1611
19023,0.0139
19025,0.0223
19027,0.0234
19029,0.0085
19031,-0.0040
19033,0.0328
19035,0.0166
19037,0.0024
19039,-0.0019
19041,0.0217
19043,0.0134
19045,0.0964
19047,0.1859
19049,0.2878
19051,0.0013
19053,-0.0059
19055,0.0085
19057,0.0620
19059,-0.0018
19061,0.0725
19063,0.0223
19065,0.0497
19067,0.0386
19069,0.0511
19071,0.0248
19073,-0.0015
19075,0.0305
19077,0.0075
19079,0.0262
19081,0.0366
19083,-0.0089
19085,0.0060
19087,0.0275
19089,0.0318
19091,0.0067
19093,-0.0132
19095,-0.0063
19097,0.0499
19099,0.0303
19101,0.0295
19103,0.1399
19105,-0.0087
19107,-0.0118
19109,0.0207
19111,0.0071
19113,0.0910
19115,0.1510
19117,-0.0016
19119,-0.0177
19121,0.0198
19123,0.0244
19125,0.0303
19127,0.1628
19129,-0.0133
19131,0.0009
19133,-0.0014
19135,-0.0003
19137,0.0529
19139,0.0703
19141,0.0114
19143,0.0000
19145,0.0321
19147,0.0051
19149,0.0586
19151,0.0177
19153,0.2804
19155,0.1061
19157,-0.0079
19159,0.0075
19161,0.0254
19163,0.1644
19165,0.0022
19167,0.0257
19169,0.0291
19171,0.0838
19173,0.0160
19175,0.0066
19177,-0.0032
19179,0.0609
19181,-0.0004
19183,0.0623
19185,-0.0128
19187,0.0482
19189,0.0055
19191,0.0064
19193,0.1946
19195,-0.0073
19197,-0.0014
20001,-0.0028
20003,0.0142
20005,0.0333
20007,0.0066
20009,0.2288
20011,0.0118
20013,0.0173
20015,-0.0035
20017,-0.0046
20019,-0.0118
20021,0.0099
20023,0.0560
20025,0.0029
20027,-0.0009
20029,-0.0098
20031,-0.0079
20033,0.0034
20035,0.0737
20037,0.0958
20039,0.0173
20041,0.0167
20043,0.1069
20045,0.0514
20047,0.0021
20049,-0.0312
20051,0.1350
20053,0.0160
20055,0.0800
20057,0.1603
20059,0.0147
20061,0.0403
20063,0.0119
20065,0.0046
20067,0.0003
20069,-0.0103
20071,0.0016
20073,-0.0010
20075,0.0065
20077,0.0183
20079,0.0584
20081,0.0085
20083,0.0001
20085,0.0036
20087,0.0183
20089,-0.0048
20091,0.1628
20093,0.0439
20095,0.0032
20097,0.0445
20099,0.0393
20101,0.0696
20103,0.0258
20105,0.0064
20107,-0.0044
20109,0.0053
20111,0.1144
20113,0.0184
20115,0.0019
20117,0.0174
20119,0.0352
20121,-0.0043
20123,0.0167
20125,0.0547
20127,0.0096
20129,-0.0116
20131,0.0121
20133,0.0017
20135,0.1037
20137,0.0255
20139,0.0216
20141,-0.0367
20143,0.0152
20145,0.0037
20147,-0.0006
20149,0.0146
20151,0.0135
20153,-0.0003
20155,0.1472
20157,0.0138
20159,0.1542
20161,0.0413
20163,0.0272
20165,0.0185
20167,0.0033
20169,0.1073
20171,0.0055
20173,0.2959
20175,0.0660
20177,0.2042
20179,0.0909
20181,0.0007
20183,0.0385
20185,0.0078
20187,0.0081
20189,0.0016
20191,0.0425
20193,0.0050
20195,0.0000
20197,-0.0030
20199,-0.0086
20201,0.0527
20203,0.0089
20205,-0.0046
20207,0.0000
20209,0.2312
21001,0.0007
21003,0.0033
21005,0.0061
21007,0.0006
21009,0.0251
21011,0.0107
21013,-0.0069
21015,0.1536
21017,0.0196
21019,0.0485
21021,0.0994
21023,0.0083
21025,0.0347
21027,0.0099
21029,0.0243
21031,0.0007
21033,0.0025
21035,0.0158
21037,0.1418
21039,0.0007
21041,0.0083
21043,-0.0076
21045,-0.0024
21047,0.0131
21049,0.0357
21051,-0.0325
21053,0.0092
21055,0.0017
21057,0.0081
21059,0.0695
21061,-0.0028
21063,-0.0030
21065,-0.0038
21067,0.2018
21069,0.0025
21071,-0.0437
21073,0.0258
21075,0.0053
21077,0.0052
21079,0.0168
21081,0.0139
21083,0.1040
21085,0.0106
21087,0.0015
21089,-0.0031
21091,0.0079
21093,0.0465
21095,-0.0255
21097,0.0038
21099,0.0095
21101,0.0467
21103,0.0013
21105,0.0099
21107,0.0326
21109,-0.0145
21111,0.1177
21113,0.0215
21115,-0.0158
21117,0.1242
21119,0.0012
21121,-0.0077
21123,0.0113
21125,-0.0020
21127,-0.0319
21129,-0.0110
21131,0.0025
21133,0.0384
21135,0.0196
21137,0.0020
21139,0.0024
21141,0.0534
21143,0.0046
21145,0.0815
21147,0.0009
21149,-0.0179
21151,0.0196
21153,0.0219
21155,0.0610
21157,-0.0277
21159,-0.0248
21161,0.0026
21163,0.0065
21165,0.0009
21167,0.0221
21169,-0.0010
21171,0.0404
21173,-0.0124
21175,0.0237
21177,0.0096
21179,0.0262
21181,0.0048
21183,-0.0002
21185,0.0626
21187,0.0016
21189,-0.0305
21191,0.0181
21193,-0.0234
21195,-0.1343
21197,-0.0016
21199,0.0046
21201,0.0021
21203,-0.0041
21205,0.0198
21207,-0.0032
21209,-0.0010
21211,0.0386
21213,0.0090
21215,0.0198
21217,0.0391
21219,0.0134
21221,0.0003
21223,0.0027
21225,0.0207
21227,0.1340
21229,-0.0147
21231,0.0237
21233,0.1144
21235,-0.0898
21237,0.0033
21239,0.0345
22001,0.0904
22003,0.0044
22005,0.1427
22007,0.1858
22009,-0.0042
22011,0.0205
22013,0.1846
22015,0.1721
22017,0.1611
22019,0.0603
22021,0.0035
22023,-0.0129
22025,0.0766
22027,0.1066
22029,0.1047
22031,0.0809
22033,0.2326
22035,0.0423
22037,0.1032
22039,0.0051
22041,-0.0006
22043,0.0334
22045,0.0763
22047,0.0383
22049,-0.0133
22051,0.0764
22053,-0.0264
22055,0.0559
22057,0.0180
22059,-0.0227
22061,0.1212
22063,0.0241
22065,0.0568
22067,0.1293
22069,0.0964
22071,0.3270
22073,0.1278
22075,-0.0877
22077,0.1396
22079,0.0951
22081,0.0032
22083,0.0309
22085,0.0690
22087,0.0106
22089,0.0814
22091,0.0183
22093,0.1295
22095,0.0764
22097,0.0363
22099,0.0816
22101,0.0533
22103,0.0390
22105,0.1173
22107,0.0051
22109,0.0880
22111,0.1361
22113,0.1328
22115,-0.0131
22117,0.0119
22119,0.0321
22121,0.0663
22123,-0.0152
22125,0.0115
22127,0.0058
23001,0.0798
23003,0.0073
23005,0.1133
23007,0.0228
23009,0.0240
23011,0.0631
23013,0.0073
23015,0.0276
23017,0.0377
23019,-0.0093
23021,-0.0206
23023,-0.0028
23025,-0.0233
23027,0.0062
23029,0.0129
23031,0.0346
24001,0.0042
24003,0.1452
24005,0.1328
24009,0.0230
24011,0.0339
24013,0.0123
24015,0.0741
24017,0.0351
24019,0.0944
24021,0.1408
24023,-0.0125
24025,0.1261
24027,0.1126
24029,0.0182
24031,0.2016
24033,0.2413
24035,0.0523
24037,0.0663
24039,0.0281
24041,0.0405
24043,0.0909
24045,0.0871
24047,0.0095
24510,0.1509
25001,0.0625
25003,0.1076
25005,0.2789
25007,0.0256
25009,0.4623
25011,0.1012
25013,0.4202
25015,0.0450
25017,0.2682
25019,0.0013
25021,0.0668
25023,0.3297
25025,0.1925
25027,0.3242
26001,0.0291
26003,0.0508
26005,0.1680
26007,0.0273
26009,-0.0622
26011,0.0139
26013,-0.0013
26015,-0.0005
26017,0.1092
26019,0.0019
26021,0.1400
26023,0.0439
26025,0.1356
26027,0.1380
26029,0.0230
26031,0.0127
26033,-0.0010
26035,0.0005
26037,-0.0039
26039,0.0055
26041,0.0171
26043,0.0099
26045,0.0431
26047,-0.0146
26049,0.1458
26051,0.0005
26053,0.0000
26055,0.0075
26057,0.0150
26059,0.0206
26061,-0.0041
26063,0.0166
26065,0.2031
26067,0.0805
26069,0.0012
26071,0.0267
26073,0.0341
26075,0.0924
26077,0.1766
26079,0.0005
26081,0.3799
26085,-0.0041
26087,0.0325
26089,0.0944
26091,0.1288
26093,0.0078
26095,0.0141
26097,0.0012
26099,0.0493
26101,-0.0052
26103,0.0597
26105,-0.0039
26107,-0.0042
26109,0.0219
26111,-0.0317
26113,0.0080
26115,0.0516
26117,0.0101
26119,0.0441
26121,0.1730
26123,-0.0188
26125,0.2056
26127,0.0361
26129,-0.0034
26131,0.0190
26133,-0.0075
26135,0.0177
26137,0.0018
26139,0.1879
26141,0.0577
26143,-0.0272
26145,0.2452
26147,0.1058
26149,0.0657
26151,0.0057
26153,-0.0345
26155,0.0205
26157,-0.0064
26159,0.2162
26161,0.1109
26163,0.2853
26165,-0.0027
27001,0.0480
27003,0.1535
27005,0.0086
27007,0.0435
27009,0.0065
27011,-0.0297
27013,0.0295
27015,0.0950
27017,0.0320
27019,0.0263
27021,0.0759
27023,0.0038
27025,0.0059
27027,0.0570
27029,0.0065
27031,-0.0041
27033,-0.0093
27035,0.0361
27037,0.1120
27039,0.0631
27041,0.0108
27043,0.0036
27045,0.0080
27047,0.0496
27049,0.0183
27051,0.0409
27053,0.3384
27055,-0.0431
27057,0.0119
27059,-0.0059
27061,0.0743
27063,-0.0013
27065,-0.0053
27067,0.0912
27069,-0.0322
27071,0.0222
27073,0.0174
27075,-0.0228
27077,0.0009
27079,0.0376
27081,0.0007
27083,0.0357
27085,0.0177
27087,0.0223
27089,0.0289
27091,0.0169
27093,0.0072
27095,-0.0016
27097,0.0170
27099,0.0752
27101,0.0057
27103,0.0210
27105,0.1333
27107,0.0021
27109,0.0912
27111,0.0601
27113,0.0016
27115,0.0181
27117,0.0134
27119,0.0273
27121,0.0769
27123,0.2712
27125,-0.0201
27127,0.0205
27129,0.0242
27131,0.0783
27133,0.0025
27135,0.0122
27137,0.0548
27139,0.0768
27141,0.0115
27143,0.0184
27145,0.1199
27147,0.0351
27149,0.0063
27151,0.0170
27153,0.0325
27155,-0.0425
27157,0.0026
27159,0.0101
27161,0.0519
27163,0.0228
27165,0.0059
27167,0.0236
27169,-0.0108
27171,0.0233
27173,0.0390
28001,-0.0026
28003,0.0300
28005,0.0008
28007,-0.0042
28009,0.1103
28011,0.0878
28013,0.0129
28015,-0.0005
28017,0.0031
28019,0.0621
28021,-0.0030
28023,-0.0335
28025,0.0080
28027,0.0074
28029,0.1711
28031,0.1237
28033,0.1012
28035,0.1941
28037,0.0209
28039,-0.0004
28041,-0.0033
28043,0.0065
28045,0.0140
28047,0.0531
28049,0.2235
28051,-0.0295
28053,-0.0019
28057,-0.0139
28059,0.1471
28061,0.2087
28065,0.0037
28067,0.1050
28069,-0.0171
28071,-0.0164
28073,-0.0298
28075,0.1869
28077,-0.0084
28079,0.0703
28081,0.0545
28083,0.1213
28085,0.0578
28087,0.1269
28089,0.3530
28091,-0.0244
28093,0.0212
28095,0.0810
28097,0.0677
28099,0.0621
28101,0.0142
28103,-0.0006
28105,-0.0037
28107,0.0665
28109,0.0524
28111,-0.0220
28113,0.2035
28115,0.0069
28117,-0.0139
28119,0.0009
28121,0.0837
28123,0.1001
28125,-0.0026
28127,0.0319
28129,0.0033
28131,0.0017
28133,0.0030
28135,0.0105
28137,0.0226
28139,0.0322
28141,-0.0376
28143,-0.0019
28145,0.0431
28147,0.0509
28149,0.0663
28151,0.0427
28153,0.1768
28155,0.0905
28159,0.1741
28161,-0.0103
28163,0.0268
29001,-0.0033
29003,0.0043
29005,0.0264
29007,0.0430
29009,-0.0119
29011,0.0186
29013,0.0274
29015,-0.0012
29017,0.0193
29019,0.0853
29021,0.0655
29023,0.0082
29025,0.0139
29027,0.0368
29029,0.0026
29031,0.1050
29033,-0.0047
29035,0.0070
29037,0.0659
29039,-0.0125
29041,0.0184
29043,-0.0074
29045,-0.0111
29047,0.0944
29049,0.0217
29051,0.0499
29053,0.0286
29055,0.0044
29057,0.0146
29059,0.0063
29061,0.0265
29063,0.0003
29065,-0.0086
29067,-0.0007
29069,0.0004
29071,0.0058
29073,0.0123
29075,-0.0106
29077,0.0878
29079,0.0180
29081,0.0295
29083,-0.0172
29085,-0.0042
29087,0.0396
29089,-0.0083
29091,0.0063
29093,0.0479
29095,0.3025
29097,0.0784
29099,-0.0065
29101,-0.0294
29103,0.0118
29105,-0.0031
29107,0.0206
29109,0.0485
29111,-0.0009
29113,0.0185
29115,0.0089
29117,-0.0018
29119,0.1372
29121,0.0280
29123,0.0046
29125,-0.0269
29127,0.0470
29129,-0.0208
29131,0.0320
29133,-0.0061
29135,0.0168
29137,0.0500
29139,0.0037
29141,0.0003
29143,0.0179
29145,0.0306
29147,-0.0030
29149,0.0094
29151,-0.0020
29153,-0.0222
29155,0.0165
29157,0.0149
29159,0.0476
29161,-0.0086
29163,0.0609
29165,0.0213
29167,-0.0149
29169,-0.0624
29171,-0.0054
29173,0.0260
29175,0.0585
29177,0.0333
29179,-0.0065
29181,0.0280
29183,0.0456
29185,0.0563
29186,-0.0002
29187,0.0028
29189,0.1519
29195,0.0413
29197,0.0126
29199,0.0157
29201,0.0564
29203,-0.0153
29205,0.1015
29207,0.0018
29209,0.0122
29211,0.0712
29213,-0.0160
29215,-0.0261
29217,-0.0136
29219,0.0066
29221,-0.0017
29223,-0.0267
29225,-0.0057
29227,-0.0065
29229,0.0074
29510,0.1386
30001,-0.0132
30003,0.0097
30005,0.2311
30007,-0.0006
30009,-0.0032
30011,0.0624
30013,0.0115
30015,0.0175
30017,0.0648
30019,-0.0137
30021,0.0096
30023,-0.0099
30025,-0.0117
30027,-0.0187
30029,0.0289
30031,0.0256
30033,0.0613
30035,0.1567
30037,-0.0559
30039,0.0344
30041,0.0683
30043,0.0162
30045,-0.0692
30047,0.0303
30049,0.0301
30051,-0.0258
30053,-0.0134
30055,0.0119
30057,0.0090
30059,-0.0247
30061,-0.0092
30063,0.0301
30065,0.0098
30067,0.0086
30071,0.0242
30073,-0.0119
30075,0.0013
30077,0.0504
30079,-0.0003
30081,0.0065
30083,0.0056
30085,0.2504
30087,0.0957
30089,0.0386
30091,0.0017
30093,0.0287
30095,0.0030
30097,-0.0047
30099,-0.0443
30101,0.0426
30103,0.0016
30105,0.0227
30107,0.0743
30109,0.0059
30111,0.1065
31001,0.1385
31003,0.0094
31005,0.0020
31007,-0.0039
31011,0.0134
31013,0.0363
31015,-0.0088
31017,-0.0029
31019,0.0998
31021,0.0180
31023,0.0548
31025,0.0308
31027,-0.0004
31029,-0.0243
31031,0.0074
31033,-0.0005
31035,0.1282
31037,0.3420
31039,0.0521
31041,0.0065
31043,0.0910
31045,0.0033
31047,0.2550
31049,0.0533
31051,0.0282
31053,0.1262
31055,0.3574
31057,-0.0047
31059,0.0163
31061,0.0141
31063,-0.0021
31065,0.0263
31067,0.0316
31069,0.0018
31071,-0.0199
31073,0.0149
31075,0.0129
31077,-0.0095
31079,0.2010
31081,0.0081
31083,0.0087
31085,0.0072
31087,0.0024
31089,0.0317
31091,-0.0060
31093,-0.0187
31095,0.0030
31097,0.0609
31099,0.0163
31101,0.0004
31105,-0.0001
31107,0.1732
31109,0.2345
31111,0.0677
31113,0.0060
31115,0.0537
31117,-0.0026
31119,0.1066
31121,0.0107
31123,0.0025
31125,-0.0034
31127,0.0087
31129,0.0007
31131,0.0748
31133,0.0008
31135,0.0003
31137,0.0083
31139,0.0146
31141,0.0385
31143,0.0071
31145,-0.0068
31147,0.0074
31149,-0.0155
31151,0.0997
31153,0.0717
31155,0.0062
31157,0.0639
31159,-0.0128
31161,0.0172
31163,-0.0135
31165,0.0194
31167,-0.0010
31169,0.0159
31171,-0.0282
31173,0.2325
31175,-0.0072
31177,0.0121
31179,0.0888
31181,0.0698
31183,-0.0104
31185,0.0167
32001,0.0302
32003,0.2490
32005,0.0182
32007,0.1684
32009,0.2340
32011,-0.0184
32013,0.0121
32015,0.0007
32017,0.0385
32019,0.0108
32021,0.0049
32023,0.0593
32027,-0.0008
32029,0.0187
32031,0.2778
32033,0.0084
32510,0.0713
33001,0.0393
33003,-0.0188
33005,0.0141
33007,0.0062
33009,-0.0045
33011,0.2215
33013,0.0178
33015,0.0321
33017,0.0366
33019,-0.0126
34001,0.2375
34003,0.1986
34005,0.0944
34007,0.4001
34009,0.2182
34011,0.1130
34013,0.4696
34015,0.0860
34017,0.1719
34019,0.0266
34021,0.3239
34023,0.3125
34025,0.2871
34027,0.1782
34029,0.2742
34031,0.4755
34033,0.2359
34035,0.2308
34037,0.0290
34039,0.4701
34041,0.1016
35001,0.2875
35003,0.0094
35005,0.1382
35006,0.0257
35007,0.0349
35009,0.2158
35011,0.0015
35013,0.2034
35015,0.0799
35017,0.1194
35019,0.0006
35021,0.0001
35023,0.0704
35025,0.0683
35027,0.0419
35028,0.0022
35029,0.0123
35031,0.0894
35033,-0.0053
35035,0.1085
35037,0.1450
35039,0.0394
35041,0.0326
35043,0.0744
35045,0.0402
35047,0.0870
35049,0.2169
35051,0.0022
35053,0.0310
35055,0.1586
35057,0.0870
35059,0.0066
35061,0.0546
36001,0.2876
36003,0.0002
36007,0.1504
36009,0.0243
36011,0.0542
36013,0.1953
36015,0.0648
36017,0.0041
36019,0.0054
36021,0.0957
36023,0.0429
36025,0.0185
36027,0.1552
36029,0.3380
36031,0.0054
36033,0.0256
36035,0.0377
36037,0.0453
36039,0.0364
36041,-0.0691
36043,-0.0087
36045,0.0158
36049,-0.0346
36051,0.1146
36053,-0.0134
36055,0.4056
36057,0.0485
36059,0.2456
36061,0.2989
36063,0.1296
36065,0.3082
36067,0.3667
36069,0.1440
36071,0.1972
36073,0.0118
36075,0.0285
36077,0.0098
36079,0.0115
36083,0.2543
36087,0.2389
36089,0.0129
36091,-0.0215
36093,0.3540
36095,-0.0129
36097,-0.0214
36099,-0.0140
36101,-0.0059
36103,0.2463
36105,0.1089
36107,0.0106
36109,0.0098
36111,0.0554
36113,0.0067
36115,0.0076
36117,0.0499
36119,0.3416
36121,0.0166
36123,0.0115
37001,0.2518
37003,0.0733
37005,0.0074
37007,0.0370
37009,0.0041
37011,0.0394
37013,0.0649
37015,0.0261
37017,0.0464
37019,0.0567
37021,0.0658
37023,0.0762
37025,0.1330
37027,0.0702
37029,0.0000
37031,0.0156
37033,0.0012
37035,0.0911
37037,0.3214
37039,0.0163
37041,0.0033
37043,0.0021
37045,0.0283
37047,0.0621
37049,0.0390
37051,0.0682
37053,0.0317
37055,0.0535
37057,0.2203
37059,0.0885
37061,0.0974
37063,0.2447
37065,0.0851
37067,0.3074
37069,0.0481
37071,0.0759
37073,0.0139
37075,0.0055
37077,0.0640
37079,0.0029
37081,0.2810
37083,0.1344
37085,0.0251
37087,0.0153
37089,0.1060
37091,0.0350
37093,0.0678
37095,-0.0497
37097,0.1519
37099,0.0289
37101,0.1539
37103,0.0101
37105,0.0331
37107,0.0239
37109,0.1501
37111,0.0372
37113,0.0039
37115,0.0087
37117,0.1059
37119,0.3598
37121,0.0106
37123,0.0992
37125,0.1904
37127,0.0435
37129,0.1616
37131,0.0252
37133,0.0174
37135,0.0395
37137,-0.0109
37139,0.0500
37141,0.1613
37143,0.0008
37145,0.1434
37147,0.1472
37149,0.0181
37151,0.1070
37153,0.0454
37155,0.0778
37157,0.0640
37159,0.0835
37161,0.0834
37163,0.0525
37165,0.0314
37167,0.0449
37169,0.0029
37171,0.0618
37173,0.0290
37175,0.0076
37177,0.0116
37179,0.3040
37181,0.2203
37183,0.1196
37185,0.0165
37187,0.0177
37189,0.0082
37191,0.1369
37193,0.0405
37195,0.1358
37197,0.0429
37199,0.0250
38001,-0.0002
38003,0.0030
38005,0.3256
38007,0.0120
38009,-0.0123
38011,-0.0093
38013,0.0604
38015,0.0444
38017,0.0569
38019,0.0279
38021,-0.0423
38023,0.0010
38025,0.0826
38027,0.0000
38029,0.0110
38033,0.0095
38035,0.0628
38037,0.0579
38039,0.0070
38041,-0.0578
38043,0.0876
38045,-0.0284
38049,0.0206
38051,-0.0108
38053,0.1789
38055,-0.0082
38057,0.0105
38059,0.0763
38061,0.0721
38063,0.0017
38065,0.0012
38067,0.0745
38069,0.0166
38071,0.0981
38073,0.0161
38075,0.0453
38077,0.0386
38079,0.1474
38081,-0.0641
38083,0.0165
38085,-0.0724
38089,0.0158
38091,-0.0091
38093,0.0018
38095,0.0037
38097,0.0154
38099,0.0719
38101,-0.0193
38103,-0.0030
38105,0.0124
39001,0.0159
39003,0.0967
39005,0.0185
39007,0.1232
39009,-0.1050
39011,0.0162
39013,0.0177
39015,0.0131
39017,0.1239
39019,0.0030
39021,0.0404
39023,0.1259
39025,0.0029
39027,0.0532
39029,0.0209
39031,0.0528
39033,0.0164
39035,0.3416
39037,0.0894
39039,0.0556
39041,0.0305
39043,0.0999
39045,-0.0519
39047,-0.0014
39049,0.2196
39051,-0.0097
39053,0.0140
39055,-0.0013
39057,-0.0008
39059,0.0238
39061,0.2571
39063,0.1085
39065,0.0224
39067,-0.0207
39069,0.0030
39071,0.0267
39073,0.0058
39075,0.0174
39077,0.1002
39079,-0.0250
39081,0.0451
39083,0.0212
39085,0.3518
39087,0.0166
39089,0.0046
39091,0.0223
39093,0.3316
39095,0.2177
39097,0.0125
39099,0.3389
39101,0.0817
39103,0.0184
39105,-0.0681
39107,0.0337
39109,-0.0015
39111,-0.0056
39113,0.1291
39115,-0.0061
39117,0.0118
39119,0.1150
39121,-0.0159
39123,0.0167
39125,0.0269
39127,0.0171
39129,0.0001
39131,-0.0122
39133,0.0729
39135,-0.0078
39137,0.2082
39139,0.0895
39141,0.0337
39143,0.0740
39145,0.0824
39147,0.0127
39149,0.1032
39151,0.1246
39153,0.1644
39155,0.1171
39157,0.0179
39159,0.0075
39161,0.0273
39163,0.0721
39165,-0.0173
39167,0.0058
39169,0.0374
39171,0.0027
39173,0.0468
39175,0.0390
40001,0.0131
40003,-0.0181
40005,0.0117
40007,0.0387
40009,-0.0055
40011,0.0274
40013,-0.0197
40015,0.0269
40017,0.0690
40019,0.1086
40021,0.0119
40023,-0.0080
40025,0.0056
40027,0.0178
40029,0.0007
40031,0.0499
40033,0.0258
40035,-0.0023
40037,0.0014
40039,0.1163
40041,0.0457
40043,-0.0081
40045,0.0171
40047,0.1889
40049,-0.0002
40051,0.0515
40053,-0.0035
40055,0.0062
40057,0.0060
40059,0.0035
40061,-0.0203
40063,-0.0004
40065,0.0994
40067,0.0448
40069,0.0468
40071,0.0452
40073,0.1491
40075,0.0044
40077,-0.0107
40079,0.0330
40081,0.0139
40083,0.0174
40085,0.0208
40087,0.0445
40089,0.0919
40091,0.0020
40093,0.0230
40095,-0.0490
40097,0.0001
40099,0.0269
40101,0.1044
40103,0.0050
40105,0.0374
40107,0.0384
40109,0.3588
40111,0.0226
40113,-0.0117
40115,0.0570
40117,-0.0125
40119,0.0132
40121,0.0086
40123,-0.0148
40125,0.0655
40127,-0.0320
40129,0.0016
40131,0.0583
40133,-0.0265
40135,-0.0078
40137,0.0812
40139,0.0576
40141,0.0105
40143,0.2548
40145,0.0215
40147,0.0061
40149,0.0177
40151,0.0046
40153,0.0352
41001,0.0082
41003,0.0964
41005,0.1022
41007,0.0174
41009,0.0021
41011,0.0268
41013,0.0256
41015,-0.0174
41017,0.0719
41019,0.0159
41021,0.0019
41023,0.0164
41025,0.0022
41027,0.0682
41029,0.0980
41031,0.0515
41033,0.0052
41035,0.0606
41037,-0.0271
41039,0.0694
41041,0.0147
41043,0.0432
41045,0.0695
41047,0.1627
41049,0.1316
41051,0.2114
41053,0.0866
41055,0.0005
41057,0.0064
41059,0.0938
41061,0.0154
41063,-0.0175
41065,0.0575
41067,0.1488
41069,0.1315
41071,0.0562
42001,0.0401
42003,0.1072
42005,0.0145
42007,0.0522
42009,-0.0159
42011,0.5285
42013,0.0322
42015,-0.0005
42017,0.1402
42019,0.0614
42021,0.1605
42023,0.0281
42025,0.0086
42027,-0.0151
42029,0.1248
42031,-0.0348
42033,0.0255
42035,0.0189
42037,0.0258
42039,0.0300
42041,0.0354
42043,0.3254
42045,0.2821
42047,0.0118
42049,0.3130
42051,0.0409
42053,0.0600
42055,0.1353
42057,0.0082
42059,0.0020
42061,0.0418
42063,-0.0122
42065,0.0036
42067,0.0469
42069,0.1885
42071,0.3118
42073,0.0899
42075,0.3367
42077,0.4266
42079,0.3027
42081,0.1098
42083,0.0168
42085,0.0961
42087,0.0647
42089,0.0553
42091,0.2174
42093,-0.0026
42095,0.2032
42097,0.0660
42099,0.0154
42101,0.2598
42103,-0.0094
42105,-0.0613
42107,0.1528
42109,-0.0035
42111,-0.0043
42113,-0.0331
42115,0.0100
42117,-0.0083
42119,-0.0263
42121,0.0188
42123,0.0123
42125,0.0092
42127,0.0063
42129,0.0470
42131,-0.0017
42133,0.2838
44001,0.0814
44003,0.0596
44005,0.2120
44007,0.3805
44009,0.0360
45001,0.0448
45003,0.0490
45005,0.0048
45007,0.0594
45009,0.1400
45011,0.0294
45013,0.0134
45015,0.0547
45017,0.1314
45019,0.3962
45021,0.0719
45023,0.0020
45025,0.0711
45027,0.0656
45029,0.0196
45031,0.0290
45033,0.0986
45035,0.0217
45037,0.1069
45039,0.0107
45041,0.0630
45043,0.0925
45045,0.1809
45047,0.0521
45049,0.1879
45051,0.0472
45053,0.0055
45055,0.0479
45057,0.1076
45059,0.0653
45061,0.0003
45063,0.0806
45065,-0.0258
45067,0.0154
45069,0.0361
45071,0.1322
45073,0.0221
45075,0.0829
45077,0.0390
45079,0.1658
45081,0.0381
45083,0.0942
45087,0.0141
45089,0.0198
45091,0.0598
46003,-0.0108
46005,0.0523
46007,-0.0047
46009,-0.0197
46011,0.0007
46013,0.0366
46015,-0.0029
46019,-0.0071
46021,-0.0322
46023,0.1504
46025,-0.1017
46027,0.0054
46029,0.0685
46031,-0.0007
46033,0.0052
46035,0.0039
46037,0.0665
46039,-0.0140
46041,0.0367
46043,0.0418
46045,-0.0268
46047,0.0031
46049,-0.1295
46051,-0.0155
46053,0.0136
46055,0.0131
46057,-0.0099
46059,-0.0174
46061,0.0198
46063,0.0310
46065,0.0375
46067,-0.0471
46069,-0.0096
46071,-0.3443
46073,-0.0468
46075,0.0486
46077,0.0180
46079,0.0068
46081,-0.0015
46083,0.0071
46085,-0.0403
46087,-0.0214
46089,-0.2132
46091,-0.0984
46093,0.0122
46095,0.0029
46097,-0.0011
46099,0.2376
46101,0.0560
46103,0.0914
46105,0.0117
46107,-0.0187
46109,0.0786
46111,-0.0709
46113,-0.0139
46115,0.1127
46117,0.0316
46119,0.0816
46121,-0.0133
46123,-0.0066
46125,0.0216
46127,-0.0021
46129,0.0344
46135,0.0105
46137,-0.0087
47001,-0.0327
47003,0.1463
47005,-0.0012
47007,0.0250
47009,0.0452
47011,0.0388
47013,-0.0002
47015,-0.0072
47017,0.0042
47019,0.0114
47021,0.0357
47023,-0.0004
47025,-0.0026
47027,-0.0016
47029,0.0575
47031,0.0410
47033,0.0016
47035,-0.0016
47037,0.1838
47039,0.0122
47041,-0.0006
47043,0.0198
47045,0.0315
47047,0.0270
47049,0.0022
47051,0.0288
47053,0.0929
47055,0.0115
47057,0.0408
47059,-0.0173
47061,0.0336
47063,0.1757
47065,0.2523
47067,0.0349
47069,0.0957
47071,0.0041
47073,0.0031
47075,-0.0020
47077,0.0013
47079,0.0788
47081,0.0006
47083,-0.0045
47085,0.0162
47087,0.0095
47089,0.0458
47091,-0.0034
47093,0.1084
47095,-0.0030
47097,0.0171
47099,0.1357
47101,-0.0045
47103,0.0060
47105,0.1496
47107,0.0019
47109,0.0455
47111,0.0055
47113,0.0592
47115,0.0085
47117,0.0995
47119,0.0669
47121,0.0019
47123,0.0056
47125,0.0249
47127,0.0101
47129,-0.0115
47131,0.0459
47133,-0.0144
47135,-0.0097
47137,0.0000
47139,-0.0065
47141,0.0960
47143,0.0119
47145,0.0101
47147,0.2534
47149,0.1477
47151,0.0513
47153,0.0085
47155,0.0496
47157,0.3798
47159,0.0240
47161,0.0050
47163,0.0365
47165,0.1221
47167,-0.0205
47169,0.0074
47171,0.0060
47173,0.0331
47175,0.0471
47177,0.0279
47179,0.0473
47181,-0.0065
47183,-0.0337
47185,-0.0131
47187,0.1146
47189,0.0993
48001,0.1270
48003,0.0014
48005,0.1074
48007,0.0022
48009,0.0302
48011,0.0040
48013,0.0292
48015,0.0213
48017,0.0005
48019,0.0018
48021,0.0481
48023,0.0015
48025,0.0329
48027,0.0888
48029,0.2072
48031,0.0126
48033,0.0000
48035,0.0292
48037,0.1288
48039,0.0977
48041,0.2530
48043,0.0175
48045,0.0031
48047,-0.0304
48049,0.0393
48051,0.0030
48053,0.0289
48055,-0.0034
48057,0.0053
48059,0.0207
48061,0.0231
48063,-0.0003
48065,0.0367
48067,0.0329
48069,0.3418
48071,0.0654
48073,0.1936
48075,0.0004
48077,0.0001
48079,0.1938
48081,0.0095
48083,0.0050
48085,0.1369
48087,0.0075
48089,0.0576
48091,0.0402
48093,0.0169
48095,-0.0057
48097,0.2689
48099,0.0012
48101,0.0000
48103,0.0008
48105,0.0014
48107,0.0034
48109,0.0001
48111,0.0036
48113,0.3186
48115,0.0299
48117,0.0322
48119,0.0015
48121,0.1814
48123,0.0503
48125,-0.0468
48127,-0.0069
48129,0.0065
48131,-0.0319
48133,0.0040
48135,0.0626
48137,-0.0142
48139,0.1142
48141,0.1351
48143,0.0627
48145,0.1655
48147,0.0335
48149,0.0603
48151,0.0161
48153,0.0112
48155,0.0065
48157,0.2168
48159,0.0029
48161,0.0126
48163,0.0305
48165,0.0378
48167,0.1673
48169,-0.0004
48171,0.0479
48173,-0.0034
48175,0.0105
48177,0.0177
48179,0.1024
48181,0.1090
48183,0.1593
48185,0.1342
48187,0.1080
48189,0.0394
48191,0.0158
48193,-0.0071
48195,0.0158
48197,0.0044
48199,0.0085
48201,0.3212
48203,0.1493
48205,0.0954
48207,0.0204
48209,0.2187
48211,0.0023
48213,0.0561
48215,0.1251
48217,0.1127
48219,0.0438
48221,0.0530
48223,0.0192
48225,0.1938
48227,0.1326
48229,0.1545
48231,0.0834
48233,0.0320
48235,0.0025
48237,0.0102
48239,0.0708
48241,0.1195
48243,0.0080
48245,0.3108
48247,-0.0016
48249,0.1010
48251,0.0950
48253,0.0487
48255,0.1909
48257,0.0685
48259,0.0694
48261,0.0000
48263,0.0000
48265,0.0081
48267,0.0057
48269,0.0000
48271,0.0008
48273,0.0829
48275,0.0020
48277,0.1232
48279,0.0322
48281,0.0259
48283,0.0038
48285,0.0287
48287,0.1105
48289,0.0434
48291,0.0572
48293,0.0737
48295,0.0269
48297,0.0031
48299,0.0128
48303,0.2241
48305,0.0667
48307,0.0034
48309,0.3072
48311,0.0000
48313,0.0135
48315,0.0021
48317,0.0358
48319,0.0014
48321,0.0371
48323,0.0394
48325,0.0220
48327,0.0020
48329,0.1049
48331,0.0468
48333,0.0290
48335,0.0273
48337,0.0156
48339,0.1544
48341,0.0902
48343,0.0442
48345,0.0000
48347,0.1902
48349,0.0984
48351,0.0337
48353,0.0581
48355,0.1835
48357,0.0007
48359,0.0498
48361,0.0374
48363,0.0419
48365,0.0200
48367,0.0695
48369,0.0757
48371,0.0666
48373,0.0395
48375,0.2726
48377,0.0912
48379,0.0030
48381,0.0048
48383,-0.0004
48385,-0.0014
48387,0.1160
48389,-0.0088
48391,0.0144
48393,0.0000
48395,0.2682
48397,0.0703
48399,0.0382
48401,0.0239
48403,-0.0429
48405,0.0656
48407,0.0145
48409,0.1265
48411,0.0062
48413,0.0004
48415,0.0337
48417,-0.0778
48419,0.0613
48421,0.0429
48423,0.2731
48425,0.0009
48427,-0.0099
48429,-0.0005
48431,0.0025
48433,0.0120
48435,-0.0016
48437,0.0831
48439,0.2970
48441,0.1581
48443,0.0002
48445,0.0516
48447,-0.0006
48449,0.1153
48451,0.1196
48453,0.4208
48455,0.0182
48457,0.0291
48459,0.0205
48461,0.0022
48463,0.1250
48465,0.1161
48467,0.0257
48469,0.1331
48471,-0.0039
48473,0.0674
48475,0.0052
48477,0.0320
48479,0.1407
48481,0.0805
48483,0.0264
48485,0.1375
48487,0.0184
48489,0.0208
48491,0.1194
48493,0.0803
48495,0.0277
48497,0.0358
48499,0.0157
48501,-0.0124
48503,0.0223
48505,0.0206
48507,0.0065
49001,0.0023
49003,0.0209
49005,0.1095
49007,0.0111
49009,0.0100
49011,0.0964
49013,0.0154
49015,0.1178
49017,0.0023
49019,0.0052
49021,0.0348
49023,-0.0186
49025,-0.0096
49027,-0.0027
49029,-0.0002
49031,0.0204
49033,0.0125
49035,0.2593
49037,-0.0136
49039,0.0266
49041,0.0005
49043,0.0518
49045,0.1388
49047,0.0114
49049,0.1403
49051,0.0170
49053,0.0985
49055,-0.0086
49057,0.2910
50001,0.0310
50003,-0.0006
50005,0.0260
50007,0.0453
50009,0.0008
50011,0.0206
50013,0.1101
50015,-0.0877
50017,-0.0273
50019,0.0105
50021,0.0274
50023,0.0888
50025,0.0124
50027,0.0086
51001,0.0844
51005,0.0157
51007,0.0072
51009,-0.0026
51011,-0.0014
51013,0.1882
51015,0.0009
51017,0.0057
51021,-0.0072
51023,-0.0084
51025,0.0011
51027,-0.0297
51029,0.0100
51031,-0.0030
51033,-0.0055
51035,0.0123
51036,0.0123
51037,0.0225
51041,0.1887
51043,0.0077
51045,-0.0080
51047,0.0525
51049,0.0048
51051,-0.0005
51053,0.0294
51057,-0.0001
51059,0.1755
51061,0.0340
51063,0.0362
51065,0.0003
51067,0.0462
51071,-0.0032
51073,0.0028
51075,-0.0055
51077,0.0108
51079,-0.0049
51083,-0.0004
51085,0.0396
51087,0.1690
51089,0.0163
51091,-0.0095
51093,-0.0035
51097,0.0095
51099,-0.0030
51101,-0.0165
51103,0.0073
51105,-0.0089
51107,0.1128
51109,0.0111
51111,0.0039
51113,-0.0021
51115,0.0009
51117,-0.0026
51119,0.0016
51121,-0.0024
51125,0.0034
51127,0.0031
51131,0.0124
51133,0.0047
51135,0.0060
51137,-0.0069
51139,0.0122
51141,0.0211
51143,-0.0077
51145,-0.0009
51147,0.0023
51149,0.0081
51153,0.1984
51155,0.0293
51157,0.0014
51159,0.0083
51161,0.0202
51163,0.0221
51167,0.0184
51169,0.0211
51171,0.0246
51173,-0.0179
51175,0.0305
51177,0.0114
51179,0.0300
51181,0.0113
51183,-0.0040
51185,-0.0184
51187,0.0167
51191,-0.0063
51193,0.0404
51195,-0.0011
51197,-0.0002
51199,0.0183
51510,0.1075
51520,0.0103
51530,0.0021
51540,0.1065
51550,0.0941
51570,0.0132
51580,0.0110
51590,0.0342
51595,0.0067
51610,0.0007
51620,0.0009
51630,0.0028
51640,0.0058
51650,0.0335
51660,0.1311
51670,0.0017
51678,0.0057
51680,0.0394
51683,0.0121
51685,0.0007
51690,0.1007
51700,0.0607
51710,0.0636
51720,-0.0018
51730,0.0343
51735,0.0020
51740,0.0518
51750,0.0019
51760,0.2776
51770,0.0984
51775,0.0287
51790,0.0610
51800,0.0121
51810,0.0605
51820,0.0471
51840,0.0747
53001,0.1378
53003,0.0322
53005,0.1788
53007,0.0910
53009,0.0491
53011,0.1140
53013,0.0303
53015,0.0788
53017,0.1001
53019,0.0199
53021,0.2396
53023,0.0010
53025,0.1516
53027,0.0686
53029,0.0222
53031,0.0125
53033,0.2055
53035,0.0430
53037,0.0029
53039,-0.0200
53041,0.0667
53043,-0.0079
53045,0.1005
53047,0.1059
53049,0.0537
53051,-0.0160
53053,0.1375
53055,0.0516
53057,0.1612
53059,0.0216
53061,0.1032
53063,0.0719
53065,0.0033
53067,0.0236
53069,0.0000
53071,0.0701
53073,0.0625
53075,-0.0174
53077,0.2744
54001,0.0140
54003,0.0425
54005,-0.0185
54007,0.0113
54009,-0.0165
54011,0.0718
54013,0.0022
54015,-0.0530
54017,-0.0040
54019,0.0133
54021,-0.0221
54023,0.0010
54025,-0.0102
54027,0.0076
54029,0.0196
54031,0.0267
54033,0.0092
54035,0.0330
54037,0.0324
54039,0.0170
54041,-0.0188
54043,0.0022
54045,0.0275
54047,0.0085
54049,0.0013
54051,0.0407
54053,0.0130
54055,0.0292
54057,0.0590
54059,0.0287
54061,-0.0148
54063,0.0015
54065,0.0073
54067,-0.0239
54069,0.0250
54071,0.0313
54073,-0.0023
54075,-0.0194
54077,-0.0085
54079,-0.0247
54081,0.0553
54083,-0.0161
54085,-0.0032
54087,0.0027
54089,0.0072
54091,-0.0214
54093,0.0025
54095,-0.0017
54097,0.0035
54099,-0.0135
54101,0.0149
54103,-0.0079
54105,0.0024
54107,0.0418
54109,-0.0124
55001,0.0012
55003,-0.0021
55005,0.0217
55007,0.0340
55009,0.3106
55011,0.0051
55013,0.0377
55015,0.0095
55017,0.0196
55019,0.0373
55021,0.0626
55023,0.0089
55025,0.1759
55027,0.0598
55029,0.0123
55031,0.0294
55033,0.0062
55035,0.0142
55037,0.0070
55039,0.0978
55041,0.0103
55043,0.0228
55045,0.0406
55047,0.0087
55049,0.0142
55051,-0.0099
55053,0.0390
55055,0.0460
55057,0.0100
55059,0.1678
55061,0.0213
55063,0.0461
55065,-0.0014
55067,0.0211
55069,0.0197
55071,0.0923
55073,0.0773
55075,0.0004
55077,0.0094
55078,0.0104
55079,0.3619
55081,0.0354
55083,0.0159
55085,-0.0263
55087,0.0955
55089,0.0118
55091,0.0185
55093,0.0066
55095,-0.0176
55097,0.0383
55099,-0.0160
55101,0.2158
55103,0.0387
55105,0.1853
55107,0.0090
55109,0.0023
55111,0.0090
55113,-0.0053
55115,0.0063
55117,0.1716
55119,-0.0089
55121,0.0916
55123,0.0178
55125,0.0408
55127,0.1051
55129,0.0332
55131,0.0393
55133,0.1537
55135,0.0154
55137,0.0274
55139,0.1023
55141,0.0288
56001,0.0266
56003,0.0105
56005,0.0559
56007,0.0361
56009,0.0040
56011,-0.0010
56013,0.0321
56015,0.0390
56017,-0.0010
56019,-0.0036
56021,0.0901
56023,-0.0050
56025,0.0732
56027,0.0046
56029,0.0008
56031,0.0046
56033,0.0132
56035,0.0139
56037,0.0208
56039,0.0337
56041,0.0515
56043,0.0212
56045,0.0012
