id,hswhtblk
01001,0.1015
01003,0.1376
01005,0.0963
01007,0.1160
01009,0.1217
01011,0.0068
01013,0.0684
01015,0.3069
01017,0.2317
01019,0.1421
01021,0.0350
01023,0.0689
01025,0.0376
01027,0.0090
01029,0.1488
01031,0.1114
01033,0.1073
01035,0.1285
01037,0.0000
01039,0.1468
01041,0.0142
01043,0.2389
01045,0.1132
01047,0.4989
01049,0.2069
01051,0.0637
01053,0.2348
01055,0.4471
01057,0.1229
01059,0.1692
01061,0.0119
01063,0.1449
01065,0.4401
01067,0.1357
01069,0.2782
01071,0.1667
01073,0.5533
01075,0.0107
01077,0.3403
01079,0.3339
01081,0.1469
01083,0.1742
01085,0.1411
01087,0.3015
01089,0.2695
01091,0.2250
01093,0.0918
01095,0.1217
01097,0.4306
01099,0.3762
01101,0.3517
01103,0.3365
01105,0.1151
01107,0.3814
01109,0.0908
01111,0.1169
01113,0.1638
01115,0.0320
01117,0.0619
01119,0.2139
01121,0.1398
01123,0.0831
01125,0.3962
01127,0.2154
01129,0.1804
01131,0.1351
01133,0.1289
02013,0.3598
02016,0.0198
02020,0.1951
02050,0.0793
02060,0.4116
02068,0.1129
02070,0.3000
02090,0.1112
02100,0.0141
02105,0.4493
02110,0.0406
02122,0.1016
02130,0.1245
02150,0.0769
02170,0.0528
02180,0.1565
02185,0.0831
02188,0.0777
02195,0.0044
02198,0.1558
02220,0.0315
02230,0.0000
02240,0.1409
02261,0.2244
02270,0.2653
02275,0.0000
02290,0.1673
04001,0.4570
04003,0.1426
04005,0.1428
04007,0.1332
04009,0.1208
04011,0.0916
04012,0.2052
04013,0.2503
04015,0.0978
04017,0.1985
04019,0.1725
04021,0.1108
04023,0.4615
04025,0.1192
04027,0.1085
05001,0.1107
05003,0.0603
05005,0.1279
05007,0.0474
05009,0.1813
05011,0.0257
05013,0.0000
05015,0.1611
05017,0.0496
05019,0.0699
05021,0.1307
05023,0.1050
05025,0.2007
05027,0.1132
05029,0.0994
05031,0.3218
05033,0.0582
05035,0.3697
05037,0.0387
05039,0.0000
05041,0.0480
05043,0.0093
05045,0.2046
05047,0.0555
05049,0.1130
05051,0.2944
05053,0.0318
05055,0.0449
05057,0.2739
05059,0.3086
05061,0.2416
05063,0.1302
05065,0.1621
05067,0.1627
05069,0.4814
05071,0.0616
05073,0.0287
05075,0.1522
05077,0.0000
05079,0.0001
05081,0.0290
05083,0.1385
05085,0.2390
05087,0.0752
05089,0.1012
05091,0.3018
05093,0.3736
05095,0.0050
05097,0.0784
05099,0.0054
05101,0.1967
05103,0.1208
05105,0.0725
05107,0.4001
05109,0.2211
05111,0.1498
05113,0.1222
05115,0.1734
05117,0.0542
05119,0.2216
05121,0.0470
05123,0.2354
05125,0.0937
05127,0.0761
05129,0.1196
05131,0.2859
05133,0.0932
05135,0.0962
05137,0.0542
05139,0.1220
05141,0.1085
05143,0.1559
05145,0.1177
05147,0.1418
05149,0.1078
06001,0.4117
06005,0.1062
06007,0.1226
06009,0.1053
06011,0.1499
06013,0.4121
06015,0.1119
06017,0.0877
06019,0.3246
06021,0.1876
06023,0.1211
06025,0.2305
06027,0.2824
06029,0.2870
06031,0.1212
06033,0.0915
06035,0.1953
06037,0.5027
06039,0.2980
06041,0.2632
06043,0.1520
06045,0.1662
06047,0.2039
06049,0.1740
06051,0.3883
06053,0.2529
06055,0.3751
06057,0.1149
06059,0.1752
06061,0.0783
06063,0.1273
06065,0.2079
06067,0.2904
06069,0.1521
06071,0.2553
06073,0.3402
06075,0.2935
06077,0.3036
06079,0.0859
06081,0.3261
06083,0.1879
06085,0.2233
06087,0.1550
06089,0.1179
06091,0.0858
06093,0.1881
06095,0.2697
06097,0.1479
06099,0.1309
06101,0.0875
06103,0.1120
06105,0.1600
06107,0.1953
06109,0.1196
06111,0.1863
06113,0.0928
06115,0.0790
08001,0.1468
08003,0.0446
08005,0.2708
08007,0.0000
08009,0.2011
08011,0.0954
08013,0.0848
08015,0.0738
08017,0.1335
08019,0.1547
08021,0.1709
08023,0.1894
08025,0.0000
08027,0.0000
08029,0.1949
08031,0.3342
08033,0.0014
08035,0.0440
08037,0.3114
08039,0.1064
08041,0.1603
08043,0.1040
08045,0.1518
08047,0.0000
08049,0.1145
08051,0.0782
08053,0.0000
08055,0.2513
08057,0.0000
08059,0.1386
08061,0.0846
08063,0.2126
08065,0.0501
08067,0.1228
08069,0.0796
08071,0.2980
08073,0.0888
08075,0.1241
08077,0.0786
08081,0.0588
08083,0.1201
08085,0.1416
08087,0.1677
08089,0.2249
08091,0.1319
08093,0.0612
08095,0.1272
08097,0.0251
08099,0.1836
08101,0.1492
08103,0.1132
08105,0.1957
08107,0.1167
08109,0.3307
08113,0.0901
08115,0.2173
08117,0.1455
08119,0.1134
08121,0.1605
08123,0.2359
08125,0.1277
09001,0.4849
09003,0.4505
09005,0.1063
09007,0.2831
09009,0.4543
09011,0.2888
09013,0.1697
09015,0.1605
10001,0.0978
10003,0.2161
10005,0.0721
11001,0.5858
12001,0.1648
12003,0.0025
12005,0.2026
12007,0.0360
12009,0.1758
12011,0.3397
12013,0.2189
12015,0.0763
12017,0.0335
12019,0.1343
12021,0.3455
12023,0.1398
12027,0.0326
12029,0.0852
12031,0.2452
12033,0.1880
12035,0.0389
12037,0.0108
12039,0.1731
12041,0.0515
12043,0.1734
12045,0.0229
12047,0.0628
12049,0.0314
12051,0.1416
12053,0.0417
12055,0.0500
12057,0.2863
12059,0.1380
12061,0.0771
12063,0.0424
12065,0.0213
12067,0.0000
12069,0.1045
12071,0.2509
12073,0.3168
12075,0.0598
12077,0.2179
12079,0.1455
12081,0.1766
12083,0.1171
12085,0.1720
12086,0.5172
12087,0.1990
12089,0.0386
12091,0.1143
12093,0.0502
12095,0.3023
12097,0.2178
12099,0.3707
12101,0.1015
12103,0.2567
12105,0.0759
12107,0.1530
12109,0.1369
12111,0.1050
12113,0.1023
12115,0.2634
12117,0.1168
12119,0.2044
12121,0.0686
12123,0.0229
12125,0.0092
12127,0.1727
12129,0.0125
12131,0.1670
12133,0.0314
13001,0.0675
13003,0.0094
13005,0.0000
13007,0.0000
13009,0.0160
13011,0.0000
13013,0.0236
13015,0.0823
13017,0.0000
13019,0.0000
13021,0.3053
13023,0.0042
13025,0.0399
13027,0.0917
13029,0.0043
13031,0.1502
13033,0.0022
13035,0.0083
13037,0.4438
13039,0.0043
13043,0.0000
13045,0.0584
13047,0.0419
13049,0.0793
13051,0.2825
13053,0.0000
13055,0.1278
13057,0.0628
13059,0.1001
13061,0.0000
13063,0.0722
13065,0.0013
13067,0.3198
13069,0.0363
13071,0.1091
13073,0.0476
13075,0.0000
13077,0.0504
13079,0.0000
13081,0.0008
13083,0.0247
13085,0.1327
13087,0.0121
13089,0.5525
13091,0.0017
13093,0.0000
13095,0.1546
13097,0.1620
13099,0.0007
13101,0.0000
13103,0.0725
13105,0.0222
13107,0.0331
13109,0.0000
13111,0.0553
13113,0.2526
13115,0.3346
13117,0.0612
13119,0.0309
13121,0.6209
13123,0.0583
13125,0.0000
13127,0.1617
13129,0.1045
13131,0.1858
13133,0.2357
13135,0.2003
13137,0.0969
13139,0.2587
13141,0.0000
13143,0.0253
13145,0.0221
13147,0.0528
13149,0.0356
13151,0.2086
13153,0.0796
13155,0.0000
13157,0.0428
13159,0.0000
13161,0.0000
13163,0.1179
13165,0.0000
13167,0.0000
13169,0.0510
13171,0.0000
13173,0.0000
13175,0.2602
13177,0.0006
13179,0.0229
13181,0.0000
13183,0.0000
13185,0.3070
13187,0.0205
13189,0.0369
13191,0.0000
13193,0.0000
13195,0.0469
13197,0.0000
13199,0.0230
13201,0.0000
13205,0.2883
13207,0.0158
13209,0.0010
13211,0.0000
13213,0.0894
13215,0.3067
13217,0.1524
13219,0.0133
13221,0.0000
13223,0.0745
13225,0.3011
13227,0.0407
13229,0.0234
13231,0.0000
13233,0.0215
13235,0.0000
13237,0.0000
13239,0.0000
13241,0.0000
13243,0.0000
13245,0.2596
13247,0.1039
13249,0.0000
13251,0.0000
13253,0.0000
13255,0.1440
13257,0.0308
13259,0.0000
13261,0.1270
13263,0.0000
13265,0.0000
13267,0.0074
13269,0.0076
13271,0.0000
13273,0.0000
13275,0.1573
13277,0.0176
13279,0.0782
13281,0.0000
13283,0.0000
13285,0.0911
13287,0.0047
13289,0.0021
13291,0.0049
13293,0.0000
13295,0.0674
13297,0.0950
13299,0.0331
13301,0.0000
13303,0.0001
13305,0.0456
13307,0.0000
13309,0.0000
13311,0.0250
13313,0.1607
13315,0.0000
13317,0.0000
13319,0.0000
13321,0.0000
15003,0.1688
16001,0.1183
16003,0.1900
16005,0.0733
16007,0.2323
16009,0.2502
16011,0.1090
16013,0.1276
16015,0.1738
16017,0.1261
16019,0.0936
16021,0.0558
16023,0.0101
16025,0.0000
16027,0.0925
16029,0.0938
16031,0.1077
16035,0.0822
16037,0.1272
16039,0.0356
16041,0.0355
16043,0.1276
16045,0.0584
16047,0.2275
16049,0.1579
16051,0.1204
16053,0.1106
16055,0.0869
16057,0.1532
16059,0.0407
16061,0.0810
16063,0.2401
16065,0.0901
16067,0.1242
16069,0.1425
16071,0.0004
16073,0.1349
16075,0.0790
16077,0.1178
16079,0.1745
16081,0.0502
16083,0.1255
16085,0.1614
16087,0.0968
17001,0.1132
17003,0.4596
17005,0.0784
17007,0.0331
17009,0.0000
17011,0.1695
17015,0.0993
17017,0.1353
17019,0.3081
17021,0.1315
17023,0.0751
17025,0.1088
17027,0.1595
17029,0.0326
17031,0.7269
17033,0.0986
17035,0.1422
17037,0.2492
17039,0.0557
17041,0.2138
17043,0.1521
17045,0.2403
17047,0.0638
17049,0.1077
17051,0.1946
17053,0.1044
17055,0.1948
17057,0.1300
17059,0.0000
17061,0.1067
17063,0.1186
17065,0.0643
17067,0.2029
17069,0.0000
17071,0.0000
17073,0.2548
17075,0.0811
17077,0.2644
17079,0.0903
17081,0.3239
17083,0.0837
17085,0.1972
17087,0.1869
17089,0.3370
17091,0.4308
17093,0.0465
17095,0.1633
17097,0.4780
17099,0.1079
17101,0.0556
17103,0.0834
17105,0.1054
17107,0.0956
17109,0.1444
17111,0.0655
17113,0.1714
17115,0.3751
17117,0.1316
17119,0.2626
17121,0.2839
17123,0.0832
17125,0.1304
17127,0.0979
17129,0.0760
17131,0.0955
17133,0.1123
17135,0.0790
17137,0.1791
17139,0.1485
17141,0.1180
17143,0.5028
17145,0.1161
17147,0.1249
17149,0.2302
17151,0.0000
17153,0.1657
17155,0.0000
17157,0.2742
17159,0.0353
17161,0.2321
17163,0.4557
17165,0.1217
17167,0.3027
17169,0.0079
17171,0.0593
17173,0.1401
17175,0.0629
17177,0.2081
17179,0.0937
17181,0.1359
17183,0.3689
17185,0.0816
17187,0.0542
17189,0.1791
17191,0.1582
17193,0.2095
17195,0.1416
17197,0.3631
17199,0.0855
17201,0.3628
17203,0.1007
18001,0.0646
18003,0.2504
18005,0.0509
18007,0.0597
18009,0.0290
18011,0.0860
18013,0.0722
18015,0.0579
18017,0.0600
18019,0.2088
18021,0.1321
18023,0.1145
18025,0.1636
18027,0.1125
18029,0.1395
18031,0.1302
18033,0.0967
18035,0.2412
18037,0.1839
18039,0.2700
18041,0.0888
18043,0.1572
18045,0.1398
18047,0.1752
18049,0.0539
18051,0.1316
18053,0.3168
18055,0.1739
18057,0.0504
18059,0.1956
18061,0.0891
18063,0.1000
18065,0.1545
18067,0.1331
18069,0.1049
18071,0.0978
18073,0.0229
18075,0.1569
18077,0.0614
18079,0.0789
18081,0.0420
18083,0.1017
18085,0.0769
18087,0.0748
18089,0.6537
18091,0.3327
18093,0.1895
18095,0.2566
18097,0.3414
18099,0.0836
18101,0.0979
18103,0.0420
18105,0.1072
18107,0.0661
18109,0.0968
18111,0.1150
18113,0.1194
18115,0.0000
18117,0.1338
18119,0.0735
18121,0.1503
18123,0.1197
18125,0.0496
18127,0.1145
18129,0.1169
18131,0.0523
18133,0.0695
18135,0.1135
18137,0.1233
18139,0.0625
18141,0.3201
18143,0.1086
18145,0.1257
18147,0.1464
18149,0.0938
18151,0.0589
18153,0.1717
18155,0.0478
18157,0.1302
18159,0.0424
18161,0.0452
18163,0.2375
18165,0.1019
18167,0.1388
18169,0.1802
18171,0.0918
18173,0.0823
18175,0.0842
18177,0.1985
18179,0.0851
18181,0.1121
18183,0.0547
19001,0.0413
19005,0.2806
19007,0.1565
19009,0.0924
19011,0.1012
19013,0.3122
19015,0.0951
19017,0.1300
19019,0.1253
19021,0.2941
19023,0.1666
19025,0.0960
19027,0.0791
19029,0.1000
19031,0.1209
19033,0.0548
19035,0.0699
19037,0.1519
19039,0.0996
19041,0.0820
19043,0.1385
19045,0.1112
19047,0.1578
19049,0.1038
19051,0.0001
19053,0.1283
19055,0.1243
19057,0.0935
19059,0.0922
19061,0.1952
19063,0.0374
19065,0.1315
19067,0.0748
19069,0.0624
19071,0.1764
19073,0.0487
19075,0.1297
19077,0.1823
19079,0.0885
19081,0.0700
19083,0.1123
19085,0.1545
19087,0.0808
19089,0.0905
19091,0.0331
19093,0.0888
19095,0.1753
19097,0.1015
19099,0.1232
19101,0.0814
19103,0.1889
19105,0.0749
19107,0.1448
19109,0.1064
19111,0.0456
19113,0.1571
19115,0.1844
19117,0.0000
19119,0.1508
19121,0.1147
19123,0.0588
19125,0.0691
19127,0.1155
19129,0.0705
19131,0.1014
19133,0.0760
19135,0.0000
19137,0.0708
19139,0.0880
19141,0.1087
19143,0.0000
19145,0.1735
19147,0.1291
19149,0.1255
19151,0.1290
19153,0.2519
19155,0.1052
19157,0.0577
19159,0.0407
19161,0.1402
19163,0.1963
19165,0.0307
19167,0.1634
19169,0.1647
19171,0.1003
19173,0.1169
19175,0.0282
19177,0.1768
19179,0.1368
19181,0.0668
19183,0.0778
19185,0.1321
19187,0.0646
19189,0.0758
19191,0.0999
19193,0.1613
19195,0.0677
19197,0.1044
20001,0.0625
20003,0.1433
20005,0.1012
20007,0.0909
20009,0.1101
20011,0.0187
20013,0.0329
20015,0.0730
20019,0.0766
20021,0.0701
20023,0.1283
20025,0.1586
20027,0.0418
20029,0.0653
20031,0.1020
20033,0.0000
20035,0.0909
20037,0.1066
20039,0.0000
20041,0.0750
20043,0.2279
20045,0.0829
20047,0.0505
20049,0.0978
20051,0.0823
20053,0.1718
20055,0.1161
20057,0.1448
20059,0.0925
20061,0.0290
20063,0.2451
20065,0.0000
20067,0.0000
20069,0.1024
20071,0.0000
20073,0.1200
20075,0.0000
20077,0.1122
20079,0.0890
20081,0.0706
20083,0.0162
20085,0.0603
20087,0.1304
20089,0.0068
20091,0.1137
20093,0.0467
20095,0.2441
20097,0.1829
20099,0.2560
20101,0.3849
20103,0.1671
20105,0.0958
20107,0.1433
20109,0.1283
20111,0.1154
20113,0.1039
20115,0.1873
20117,0.1432
20119,0.2032
20121,0.0732
20123,0.2054
20125,0.1036
20127,0.1942
20129,0.0631
20131,0.1583
20133,0.0459
20135,0.4927
20137,0.1577
20139,0.1657
20141,0.1802
20143,0.0821
20145,0.0444
20147,0.0585
20149,0.1120
20151,0.0883
20153,0.0000
20155,0.0944
20157,0.0783
20159,0.1019
20161,0.0613
20163,0.1340
20165,0.1843
20167,0.0090
20169,0.0683
20171,0.0000
20173,0.3118
20175,0.1114
20177,0.2297
20179,0.0586
20181,0.0000
20183,0.1503
20185,0.1910
20187,0.0000
20189,0.0439
20191,0.1192
20193,0.0849
20195,0.0000
20197,0.1246
20199,0.0928
20201,0.2595
20203,0.0000
20205,0.0835
20207,0.0000
20209,0.3072
21001,0.0186
21003,0.0000
21005,0.0133
21007,0.0000
21009,0.1843
21011,0.0437
21013,0.2027
21015,0.0593
21017,0.1635
21019,0.1384
21021,0.2184
21023,0.2397
21025,0.2294
21027,0.0615
21029,0.0641
21031,0.0479
21033,0.0007
21035,0.1055
21037,0.2167
21039,0.0000
21041,0.0054
21043,0.0852
21045,0.0519
21047,0.0373
21049,0.0448
21051,0.1571
21053,0.2594
21055,0.0000
21057,0.0001
21059,0.1440
21061,0.0240
21063,0.0445
21065,0.0290
21067,0.1383
21069,0.0666
21071,0.1835
21073,0.0463
21075,0.0399
21077,0.0017
21079,0.0377
21081,0.0599
21083,0.2812
21085,0.0495
21087,0.0068
21089,0.0702
21091,0.0279
21093,0.1411
21095,0.1714
21097,0.0250
21099,0.1514
21101,0.0556
21103,0.0787
21105,0.0000
21107,0.1127
21109,0.0308
21111,0.0862
21113,0.0119
21115,0.1956
21117,0.2753
21119,0.2743
21121,0.1184
21123,0.0398
21125,0.0965
21127,0.1644
21129,0.0421
21131,0.1442
21133,0.2028
21135,0.0915
21137,0.0865
21139,0.0354
21141,0.2376
21143,0.0000
21145,0.3397
21147,0.0306
21149,0.0753
21151,0.0951
21153,0.0772
21155,0.1620
21157,0.1646
21159,0.1257
21161,0.0000
21163,0.0410
21165,0.0429
21167,0.0292
21169,0.1017
21171,0.0618
21173,0.0308
21175,0.1991
21177,0.0521
21179,0.1906
21181,0.0000
21183,0.0887
21185,0.0421
21187,0.0002
21189,0.0000
21191,0.0476
21193,0.2054
21195,0.1522
21197,0.0627
21199,0.1114
21201,0.0000
21203,0.0754
21205,0.0542
21207,0.1171
21209,0.0583
21211,0.0304
21213,0.0005
21215,0.0049
21217,0.1277
21219,0.0654
21221,0.0000
21223,0.0797
21225,0.0394
21227,0.1326
21229,0.2115
21231,0.0288
21233,0.2370
21235,0.2677
21237,0.1695
21239,0.0345
22001,0.2408
22003,0.1506
22005,0.2751
22007,0.4146
22009,0.1252
22011,0.2279
22013,0.4426
22015,0.1631
22017,0.3707
22019,0.3933
22021,0.0492
22023,0.1393
22025,0.1469
22027,0.0961
22029,0.4524
22031,0.3368
22033,0.3933
22035,0.1415
22037,0.2607
22039,0.2063
22041,0.1456
22043,0.2596
22045,0.2674
22047,0.1968
22049,0.3169
22051,0.1706
22053,0.1187
22055,0.1909
22057,0.3138
22059,0.1399
22061,0.2371
22063,0.0785
22065,0.1311
22067,0.2428
22069,0.3204
22071,0.5192
22073,0.5784
22075,0.1618
22077,0.2109
22079,0.3964
22081,0.0072
22083,0.4291
22085,0.2018
22087,0.1238
22089,0.1483
22091,0.0000
22093,0.2277
22095,0.1658
22097,0.2047
22099,0.1724
22101,0.2282
22103,0.1910
22105,0.2447
22107,0.0672
22109,0.1598
22111,0.2673
22113,0.2733
22115,0.2637
22117,0.1760
22119,0.1359
22121,0.1352
22123,0.0836
22125,0.0032
22127,0.1022
23001,0.2586
23003,0.1986
23005,0.2895
23007,0.1537
23009,0.2042
23011,0.1333
23013,0.1941
23015,0.2529
23017,0.1505
23019,0.1348
23021,0.1888
23023,0.0877
23025,0.1237
23027,0.2031
23029,0.3561
23031,0.0691
24001,0.0769
24003,0.2538
24005,0.3678
24009,0.0332
24011,0.0599
24013,0.0406
24015,0.1678
24017,0.1805
24019,0.1760
24021,0.2290
24023,0.1538
24025,0.2748
24027,0.1971
24029,0.0639
24031,0.2645
24033,0.2393
24035,0.0314
24037,0.1245
24039,0.0612
24041,0.0454
24043,0.1542
24045,0.1296
24047,0.1237
24510,0.4655
25001,0.0723
25003,0.1761
25005,0.1461
25007,0.0766
25009,0.2854
25011,0.1026
25013,0.4617
25015,0.1427
25017,0.2639
25019,0.0000
25021,0.2354
25023,0.5368
25025,0.4495
25027,0.3196
26001,0.0000
26003,0.1280
26005,0.1040
26007,0.1103
26009,0.1628
26011,0.1527
26013,0.1106
26015,0.0817
26017,0.1186
26019,0.0988
26021,0.5468
26023,0.1474
26025,0.3382
26027,0.2137
26029,0.1117
26031,0.0731
26033,0.1369
26035,0.0738
26037,0.1068
26039,0.0000
26041,0.1348
26043,0.1462
26045,0.3003
26047,0.1071
26049,0.5443
26051,0.0608
26053,0.1764
26055,0.0917
26057,0.0994
26059,0.1846
26061,0.2090
26063,0.1922
26065,0.3701
26067,0.1118
26069,0.0675
26071,0.1569
26073,0.0960
26075,0.3628
26077,0.3490
26079,0.1013
26081,0.4586
26085,0.0000
26087,0.0896
26089,0.1365
26091,0.1794
26093,0.0648
26095,0.0372
26097,0.1601
26099,0.3112
26101,0.0794
26103,0.0645
26105,0.0925
26107,0.1033
26109,0.2106
26111,0.0797
26113,0.0708
26115,0.1670
26117,0.1147
26119,0.1609
26121,0.4959
26123,0.1182
26125,0.4991
26127,0.1772
26129,0.1265
26131,0.0701
26133,0.0763
26135,0.1245
26137,0.0811
26139,0.1402
26141,0.1303
26143,0.0817
26145,0.5702
26147,0.2146
26149,0.1150
26151,0.1584
26153,0.0000
26155,0.1192
26157,0.1672
26159,0.2332
26161,0.3237
26163,0.6631
26165,0.0823
27001,0.0654
27003,0.1883
27005,0.0814
27007,0.1229
27009,0.0645
27011,0.1138
27013,0.1444
27015,0.1199
27017,0.0968
27019,0.0609
27021,0.1675
27023,0.0799
27025,0.0604
27027,0.0896
27029,0.0438
27031,0.2070
27033,0.1165
27035,0.0470
27037,0.1620
27039,0.0796
27041,0.0939
27043,0.1123
27045,0.1800
27047,0.0849
27049,0.0921
27051,0.1612
27053,0.3581
27055,0.0871
27057,0.0878
27059,0.0487
27061,0.0950
27063,0.0817
27065,0.0562
27067,0.1115
27069,0.3175
27071,0.1851
27073,0.0871
27075,0.1674
27077,0.0000
27079,0.1795
27081,0.1235
27083,0.1775
27085,0.1198
27087,0.1302
27089,0.1621
27091,0.0943
27093,0.0822
27095,0.1853
27097,0.1005
27099,0.1058
27101,0.1073
27103,0.0591
27105,0.1491
27107,0.1550
27109,0.2010
27111,0.1152
27113,0.0202
27115,0.1439
27117,0.0411
27119,0.1158
27121,0.0756
27123,0.3135
27125,0.1037
27127,0.1381
27129,0.1566
27131,0.1333
27133,0.0704
27135,0.2119
27137,0.1845
27139,0.1001
27141,0.0425
27143,0.0881
27145,0.2993
27147,0.1231
27149,0.0795
27151,0.1544
27153,0.1595
27155,0.0628
27157,0.1051
27159,0.1384
27161,0.0968
27163,0.1083
27165,0.1211
27167,0.0944
27169,0.0995
27171,0.0593
27173,0.1550
28001,0.0147
28003,0.2926
28005,0.0055
28007,0.1368
28009,0.3863
28011,0.4113
28013,0.0375
28015,0.0152
28017,0.2000
28019,0.0872
28021,0.0000
28023,0.1990
28025,0.0089
28027,0.2644
28029,0.4974
28031,0.2720
28033,0.0923
28035,0.5132
28037,0.0000
28039,0.1586
28041,0.1282
28043,0.0000
28045,0.0902
28047,0.2106
28049,0.3915
28051,0.2171
28053,0.0000
28057,0.2181
28059,0.2820
28061,0.6010
28063,0.0000
28065,0.0996
28067,0.3984
28069,0.0436
28071,0.0208
28073,0.1002
28075,0.3882
28077,0.0947
28079,0.1601
28081,0.1995
28083,0.3184
28085,0.2064
28087,0.3969
28089,0.4216
28091,0.0763
28093,0.2434
28095,0.4675
28097,0.0881
28099,0.2027
28101,0.3210
28103,0.0713
28105,0.0749
28107,0.2079
28109,0.1268
28111,0.1174
28113,0.2922
28115,0.0657
28117,0.1774
28119,0.0000
28121,0.0269
28123,0.0995
28125,0.0000
28127,0.0092
28129,0.0475
28131,0.0132
28133,0.0839
28135,0.2195
28137,0.1675
28139,0.1744
28141,0.1339
28143,0.0613
28145,0.1532
28147,0.1059
28149,0.1049
28151,0.5676
28153,0.2401
28155,0.0597
28157,0.0673
28159,0.2562
28161,0.1008
28163,0.4938
29001,0.0359
29003,0.0893
29005,0.1992
29007,0.0430
29009,0.1244
29011,0.1233
29013,0.1309
29015,0.0959
29017,0.2209
29019,0.1743
29021,0.0696
29023,0.0688
29025,0.2436
29027,0.1484
29029,0.0551
29031,0.2705
29033,0.1204
29035,0.1086
29037,0.1082
29039,0.1086
29041,0.1282
29043,0.0593
29045,0.1034
29047,0.1164
29049,0.1529
29051,0.2061
29053,0.1100
29055,0.1171
29057,0.1908
29059,0.0250
29061,0.2115
29063,0.1788
29065,0.1946
29067,0.0326
29069,0.2127
29071,0.0794
29073,0.0953
29075,0.1668
29077,0.1183
29079,0.0760
29081,0.1540
29083,0.0882
29085,0.1734
29087,0.2155
29089,0.0412
29091,0.1290
29093,0.1935
29095,0.4551
29097,0.0675
29099,0.0886
29101,0.0840
29103,0.0000
29105,0.0555
29107,0.1488
29109,0.0978
29111,0.0110
29113,0.0409
29115,0.1120
29117,0.0321
29119,0.2604
29121,0.0967
29123,0.0146
29125,0.1505
29127,0.1111
29129,0.1324
29131,0.0672
29133,0.4021
29135,0.1329
29137,0.1673
29139,0.0452
29141,0.0600
29143,0.1509
29145,0.0651
29147,0.1557
29149,0.1667
29151,0.1708
29153,0.2824
29155,0.2239
29157,0.0128
29159,0.0965
29161,0.0450
29163,0.0542
29165,0.0864
29167,0.1007
29169,0.1541
29171,0.0000
29173,0.0363
29175,0.0907
29177,0.1324
29179,0.2759
29181,0.3668
29183,0.0368
29185,0.1554
29186,0.0259
29187,0.0575
29189,0.4642
29195,0.0837
29197,0.0000
29199,0.0149
29201,0.2336
29203,0.0980
29205,0.1255
29207,0.1728
29209,0.1171
29211,0.1473
29213,0.0671
29215,0.1593
29217,0.0506
29219,0.0249
29221,0.0662
29223,0.0989
29225,0.0760
29227,0.0000
29229,0.1247
29510,0.3972
30001,0.2165
30003,0.0158
30005,0.1615
30007,0.0000
30009,0.2140
30013,0.0955
30015,0.1600
30017,0.1119
30019,0.0000
30021,0.0459
30023,0.0000
30025,0.3210
30027,0.2682
30029,0.1803
30031,0.1340
30035,0.0740
30037,0.2332
30039,0.1591
30041,0.0636
30043,0.2224
30045,0.2726
30047,0.1645
30049,0.0896
30051,0.0876
30053,0.2775
30055,0.0190
30057,0.2057
30059,0.0000
30061,0.1663
30063,0.1082
30065,0.0261
30067,0.1752
30069,0.0000
30071,0.1580
30073,0.0621
30075,0.0071
30077,0.0387
30081,0.1475
30083,0.1071
30085,0.4036
30087,0.1624
30089,0.2339
30091,0.0698
30093,0.1312
30095,0.1516
30097,0.0258
30099,0.3130
30101,0.1165
30103,0.0000
30105,0.0670
30107,0.0481
30109,0.0000
30111,0.0969
31001,0.1178
31003,0.2238
31007,0.0000
31011,0.2769
31013,0.0593
31015,0.1301
31017,0.0000
31019,0.1435
31021,0.1501
31023,0.1689
31025,0.1199
31027,0.2065
31029,0.1041
31031,0.0673
31033,0.2309
31035,0.1779
31037,0.3322
31039,0.1740
31041,0.1459
31043,0.1322
31045,0.0707
31047,0.3406
31049,0.1244
31051,0.2143
31053,0.1077
31055,0.3611
31057,0.1163
31059,0.1094
31063,0.1949
31065,0.1697
31067,0.1448
31069,0.0000
31071,0.0125
31073,0.0000
31077,0.2945
31079,0.1464
31081,0.0492
31083,0.0000
31087,0.0000
31089,0.2962
31093,0.1879
31095,0.0686
31097,0.1520
31099,0.2266
31101,0.1130
31105,0.0000
31107,0.2526
31109,0.1724
31111,0.1153
31113,0.0000
31115,0.0000
31117,0.0000
31119,0.0919
31121,0.0595
31123,0.1219
31125,0.1517
31127,0.0660
31129,0.0000
31131,0.1156
31133,0.1170
31135,0.0000
31137,0.2296
31139,0.1856
31141,0.1188
31143,0.2675
31145,0.1002
31147,0.1171
31149,0.0425
31151,0.1311
31153,0.0904
31155,0.1154
31157,0.1085
31159,0.1638
31161,0.1849
31163,0.0935
31167,0.0000
31169,0.1290
31171,0.0819
31173,0.3947
31175,0.0642
31177,0.0677
31179,0.0914
31181,0.1334
31185,0.0812
32001,0.0255
32003,0.1978
32005,0.0566
32007,0.1041
32009,0.1523
32011,0.0202
32013,0.0208
32015,0.0064
32017,0.2604
32019,0.0535
32021,0.0046
32023,0.0514
32027,0.0072
32029,0.0851
32031,0.1204
32033,0.0431
32510,0.0487
33001,0.1090
33003,0.1838
33005,0.1296
33007,0.1801
33009,0.1583
33011,0.1641
33013,0.1601
33015,0.0886
33017,0.0787
33019,0.2015
34001,0.3931
34003,0.4780
34005,0.3049
34007,0.4495
34009,0.2340
34011,0.2121
34013,0.7100
34015,0.1503
34017,0.4758
34019,0.1051
34021,0.4642
34023,0.2210
34025,0.4180
34027,0.1682
34029,0.2367
34031,0.7044
34033,0.4082
34035,0.4165
34037,0.1121
34039,0.5578
34041,0.1530
35001,0.1486
35003,0.2548
35005,0.1800
35006,0.1152
35007,0.2333
35009,0.1404
35011,0.0000
35013,0.1064
35015,0.1424
35017,0.2134
35019,0.2878
35023,0.3675
35025,0.1370
35027,0.1228
35028,0.0995
35029,0.1056
35031,0.3512
35033,0.0000
35035,0.0647
35037,0.1398
35039,0.4785
35041,0.0640
35043,0.0358
35045,0.1099
35047,0.3557
35049,0.2275
35051,0.0508
35053,0.1154
35055,0.2412
35057,0.1574
35059,0.0499
35061,0.1460
36001,0.5418
36003,0.1718
36007,0.2084
36009,0.2019
36011,0.1448
36013,0.1915
36015,0.1564
36017,0.0902
36019,0.1495
36021,0.2973
36023,0.1128
36025,0.1630
36027,0.3535
36029,0.5798
36031,0.2591
36033,0.1507
36035,0.0872
36037,0.1137
36039,0.1412
36041,0.1881
36043,0.0904
36045,0.0977
36049,0.0892
36051,0.0925
36053,0.0915
36055,0.5160
36057,0.1349
36059,0.6507
36061,0.6412
36063,0.3302
36065,0.3721
36067,0.4892
36069,0.2014
36071,0.2353
36073,0.0888
36075,0.0912
36077,0.1678
36079,0.0362
36083,0.3524
36087,0.4744
36089,0.1220
36091,0.0485
36093,0.3837
36095,0.1134
36097,0.0855
36099,0.0477
36101,0.0984
36103,0.3572
36105,0.1796
36107,0.0910
36109,0.1470
36111,0.1208
36113,0.1181
36115,0.1186
36117,0.1434
36119,0.5260
36121,0.1600
36123,0.0475
37001,0.2207
37003,0.0931
37005,0.1015
37007,0.1164
37009,0.0514
37011,0.2839
37013,0.1280
37015,0.0331
37017,0.1357
37019,0.0521
37021,0.1789
37023,0.1571
37025,0.0621
37027,0.2230
37029,0.0000
37031,0.0993
37033,0.0367
37035,0.1262
37037,0.1281
37039,0.1366
37041,0.0000
37043,0.0000
37045,0.1080
37047,0.1400
37049,0.0880
37051,0.1605
37053,0.0261
37055,0.1436
37057,0.3674
37059,0.0541
37061,0.1724
37063,0.2420
37065,0.1240
37067,0.2655
37069,0.0269
37071,0.1747
37073,0.0016
37075,0.0000
37077,0.1072
37079,0.0000
37081,0.2673
37083,0.4793
37085,0.0494
37087,0.0739
37089,0.0948
37091,0.0151
37093,0.0516
37095,0.1615
37097,0.1924
37099,0.0914
37101,0.0882
37103,0.0708
37105,0.0388
37107,0.3690
37109,0.1296
37111,0.0572
37113,0.0444
37115,0.0532
37117,0.1698
37119,0.3606
37121,0.1103
37123,0.0577
37125,0.1260
37127,0.1738
37129,0.2605
37131,0.0654
37133,0.1144
37135,0.0286
37137,0.0478
37139,0.0580
37141,0.1947
37143,0.0000
37145,0.1357
37147,0.1184
37149,0.0455
37151,0.1745
37153,0.0196
37155,0.1515
37157,0.1443
37159,0.2849
37161,0.1146
37163,0.0840
37165,0.0935
37167,0.2474
37169,0.1366
37171,0.1152
37173,0.1631
37175,0.1153
37177,0.0000
37179,0.2062
37181,0.2238
37183,0.1672
37185,0.0452
37187,0.1374
37189,0.1414
37191,0.2490
37193,0.1688
37195,0.2317
37197,0.0988
37199,0.0973
38001,0.0000
38003,0.0686
38005,0.4684
38009,0.0778
38011,0.2637
38013,0.2175
38015,0.1100
38017,0.0833
38019,0.0713
38021,0.1289
38023,0.0000
38025,0.0112
38027,0.0000
38029,0.2036
38033,0.2847
38035,0.1185
38037,0.0199
38039,0.1891
38041,0.1023
38043,0.1404
38045,0.2294
38047,0.4236
38049,0.2378
38051,0.1366
38053,0.3387
38055,0.3287
38057,0.1210
38059,0.1074
38061,0.1397
38063,0.1407
38065,0.0000
38067,0.2122
38069,0.0117
38071,0.1851
38073,0.0752
38075,0.1458
38077,0.1693
38079,0.4338
38081,0.2731
38083,0.0879
38085,0.0840
38089,0.0737
38093,0.1136
38095,0.0114
38097,0.1697
38099,0.1417
38101,0.1261
38103,0.0590
38105,0.1472
39001,0.1415
39003,0.3028
39005,0.1024
39007,0.1730
39009,0.1113
39011,0.1382
39013,0.1468
39015,0.1393
39017,0.1425
39019,0.1926
39021,0.1184
39023,0.3673
39025,0.0635
39027,0.1136
39029,0.1610
39031,0.1217
39033,0.0778
39035,0.6218
39037,0.1387
39039,0.1667
39041,0.0728
39043,0.3863
39045,0.2730
39047,0.0214
39049,0.3975
39051,0.0917
39053,0.0849
39055,0.1146
39057,0.0819
39059,0.1355
39061,0.5393
39063,0.1115
39065,0.1181
39067,0.0584
39069,0.1074
39071,0.0734
39073,0.0338
39075,0.2301
39077,0.1158
39079,0.1092
39081,0.3406
39083,0.0886
39085,0.2297
39087,0.1431
39089,0.2622
39091,0.1439
39093,0.3192
39095,0.4131
39097,0.1179
39099,0.5719
39101,0.1193
39103,0.0850
39105,0.0700
39107,0.1300
39109,0.1000
39111,0.1851
39113,0.5109
39115,0.0259
39117,0.1892
39119,0.2037
39121,0.0979
39123,0.0831
39125,0.0931
39127,0.1579
39129,0.0635
39131,0.0780
39133,0.1672
39135,0.0863
39137,0.2035
39139,0.3229
39141,0.1236
39143,0.2098
39145,0.2537
39147,0.1442
39149,0.1563
39151,0.3283
39153,0.4267
39155,0.3551
39157,0.0930
39159,0.0545
39161,0.0959
39163,0.0477
39165,0.0566
39167,0.1195
39169,0.1409
39171,0.1286
39173,0.0623
39175,0.1061
40001,0.2710
40003,0.2305
40005,0.2595
40007,0.2137
40009,0.0929
40011,0.1841
40013,0.1072
40015,0.2298
40017,0.0485
40019,0.2354
40021,0.1497
40023,0.2169
40025,0.1645
40027,0.0614
40029,0.1299
40031,0.1252
40033,0.1833
40035,0.0950
40037,0.1488
40039,0.1150
40041,0.1396
40043,0.2590
40045,0.2244
40047,0.1053
40049,0.1810
40051,0.2334
40053,0.1760
40055,0.0725
40057,0.0000
40059,0.0664
40061,0.3497
40063,0.1300
40065,0.1391
40067,0.2547
40069,0.1322
40071,0.1105
40073,0.2841
40075,0.0815
40077,0.1476
40079,0.2027
40081,0.0735
40083,0.1074
40085,0.1199
40087,0.0922
40089,0.2670
40091,0.0363
40093,0.0760
40095,0.0686
40097,0.1818
40099,0.1209
40101,0.2556
40103,0.0691
40105,0.1936
40107,0.1498
40109,0.2911
40111,0.2398
40113,0.2171
40115,0.1475
40117,0.0898
40119,0.0660
40121,0.1565
40123,0.1030
40125,0.1279
40127,0.2948
40129,0.1978
40131,0.0993
40133,0.1639
40135,0.2380
40137,0.1455
40139,0.1561
40141,0.0555
40143,0.3376
40145,0.0680
40147,0.0704
40149,0.1057
40151,0.0719
40153,0.1496
41001,0.1920
41003,0.0725
41005,0.0756
41007,0.0935
41009,0.0560
41011,0.0701
41013,0.1647
41015,0.0669
41017,0.0581
41019,0.1015
41023,0.1366
41025,0.3832
41027,0.1179
41029,0.0735
41031,0.0808
41033,0.0900
41035,0.0775
41037,0.1817
41039,0.0761
41041,0.0454
41043,0.1059
41045,0.2118
41047,0.1002
41049,0.1839
41051,0.2590
41053,0.0649
41055,0.0000
41057,0.0882
41059,0.1042
41061,0.1174
41063,0.1778
41065,0.0766
41067,0.0717
41069,0.0604
41071,0.0710
42001,0.0670
42003,0.4691
42005,0.0789
42007,0.3567
42009,0.1030
42011,0.2665
42013,0.1135
42015,0.0908
42017,0.2037
42019,0.1038
42021,0.3931
42023,0.0000
42025,0.1577
42027,0.1123
42029,0.2090
42031,0.1540
42033,0.1502
42035,0.0746
42037,0.1229
42039,0.2021
42041,0.1129
42043,0.4857
42045,0.5866
42047,0.1225
42049,0.4176
42051,0.2092
42053,0.1116
42055,0.1288
42057,0.1512
42059,0.1178
42061,0.1477
42063,0.1537
42065,0.1296
42067,0.1049
42069,0.1519
42071,0.3042
42073,0.2625
42075,0.1437
42077,0.3288
42079,0.2132
42081,0.2540
42083,0.0907
42085,0.4293
42087,0.0445
42089,0.0901
42091,0.2350
42093,0.0167
42095,0.1843
42097,0.0955
42099,0.1039
42101,0.5311
42103,0.0155
42105,0.2397
42107,0.1211
42109,0.0279
42111,0.1548
42113,0.0514
42115,0.0873
42117,0.1171
42119,0.0302
42121,0.1080
42123,0.0716
42125,0.1961
42127,0.0577
42129,0.2673
42131,0.0607
42133,0.3152
44001,0.0669
44003,0.0745
44005,0.2478
44007,0.3793
44009,0.0606
45001,0.1143
45003,0.0604
45005,0.0291
45007,0.1661
45009,0.2087
45011,0.0291
45013,0.1570
45015,0.1099
45017,0.2159
45019,0.3972
45021,0.1921
45023,0.1119
45025,0.0669
45027,0.2164
45029,0.0376
45031,0.0733
45033,0.1003
45035,0.0717
45037,0.1161
45039,0.0516
45041,0.1164
45043,0.1277
45045,0.1420
45047,0.0617
45049,0.2200
45051,0.1028
45053,0.0328
45055,0.0768
45057,0.1687
45059,0.0705
45061,0.0807
45063,0.1404
45065,0.0110
45067,0.0117
45069,0.1923
45071,0.1462
45073,0.2052
45075,0.2923
45077,0.0875
45079,0.3009
45081,0.0816
45083,0.2140
45087,0.0395
45089,0.1259
45091,0.1268
46003,0.3206
46005,0.0674
46007,0.0000
46009,0.2180
46011,0.0760
46013,0.0954
46015,0.0689
46019,0.1514
46023,0.2633
46025,0.1747
46027,0.0000
46029,0.1434
46031,0.7125
46033,0.1160
46035,0.1002
46037,0.0386
46039,0.0000
46041,0.3908
46043,0.1158
46045,0.1556
46047,0.0403
46049,0.0984
46051,0.2307
46053,0.3551
46055,0.0199
46057,0.1913
46059,0.0108
46061,0.1757
46063,0.0332
46065,0.0416
46067,0.2353
46069,0.0000
46073,0.0655
46075,0.0000
46077,0.2655
46079,0.1070
46081,0.0625
46083,0.0962
46085,0.0000
46087,0.2238
46089,0.2375
46091,0.1745
46093,0.1070
46095,0.0558
46097,0.0127
46099,0.1962
46101,0.1938
46103,0.0791
46107,0.0798
46109,0.2550
46111,0.2341
46115,0.1756
46117,0.0084
46119,0.0695
46121,0.4287
46123,0.1894
46125,0.2468
46127,0.0744
46129,0.1652
46135,0.0669
47001,0.1787
47003,0.1859
47005,0.0580
47007,0.0611
47009,0.1731
47011,0.1348
47013,0.1360
47015,0.1589
47017,0.0374
47019,0.1378
47021,0.0524
47023,0.0066
47025,0.1327
47027,0.0705
47029,0.1574
47031,0.0829
47033,0.0243
47035,0.1658
47037,0.1924
47039,0.0159
47041,0.0605
47043,0.0847
47045,0.1924
47047,0.0989
47049,0.1733
47051,0.0898
47053,0.2619
47055,0.1765
47057,0.0995
47059,0.1775
47061,0.2502
47063,0.1111
47065,0.4276
47067,0.0000
47069,0.2928
47071,0.0548
47073,0.0752
47075,0.0005
47077,0.2047
47079,0.1525
47081,0.0223
47083,0.0411
47085,0.0796
47087,0.0443
47089,0.0716
47091,0.1344
47093,0.2467
47095,0.0043
47097,0.0577
47099,0.1701
47101,0.0001
47103,0.2549
47105,0.1128
47107,0.1133
47109,0.1063
47111,0.1424
47113,0.1683
47115,0.1602
47117,0.1508
47119,0.1289
47121,0.0584
47123,0.1018
47125,0.0936
47127,0.0000
47129,0.2204
47131,0.3194
47133,0.1134
47135,0.0613
47137,0.0000
47139,0.1332
47141,0.0635
47143,0.0808
47145,0.1069
47147,0.3339
47149,0.1112
47151,0.1816
47153,0.0000
47155,0.0675
47157,0.5281
47159,0.1125
47161,0.0325
47163,0.1813
47165,0.1266
47167,0.1375
47169,0.0009
47171,0.0182
47173,0.0979
47175,0.0000
47177,0.1001
47179,0.1779
47181,0.1250
47183,0.0975
47185,0.0762
47187,0.0999
47189,0.1006
48001,0.1844
48003,0.0002
48005,0.2244
48007,0.0000
48009,0.1103
48011,0.0000
48013,0.1647
48015,0.0142
48017,0.0000
48019,0.0812
48021,0.0630
48023,0.0000
48025,0.1396
48027,0.2089
48029,0.2613
48031,0.0971
48033,0.0000
48035,0.1078
48037,0.2501
48039,0.1350
48041,0.1332
48043,0.0372
48045,0.1112
48047,0.0000
48049,0.0943
48051,0.0871
48053,0.0541
48055,0.0282
48057,0.0687
48059,0.0893
48061,0.3346
48063,0.0000
48065,0.1810
48067,0.0860
48069,0.3042
48071,0.0981
48073,0.1092
48075,0.0000
48077,0.0766
48079,0.1471
48081,0.1078
48083,0.0629
48085,0.0807
48087,0.0636
48089,0.1148
48091,0.0731
48093,0.1334
48095,0.1855
48097,0.2931
48099,0.1244
48101,0.0000
48103,0.0000
48105,0.0000
48107,0.1710
48109,0.0000
48111,0.0572
48113,0.3859
48115,0.1982
48117,0.1666
48119,0.0000
48121,0.1498
48123,0.0896
48125,0.1043
48127,0.0000
48129,0.0794
48131,0.0000
48133,0.1098
48135,0.1015
48137,0.2493
48139,0.1133
48141,0.1417
48143,0.0646
48145,0.3871
48147,0.1302
48149,0.0799
48151,0.1496
48153,0.1199
48155,0.0000
48157,0.3376
48159,0.0000
48161,0.0229
48163,0.1642
48165,0.2787
48167,0.2985
48169,0.0794
48171,0.1406
48175,0.0003
48177,0.1430
48179,0.1085
48181,0.1946
48183,0.2393
48185,0.2395
48187,0.0596
48189,0.1010
48191,0.0000
48193,0.1057
48195,0.2126
48197,0.0887
48199,0.1822
48201,0.4596
48203,0.2609
48205,0.1182
48207,0.0835
48209,0.1994
48211,0.0000
48213,0.1172
48215,0.3683
48217,0.2276
48219,0.1464
48221,0.0718
48223,0.0856
48225,0.3027
48227,0.1440
48229,0.3070
48231,0.2659
48233,0.1110
48235,0.0000
48237,0.0981
48239,0.2069
48241,0.2397
48243,0.3150
48245,0.5936
48247,0.0000
48249,0.4168
48251,0.0809
48253,0.2013
48255,0.2276
48257,0.1664
48259,0.1473
48261,0.0000
48263,0.0000
48265,0.1061
48267,0.0000
48271,0.0000
48273,0.2279
48275,0.1001
48277,0.2647
48279,0.1413
48281,0.0411
48283,0.0056
48285,0.1131
48287,0.0869
48289,0.1268
48291,0.1087
48293,0.1126
48295,0.2830
48297,0.0873
48299,0.0303
48303,0.4189
48305,0.1885
48307,0.0970
48309,0.3931
48311,0.0000
48313,0.0980
48315,0.0000
48317,0.0859
48319,0.0000
48321,0.1481
48323,0.3606
48325,0.1231
48327,0.0000
48329,0.1736
48331,0.1041
48333,0.5651
48335,0.1048
48337,0.1375
48339,0.1392
48341,0.1518
48343,0.1024
48345,0.0000
48347,0.2818
48349,0.1876
48351,0.1982
48353,0.1080
48355,0.2514
48357,0.0000
48359,0.2853
48361,0.5835
48363,0.0901
48365,0.0898
48367,0.0656
48369,0.2081
48371,0.1227
48373,0.1441
48375,0.2925
48377,0.1869
48379,0.0045
48381,0.0425
48383,0.0000
48385,0.3324
48387,0.4552
48389,0.0448
48391,0.1721
48393,0.0000
48395,0.4073
48397,0.0442
48399,0.1312
48401,0.0608
48403,0.0208
48405,0.4148
48407,0.0581
48409,0.0770
48411,0.2464
48413,0.0000
48415,0.0602
48417,0.0833
48419,0.0896
48421,0.1292
48423,0.2640
48425,0.1694
48427,0.3561
48429,0.0004
48431,0.0580
48433,0.0000
48435,0.0000
48437,0.1413
48439,0.3325
48441,0.1512
48443,0.0000
48445,0.1364
48447,0.0953
48449,0.2234
48451,0.1266
48453,0.4044
48455,0.0904
48457,0.2439
48459,0.1072
48461,0.1657
48463,0.2116
48465,0.1688
48467,0.0566
48469,0.1419
48471,0.0120
48473,0.2185
48475,0.0131
48477,0.0389
48479,0.4709
48481,0.1536
48483,0.2616
48485,0.2222
48487,0.0488
48489,0.4442
48491,0.1355
48493,0.0613
48495,0.0779
48497,0.0697
48499,0.1029
48501,0.0987
48503,0.0596
48505,0.0000
48507,0.2258
49001,0.1073
49003,0.0826
49005,0.0919
49007,0.1394
49009,0.0842
49011,0.0652
49013,0.1135
49015,0.1937
49017,0.2133
49019,0.0173
49021,0.0967
49023,0.1130
49025,0.0637
49027,0.0802
49029,0.0545
49031,0.0532
49035,0.1612
49037,0.0700
49039,0.1049
49041,0.1246
49043,0.0677
49045,0.0709
49047,0.0730
49049,0.0627
49051,0.0658
49053,0.0566
49055,0.0016
49057,0.1190
50001,0.1759
50003,0.1396
50005,0.2063
50007,0.1837
50009,0.2044
50011,0.1108
50013,0.2174
50015,0.1092
50017,0.2535
50019,0.1867
50021,0.1531
50023,0.1014
50025,0.1665
50027,0.1797
51001,0.0839
51005,0.0855
51007,0.0000
51009,0.0207
51011,0.0000
51013,0.2185
51015,0.0515
51017,0.0685
51021,0.1012
51023,0.0569
51025,0.0390
51027,0.1766
51029,0.0058
51031,0.0482
51033,0.0099
51035,0.0812
51036,0.0000
51037,0.0268
51041,0.1913
51043,0.0065
51045,0.0000
51047,0.0407
51049,0.0000
51051,0.1626
51053,0.0402
51057,0.0000
51059,0.1856
51061,0.0378
51063,0.0692
51065,0.0000
51067,0.0833
51071,0.0448
51073,0.0107
51075,0.0128
51077,0.1192
51079,0.0065
51083,0.0375
51085,0.0386
51087,0.4183
51089,0.0535
51091,0.0000
51093,0.0093
51097,0.0201
51099,0.0082
51101,0.0132
51103,0.0000
51105,0.1881
51107,0.0486
51109,0.0113
51111,0.0015
51113,0.0000
51115,0.0000
51117,0.0163
51119,0.0000
51121,0.0555
51125,0.0239
51127,0.0079
51131,0.0071
51133,0.0000
51135,0.0019
51137,0.0246
51139,0.1210
51141,0.0465
51143,0.0404
51145,0.0166
51147,0.0000
51149,0.0129
51153,0.1870
51155,0.0197
51157,0.0000
51159,0.0000
51161,0.0650
51163,0.0294
51167,0.1403
51169,0.1517
51171,0.0228
51173,0.0948
51175,0.0223
51177,0.0307
51179,0.0468
51181,0.0000
51183,0.0027
51185,0.1049
51187,0.0252
51191,0.0936
51193,0.0771
51195,0.1094
51197,0.1451
51199,0.0531
51510,0.1563
51520,0.0227
51530,0.0111
51540,0.1966
51550,0.2286
51570,0.0411
51580,0.0000
51590,0.0608
51595,0.0005
51610,0.0000
51620,0.0000
51630,0.0000
51640,0.0000
51650,0.1107
51660,0.2017
51670,0.0160
51678,0.0000
51680,0.0515
51683,0.0054
51685,0.0000
51690,0.0578
51700,0.1347
51710,0.2044
51720,0.0000
51730,0.0409
51735,0.0000
51740,0.1763
51750,0.0000
51760,0.3271
51770,0.1798
51775,0.0397
51790,0.0212
51800,0.0710
51810,0.1613
51820,0.0185
51840,0.0994
53001,0.2165
53003,0.0957
53005,0.0634
53007,0.1042
53009,0.0815
53011,0.0874
53013,0.0221
53015,0.0716
53017,0.1192
53019,0.1946
53021,0.1388
53023,0.0000
53025,0.1139
53027,0.1356
53029,0.0608
53031,0.0653
53033,0.2996
53035,0.1000
53037,0.1037
53039,0.1980
53041,0.0997
53043,0.2589
53045,0.0535
53047,0.1851
53049,0.2445
53051,0.1617
53053,0.2025
53055,0.1176
53057,0.0964
53059,0.0654
53061,0.1103
53063,0.0905
53065,0.2101
53067,0.1023
53069,0.0000
53071,0.0903
53073,0.0579
53075,0.1352
53077,0.1546
54001,0.0919
54003,0.0921
54005,0.1594
54007,0.1165
54009,0.0735
54011,0.2407
54013,0.0428
54015,0.1166
54017,0.0000
54019,0.1246
54021,0.0839
54023,0.0913
54025,0.0701
54027,0.1213
54029,0.1096
54031,0.0491
54033,0.1041
54035,0.0979
54037,0.0484
54039,0.2442
54041,0.0323
54043,0.1756
54045,0.0872
54047,0.2395
54049,0.1727
54051,0.0777
54053,0.1211
54055,0.2072
54057,0.1333
54059,0.1908
54061,0.0716
54063,0.0477
54065,0.1033
54067,0.1559
54069,0.1041
54071,0.0551
54073,0.0160
54075,0.1137
54077,0.1635
54079,0.0774
54081,0.2852
54083,0.1461
54085,0.0691
54087,0.1512
54089,0.0284
54091,0.0228
54093,0.0682
54095,0.0554
54097,0.0886
54099,0.1557
54101,0.0690
54103,0.1642
54105,0.0000
54107,0.0709
54109,0.1639
55001,0.0432
55003,0.1056
55005,0.1806
55007,0.2729
55009,0.1813
55011,0.1357
55013,0.0720
55015,0.1526
55017,0.0916
55019,0.1849
55021,0.0954
55023,0.1188
55025,0.2196
55027,0.1208
55029,0.1674
55031,0.0657
55033,0.0925
55035,0.0468
55037,0.0000
55039,0.1262
55041,0.1365
55043,0.1475
55045,0.0905
55047,0.2127
55049,0.1455
55051,0.0540
55053,0.0940
55055,0.0789
55057,0.0952
55059,0.2360
55061,0.1480
55063,0.0809
55065,0.2405
55067,0.1206
55069,0.0908
55071,0.1250
55073,0.1038
55075,0.1490
55077,0.1205
55078,0.0000
55079,0.5650
55081,0.0832
55083,0.1528
55085,0.1020
55087,0.1540
55089,0.0720
55091,0.1064
55093,0.1223
55095,0.1490
55097,0.1120
55099,0.1347
55101,0.2726
55103,0.0761
55105,0.2656
55107,0.1313
55109,0.0416
55111,0.0853
55113,0.0803
55115,0.1178
55117,0.1670
55119,0.1108
55121,0.1736
55123,0.1767
55125,0.1193
55127,0.1124
55129,0.1520
55131,0.0621
55133,0.1351
55135,0.0930
55137,0.1102
55139,0.0787
55141,0.0880
56001,0.1256
56003,0.2553
56005,0.1556
56007,0.1516
56009,0.0837
56011,0.1337
56013,0.1252
56015,0.1073
56017,0.0393
56019,0.0721
56021,0.0945
56023,0.1294
56025,0.1020
56027,0.0090
56029,0.1375
56031,0.0533
56033,0.1714
56035,0.1164
56037,0.0728
56039,0.0568
56041,0.1500
56043,0.1377
56045,0.0841
