id,wb_ses
01001,2.9474
01003,3.1219
01005,3.9085
01007,3.4362
01009,5.8462
01011,5.9289
01013,4.5533
01015,4.6365
01017,4.8246
01019,1.5278
01021,2.6919
01023,4.0782
01025,4.6723
01027,2.9112
01029,0.8291
01031,4.4439
01033,2.9840
01035,7.2446
01037,1.0002
01039,4.9183
01041,3.8286
01043,6.4046
01045,3.0786
01047,5.0634
01049,2.0120
01051,3.3924
01053,2.5178
01055,4.1687
01057,1.5166
01059,4.2417
01061,4.9472
01063,5.7415
01065,4.4857
01067,2.6417
01069,4.0339
01071,1.6380
01073,4.2770
01075,2.6770
01077,3.5384
01079,0.6236
01081,3.2298
01083,2.0844
01085,3.5184
01087,3.7240
01089,3.6698
01091,4.7456
01093,2.6998
01095,3.0868
01097,3.3279
01099,5.1595
01101,3.9230
01103,4.7469
01105,4.5589
01107,6.7634
01109,4.3272
01111,3.5077
01113,2.9563
01115,2.7660
01117,2.3975
01119,5.9778
01121,2.5501
01123,4.9888
01125,3.9655
01127,3.2219
01129,4.2811
01131,5.8561
02013,-1.8587
02020,1.9214
02050,0.8616
02060,-0.6589
02090,1.3185
02110,6.0532
02122,3.5384
02170,1.2788
02180,0.0579
02188,1.8435
02240,-2.0034
02261,0.5313
04001,5.8144
04003,0.1305
04005,0.9184
04007,8.5833
04009,5.6645
04011,8.2155
04012,0.0185
04013,2.8031
04015,2.1702
04017,1.8629
04019,1.4950
04021,2.0575
04025,-1.4399
04027,1.6868
05001,3.8627
05003,3.3653
05007,1.6095
05009,7.6023
05011,5.7866
05013,3.3176
05017,3.8223
05019,3.3305
05025,3.9531
05027,5.8292
05029,2.9825
05031,5.5773
05033,4.6549
05035,5.0811
05037,2.2747
05039,1.4416
05041,6.2585
05043,5.3663
05045,2.4652
05051,3.4172
05053,4.8694
05055,9.0597
05057,3.9635
05059,1.6823
05061,2.3106
05063,-0.9076
05065,9.0228
05067,2.5235
05069,3.9957
05071,1.9197
05073,3.1313
05077,1.6539
05079,4.4981
05081,0.5763
05085,2.8858
05087,-2.2677
05091,3.8438
05093,6.0068
05095,1.7793
05099,2.7145
05103,2.7440
05105,-1.3461
05107,5.8314
05109,6.4953
05111,5.7957
05113,-2.9068
05115,5.2092
05117,5.3007
05119,3.9888
05121,8.1948
05123,2.6129
05125,3.0531
05131,3.2773
05133,-2.3857
05135,5.6156
05139,4.6831
05141,3.0841
05143,1.5203
05145,1.9907
05147,3.9679
05149,9.2149
06001,4.5291
06007,4.1363
06009,1.1294
06011,3.7087
06013,3.3323
06015,3.9074
06017,1.3718
06019,4.9268
06023,1.8074
06025,5.0344
06027,-1.0747
06029,3.0945
06031,-0.8308
06033,4.7257
06035,-0.3657
06037,3.3097
06039,1.8952
06041,5.4376
06043,-1.4824
06045,0.9225
06047,1.5481
06049,7.5399
06053,2.5405
06055,1.8749
06057,1.0529
06059,1.8098
06061,0.6906
06065,1.9580
06067,3.0689
06069,8.7861
06071,2.2576
06073,2.5015
06075,5.2474
06077,2.4946
06079,0.1413
06081,3.4601
06083,2.1584
06085,2.6292
06087,0.0129
06089,0.8036
06093,1.4767
06095,2.5718
06097,2.9901
06099,2.1351
06101,0.0052
06103,-2.0808
06107,2.4117
06109,-0.1406
06111,1.7644
06113,3.1294
06115,0.7806
08001,1.4454
08005,3.4334
08013,2.7312
08015,-1.8238
08025,9.2648
08029,-1.6574
08031,3.8664
08035,1.2365
08037,0.4587
08041,1.2984
08043,-2.0391
08045,4.5600
08059,5.3304
08063,-1.5594
08067,3.2492
08069,1.8131
08071,12.5851
08075,5.7851
08077,2.7113
08085,-1.4766
08087,8.8715
08089,2.4075
08095,-0.0391
08101,2.8651
08107,-0.4277
08117,-0.2184
08119,15.6999
08123,4.6733
09001,4.1305
09003,3.6488
09005,1.0014
09007,1.6132
09009,3.1746
09011,2.2686
09013,2.4605
09015,3.9365
10001,2.9614
10003,3.1199
10005,4.4947
11001,7.0823
12001,3.6441
12003,1.6674
12005,2.7709
12007,0.9079
12009,2.2007
12011,2.7790
12013,2.1003
12015,1.4272
12017,2.7472
12019,1.2286
12021,3.2136
12023,2.2252
12027,3.2093
12029,2.2829
12031,2.8612
12033,4.0031
12035,1.2825
12037,5.7244
12039,3.0024
12041,0.0089
12043,1.3099
12045,3.9475
12047,2.2643
12049,3.9814
12051,4.3921
12053,2.2111
12055,2.6209
12057,3.5694
12059,4.7177
12061,3.8510
12063,3.5719
12065,3.5305
12067,8.2254
12069,2.8201
12071,3.6287
12073,4.1270
12075,4.1676
12077,5.6213
12079,3.9771
12081,3.3832
12083,3.0686
12085,3.1428
12086,3.8008
12087,1.9323
12089,2.6156
12091,2.3323
12093,2.5357
12095,2.8002
12097,1.3897
12099,3.0435
12101,0.5170
12103,2.9987
12105,2.6765
12107,3.1189
12109,3.6679
12111,2.2399
12113,2.4369
12115,4.1669
12117,2.8921
12119,2.5008
12121,3.1196
12123,4.5075
12125,5.8896
12127,3.1716
12129,1.1952
12131,4.0379
12133,3.3962
13001,2.8579
13003,4.2633
13005,3.0574
13007,3.0863
13009,3.1972
13011,3.9332
13013,2.9674
13015,1.1913
13017,2.6976
13019,6.5674
13021,4.6782
13023,5.0419
13025,4.9555
13027,3.9259
13029,1.5807
13031,3.4781
13033,3.8696
13035,4.2344
13037,4.7196
13039,3.0997
13043,0.4861
13045,2.8680
13047,1.5579
13049,2.9146
13051,3.2387
13053,2.5820
13055,-0.1360
13057,2.1523
13059,5.3068
13061,7.0304
13063,0.9100
13065,2.7790
13067,2.8802
13069,1.5453
13071,4.2227
13073,1.2908
13075,5.5897
13077,3.3373
13079,3.3998
13081,3.6894
13083,-3.2736
13087,2.8540
13089,3.9924
13091,3.2264
13093,5.2609
13095,4.2789
13097,1.2331
13099,5.7950
13101,10.5134
13103,2.9068
13105,2.5594
13107,4.9787
13109,3.3881
13111,0.1740
13113,0.7960
13115,3.6103
13117,0.9991
13119,5.0716
13121,5.8082
13125,2.0771
13127,4.1021
13129,3.2709
13131,6.4961
13133,5.6457
13135,2.0296
13137,0.7904
13139,2.9840
13141,3.2379
13143,7.4696
13145,1.9351
13147,4.8888
13149,0.8359
13151,1.3831
13153,2.9477
13155,1.9688
13157,4.3098
13159,2.4570
13161,2.3672
13163,4.2026
13165,4.7700
13167,5.3273
13169,1.2804
13171,1.7399
13173,3.4688
13175,4.2057
13177,3.0614
13179,1.8852
13181,3.5721
13183,2.3325
13185,4.1373
13187,4.1450
13189,3.3023
13191,2.0897
13193,2.4890
13195,0.9640
13197,2.9982
13199,4.1819
13201,4.0613
13205,4.3545
13207,2.6564
13209,3.1427
13211,3.2657
13213,1.0494
13215,3.5393
13217,2.0711
13219,1.6856
13221,-0.6164
13223,1.2527
13225,3.7711
13227,1.7494
13229,2.9030
13231,4.2344
13233,3.4751
13235,1.6027
13237,2.7841
13239,2.3958
13241,-2.3033
13243,6.4186
13245,2.5394
13247,1.6932
13249,2.4152
13251,2.6933
13253,4.5623
13255,3.6713
13257,2.2888
13259,5.8390
13261,4.8429
13263,3.0734
13267,1.5243
13269,3.5780
13271,2.6527
13273,6.9910
13275,4.3784
13277,5.0316
13279,3.5153
13281,12.3718
13283,2.8475
13285,3.8360
13287,5.2595
13289,2.1535
13293,3.2038
13295,3.0788
13297,3.5696
13299,4.2503
13301,3.6926
13303,4.0384
13305,3.8723
13309,3.6298
13311,0.0883
13313,2.4163
13315,5.6069
13317,3.8380
13319,2.4615
13321,4.2773
15003,0.3315
16001,2.3175
16005,3.3851
16007,-2.7603
16009,-2.5960
16011,-1.2605
16013,9.0739
16017,1.6192
16019,7.0231
16027,2.2282
16031,1.5846
16035,-2.2517
16039,-1.2492
16041,-1.3724
16051,-2.0201
16055,-1.0763
16057,2.2091
16065,1.1288
16069,-3.2700
16077,5.4506
16083,4.3609
17001,6.2456
17003,3.2945
17005,4.8599
17007,2.1474
17011,2.1863
17017,4.0694
17019,5.6338
17021,4.7637
17023,15.3569
17025,-2.5299
17027,5.4225
17029,5.3776
17031,4.8338
17033,5.9050
17037,5.5991
17039,9.5142
17043,4.1656
17045,-1.7444
17047,1.6340
17051,-2.4572
17053,1.3141
17055,6.7917
17057,4.3980
17063,-0.7780
17065,4.6598
17067,12.4864
17073,4.1680
17075,9.4888
17077,4.2217
17081,5.2683
17083,-1.3504
17085,2.4403
17089,5.3444
17091,4.3362
17093,1.3227
17095,2.4041
17097,3.7072
17099,7.2080
17101,1.5976
17103,5.2836
17107,1.9420
17109,5.4848
17111,1.1488
17113,3.7780
17115,3.9236
17117,1.7193
17119,3.8556
17121,1.3711
17127,2.4156
17129,-0.9718
17131,1.9074
17133,-2.3122
17137,6.8694
17141,3.8501
17143,4.3285
17145,2.0016
17149,1.0592
17151,7.4934
17153,2.4037
17155,1.2961
17157,-0.1377
17159,0.6522
17161,4.1344
17163,4.3313
17165,3.3909
17167,5.2056
17169,21.4932
17173,0.3915
17177,2.5946
17179,-1.6524
17181,-2.5065
17183,5.5257
17185,-1.4675
17187,4.9305
17191,3.0692
17195,2.4120
17197,2.6912
17199,3.4927
17201,5.1590
17203,0.7841
18001,4.8289
18003,3.7780
18005,-0.7018
18007,-1.5586
18009,-3.1259
18011,8.7575
18013,-1.9536
18017,1.4459
18019,2.6268
18023,1.1182
18027,-0.8383
18029,1.0803
18031,17.2766
18033,0.3283
18035,4.8302
18037,6.7808
18039,3.9594
18041,0.1450
18043,3.3300
18049,-1.0659
18051,4.8346
18053,3.2782
18055,-3.5990
18057,1.2911
18059,3.1039
18063,1.3464
18065,0.7983
18067,3.0062
18071,3.4579
18073,2.2054
18075,-1.9703
18077,-1.6892
18079,0.1608
18081,3.4798
18083,1.3376
18085,-0.0071
18087,2.6035
18089,4.6359
18091,3.4128
18093,0.6553
18095,2.6380
18097,3.2031
18099,6.3639
18103,7.9655
18105,4.3528
18107,-1.5955
18109,-1.9328
18111,-1.9698
18115,2.7006
18117,7.2911
18119,9.0533
18125,4.4108
18127,3.2487
18129,6.8074
18133,1.9926
18135,4.4246
18137,-2.7818
18139,2.6634
18141,4.1313
18143,6.4612
18145,2.4219
18149,-1.9278
18151,1.4555
18153,8.9349
18157,4.9069
18163,4.1091
18167,4.3865
18169,2.8781
18175,12.3066
18177,3.0723
18179,-0.0800
18183,10.5547
19007,-0.2897
19011,-2.8629
19013,5.4390
19015,8.7983
19017,-0.6998
19019,2.1854
19021,-0.3648
19023,3.9351
19031,-1.9318
19033,4.5451
19041,-1.9720
19043,4.0364
19045,6.7031
19047,0.3042
19049,1.3991
19053,10.5843
19057,7.2694
19061,6.8694
19063,3.1101
19065,10.4014
19067,2.7556
19071,-3.5529
19075,-0.6855
19077,9.4155
19079,-1.2108
19083,-2.9925
19087,-3.4135
19097,4.7984
19099,2.7065
19101,-2.1312
19103,6.0320
19105,2.9051
19109,4.3537
19111,3.2372
19113,5.1668
19115,5.4304
19119,-0.8092
19121,6.5518
19123,8.7829
19125,1.0442
19127,-0.1115
19129,-1.7262
19131,-2.7268
19137,-2.6828
19139,0.1292
19141,-1.0871
19145,-1.8885
19149,-0.5491
19153,3.9949
19155,3.7533
19157,-2.4741
19161,4.4494
19163,4.7403
19169,1.9761
19171,-1.7147
19173,-2.3817
19175,7.0819
19179,4.6136
19181,4.2753
19183,-1.2694
19187,5.9693
19191,1.5002
19193,1.4823
20001,1.1527
20005,5.1473
20009,3.5023
20011,8.0678
20013,-1.5508
20015,-1.0474
20019,1.9952
20021,7.8603
20027,-1.4921
20029,8.8065
20031,9.2406
20035,2.0740
20037,4.9241
20041,5.2942
20043,5.5121
20045,2.4901
20047,-1.3648
20051,0.2224
20053,-1.2515
20055,1.6635
20057,-0.6491
20059,2.4208
20061,0.5564
20065,3.3514
20079,4.3174
20081,-1.1977
20085,2.6370
20087,1.0453
20091,2.7062
20099,9.2418
20103,1.5739
20111,2.3435
20113,0.8825
20115,9.8749
20117,-1.2952
20121,-1.5648
20125,3.7838
20127,3.6410
20129,-1.0129
20131,1.7269
20133,-1.2072
20137,0.1390
20139,5.4081
20145,-1.3134
20149,-0.2329
20151,3.8637
20153,-3.7190
20155,6.2607
20161,1.6718
20163,-2.1775
20169,4.9733
20173,3.8356
20175,0.9805
20177,3.3388
20179,9.7043
20185,9.1245
20191,10.9823
20203,-1.5897
20209,3.6549
21001,3.5791
21003,4.8024
21005,-2.2592
21007,6.4229
21009,1.8532
21011,7.8671
21013,-0.6854
21015,1.8135
21017,1.2267
21019,0.2240
21021,1.8953
21027,1.4740
21029,4.8407
21033,3.8680
21035,0.8629
21037,4.6206
21041,4.4727
21047,3.6083
21049,1.9700
21051,2.4034
21057,0.6823
21059,3.3291
21065,7.3760
21067,4.1340
21069,1.4514
21071,2.7692
21073,0.1749
21075,1.1334
21079,2.3203
21081,1.1824
21083,5.9664
21085,7.8378
21087,0.1809
21089,-3.0826
21091,-2.9780
21093,2.0637
21095,4.2542
21097,1.7858
21099,-1.0988
21101,3.3701
21103,4.6084
21105,0.2157
21107,4.0465
21111,4.0147
21113,2.2631
21117,4.9740
21119,-5.7639
21121,-1.3977
21123,1.7674
21125,2.8539
21133,1.4715
21137,0.4633
21139,8.1496
21141,3.9087
21143,-2.9167
21145,3.0375
21147,6.3385
21149,-0.9936
21151,3.3660
21155,2.6056
21157,-1.6833
21161,3.2474
21163,7.6933
21167,1.2839
21169,-1.7358
21171,0.9119
21173,-3.3530
21175,-3.1248
21177,4.0691
21179,5.2028
21181,-1.5483
21183,4.5221
21185,3.8743
21187,-1.6832
21191,-2.9300
21193,4.7712
21197,-4.3420
21199,-0.6976
21203,7.3617
21205,8.2008
21209,3.9325
21211,4.9449
21213,3.5110
21215,-0.8251
21217,3.3391
21219,0.9916
21221,1.7465
21223,3.5609
21225,1.3170
21227,3.5093
21229,2.9887
21231,-0.6785
21233,3.0992
21239,3.1950
22001,5.5730
22003,1.9850
22005,3.6524
22007,3.4853
22009,3.9875
22011,3.8108
22013,6.2947
22015,4.9447
22017,4.1879
22019,2.9622
22021,2.2681
22023,5.2380
22025,5.6681
22027,5.5366
22029,5.5885
22031,4.9342
22033,4.3296
22035,1.9809
22037,3.7453
22039,4.1218
22041,5.8308
22043,4.7223
22045,2.9344
22047,1.3298
22049,2.0351
22051,3.1037
22053,3.3360
22055,4.7677
22057,3.6604
22059,5.2552
22061,4.5319
22063,4.4069
22065,4.8460
22067,3.7803
22069,4.4135
22071,5.6246
22073,4.6310
22075,1.8227
22077,5.0439
22079,2.6108
22081,1.7054
22083,4.2585
22085,3.6686
22087,3.1927
22089,3.8907
22091,3.5171
22093,4.5955
22095,1.6112
22097,2.7688
22099,3.9474
22101,3.0747
22103,1.7286
22105,5.3844
22107,1.3694
22109,3.4483
22111,4.1490
22113,4.2932
22115,0.5271
22117,3.0860
22119,4.7497
22121,2.2933
22123,2.8264
22125,3.7552
22127,3.4481
23001,5.7436
23003,0.1071
23005,5.6688
23007,-3.9838
23009,-2.9319
23011,3.2931
23013,5.4090
23015,1.9828
23017,3.4476
23019,1.7133
23023,2.0178
23025,2.3651
23027,0.1569
23029,-4.1848
23031,-0.8339
24001,-0.2167
24003,2.0824
24005,1.8189
24009,1.5735
24011,1.9111
24013,0.1225
24015,1.9741
24017,0.9369
24019,4.0696
24021,2.4562
24025,1.4302
24027,2.0222
24029,2.9861
24031,3.1688
24033,1.3458
24035,5.8174
24037,2.8139
24039,2.8053
24041,2.7335
24043,1.8975
24045,3.4560
24047,4.5017
24510,3.1271
25001,2.8623
25003,3.2173
25005,2.4202
25009,3.1314
25011,3.0292
25013,3.2615
25015,3.3530
25017,3.1052
25019,-0.8223
25021,2.4675
25023,2.1601
25025,3.5574
25027,2.3342
26005,1.1708
26007,7.0065
26009,-2.7049
26011,-0.5930
26013,-1.8264
26015,1.9304
26017,3.8359
26019,8.6846
26021,5.6361
26023,4.9518
26025,3.7465
26027,3.5784
26029,1.8045
26031,8.8298
26033,-1.2377
26035,-1.0448
26037,-0.0930
26041,3.4837
26043,8.7540
26045,1.6031
26047,5.5051
26049,4.2442
26051,6.4831
26053,-2.9324
26055,5.0095
26057,6.5265
26059,-1.9873
26061,4.1683
26063,12.3350
26065,3.4366
26067,-2.6864
26069,5.4614
26071,5.0413
26073,2.9201
26075,3.1652
26077,4.7990
26081,5.3645
26085,-0.0518
26087,-0.7183
26091,3.0411
26093,0.4551
26095,1.5995
26097,-2.1863
26099,3.4340
26103,2.4860
26105,-1.7228
26107,7.9817
26109,3.1934
26111,4.3123
26113,10.8172
26115,1.4227
26117,0.0703
26121,3.8405
26123,4.2618
26125,2.8964
26127,-0.3803
26131,-2.9195
26133,4.1597
26139,3.3462
26143,0.8497
26145,5.4706
26147,3.0826
26149,0.5467
26151,4.4791
26153,-2.7675
26155,6.7332
26157,-0.7317
26159,4.1039
26161,3.6971
26163,4.6072
26165,2.7538
27003,3.1391
27005,3.5102
27007,1.9545
27009,12.1052
27013,7.5295
27015,3.3096
27017,-1.6974
27019,1.4739
27021,-3.0359
27023,6.2543
27025,5.0292
27027,2.6053
27029,-0.3421
27033,-1.2816
27035,2.8963
27037,3.5705
27039,4.0169
27041,5.2741
27043,4.8232
27047,4.8978
27049,5.5159
27051,2.6225
27053,5.9764
27057,-1.7271
27059,-0.6036
27061,-1.7578
27065,1.5433
27067,10.7573
27069,-0.6863
27073,-1.3261
27077,1.5177
27079,0.0265
27081,-0.9604
27083,1.0677
27085,2.1057
27087,-1.4224
27091,0.4461
27093,5.4820
27095,-1.4884
27099,5.4912
27101,-1.1890
27103,0.9624
27105,1.5131
27107,-1.0535
27109,5.4189
27111,3.9159
27113,9.9980
27115,1.3140
27119,2.5893
27121,-0.3400
27123,5.3718
27127,7.3809
27131,5.1774
27133,9.7262
27135,-1.3429
27137,6.2998
27139,4.6479
27141,0.2279
27143,-1.4344
27145,5.8260
27147,4.4721
27151,3.2032
27153,3.6221
27157,5.1492
27159,-0.4530
27161,-1.0391
27163,0.9501
27165,0.1479
27167,-1.5946
27169,5.1341
27171,2.1341
27173,11.3910
28001,4.6434
28003,3.9362
28005,1.3694
28007,3.8591
28009,2.5001
28011,7.0066
28013,2.9731
28015,6.3830
28017,3.6487
28019,7.2467
28021,3.9280
28023,4.2952
28025,3.9403
28027,3.5711
28029,3.1572
28031,1.7929
28033,2.7723
28035,5.0463
28037,6.2075
28039,3.7153
28041,4.1956
28043,5.2941
28045,4.4226
28047,2.3531
28049,4.0470
28051,3.0329
28053,6.3031
28057,5.0435
28059,4.2576
28061,2.8390
28065,4.1963
28067,3.1075
28069,5.5173
28071,3.7986
28073,3.5384
28075,4.7844
28077,3.6322
28079,2.4856
28081,4.4135
28083,5.8835
28085,3.8893
28087,5.0554
28089,3.9078
28091,3.1267
28093,2.8520
28095,5.4719
28097,4.6748
28099,2.5427
28101,4.2429
28103,6.3750
28105,3.2189
28107,4.9654
28109,3.0914
28111,5.0297
28113,4.5706
28115,1.2714
28117,4.1275
28119,1.1777
28121,3.0926
28123,1.8288
28125,4.1761
28127,3.7551
28129,4.8321
28131,5.5576
28133,3.6733
28135,5.8372
28137,3.2711
28139,2.4755
28141,-0.7341
28143,1.0936
28145,0.9702
28147,2.4160
28149,3.5062
28151,4.2910
28153,3.6029
28155,4.3655
28157,2.9592
28159,4.1402
28161,3.6077
28163,5.4876
29001,-2.2503
29003,3.1133
29007,5.4855
29009,4.4556
29011,8.8374
29019,5.6088
29021,3.5985
29023,1.4521
29025,1.0498
29027,0.2208
29029,-2.0017
29031,5.2337
29033,3.4689
29037,1.1038
29041,4.0971
29043,1.2456
29047,2.8278
29049,-1.6386
29051,4.6438
29053,3.8003
29055,-3.2213
29057,-3.5019
29061,-4.3205
29063,-0.9239
29069,4.2395
29071,0.1181
29075,8.0065
29077,3.8902
29079,-2.2547
29083,7.5710
29089,3.0817
29091,-2.9343
29093,4.8159
29095,4.0564
29097,2.8367
29099,3.5172
29101,0.0084
29105,-1.6467
29107,1.5714
29111,2.7587
29113,1.8790
29115,2.7388
29117,8.8055
29121,2.7510
29125,4.0431
29127,4.3248
29133,6.2841
29137,4.0529
29139,-2.7563
29141,-1.5961
29143,4.0596
29145,-0.4038
29147,0.5578
29151,-1.3038
29155,6.1315
29159,3.2864
29161,0.1201
29163,-0.2387
29165,2.3585
29169,0.5248
29175,5.2880
29177,-0.3727
29179,2.4819
29183,2.2112
29185,-1.3880
29186,2.5903
29187,-0.4656
29189,4.3266
29195,3.5720
29201,4.8555
29207,0.0633
29211,-4.7912
29213,3.3302
29215,0.9092
29217,-3.1850
29219,7.5064
29221,3.1412
29225,4.3923
29229,-2.6576
29510,4.9936
30013,0.8546
30023,5.5978
30031,1.6852
30041,9.9635
30047,-1.7863
30049,-1.1469
30053,-3.0617
30063,4.2769
30077,-2.4478
30087,3.2531
30093,-2.3283
30095,-1.0159
30111,0.0001
31001,2.7715
31003,3.3977
31013,-1.5262
31019,0.1246
31021,9.3166
31023,10.1078
31025,-0.7317
31037,16.6022
31039,-1.3099
31043,-1.8705
31047,-2.1019
31055,5.1813
31067,8.8944
31079,5.5430
31081,4.9041
31089,-2.5851
31093,13.9175
31097,-1.2080
31099,-1.2076
31109,4.6418
31119,-0.7620
31121,11.5059
31137,1.1730
31141,-1.3266
31153,2.1699
31157,6.3101
31159,0.4385
31169,9.6882
31173,16.9735
31177,8.9639
31185,-0.2596
32001,1.0766
32003,2.8495
32005,-0.9312
32007,5.5430
32015,-0.6138
32017,-1.3887
32019,0.6796
32023,-1.8720
32031,4.7441
32510,5.7760
33001,-1.8959
33005,-1.2164
33007,4.6506
33009,2.1180
33011,3.6812
33013,4.5638
33015,0.3537
33017,1.9642
33019,8.5490
34001,3.3330
34003,1.9925
34005,1.9004
34007,3.3270
34009,3.5197
34011,2.8935
34013,4.6024
34015,2.1192
34017,3.1183
34019,-0.2798
34021,3.8895
34023,1.9988
34025,3.1049
34027,2.4649
34029,3.0810
34031,3.7867
34033,4.3408
34035,1.6997
34037,3.0056
34039,2.6639
34041,0.8497
35001,2.9017
35005,-0.4003
35007,3.9762
35009,3.2964
35013,1.1234
35015,-0.6773
35017,-1.6186
35025,6.4456
35028,-1.9615
35029,3.9482
35031,-2.3118
35035,-0.7686
35039,-0.0073
35041,7.0610
35043,0.4374
35045,4.1369
35047,2.3806
35049,-0.3890
35051,-4.0403
35053,-0.6818
35057,0.7391
35059,1.1092
35061,3.7114
36001,4.5168
36003,3.9355
36007,2.7215
36009,1.0511
36011,4.4102
36013,2.0478
36015,1.2050
36017,1.3234
36019,1.8607
36021,2.4100
36023,-1.0589
36025,2.0860
36027,3.2026
36029,4.9181
36031,-1.9789
36033,4.4885
36035,2.7579
36037,3.5254
36039,0.7508
36043,2.9187
36045,0.8562
36049,-0.5297
36051,5.1916
36053,-1.5627
36055,4.7507
36057,2.2481
36059,1.9838
36061,3.3847
36063,3.6021
36065,4.4606
36067,4.6406
36069,3.6460
36071,1.7052
36073,5.7883
36075,0.1924
36077,1.6182
36079,0.9062
36083,5.2501
36087,2.0038
36089,0.7621
36091,2.3627
36093,3.4762
36095,0.9814
36097,4.0028
36099,-1.2274
36101,1.6475
36103,2.1593
36105,3.5567
36107,0.9957
36109,2.6964
36111,3.1579
36113,7.0022
36115,-0.1446
36117,4.1326
36119,3.7026
36121,7.9336
36123,4.7050
37001,4.5443
37003,4.7573
37005,-2.9851
37007,4.3050
37009,-2.7804
37013,4.2182
37015,4.3606
37017,4.5866
37019,2.9997
37021,4.6442
37023,2.2202
37025,3.5795
37027,5.5743
37029,2.7211
37031,4.2586
37033,1.7385
37035,3.3219
37037,4.9317
37039,1.3641
37041,3.3815
37043,-0.9822
37045,3.7679
37047,4.5100
37049,3.8449
37051,2.2739
37053,2.0329
37055,5.5123
37057,4.7003
37059,4.2468
37061,3.6359
37063,3.9880
37065,3.4019
37067,3.6484
37069,2.0383
37071,3.1763
37073,3.0677
37077,1.9727
37079,3.6594
37081,3.7675
37083,3.3879
37085,2.9123
37087,1.1453
37089,2.6579
37091,2.7870
37093,2.7418
37095,4.7564
37097,3.7267
37099,-0.1279
37101,2.5240
37103,3.0335
37105,4.0796
37107,3.7083
37109,4.2340
37111,-0.4213
37113,8.4724
37115,0.5925
37117,3.5002
37119,3.6602
37123,2.6935
37125,3.8873
37127,3.8790
37129,5.7435
37131,1.0423
37133,2.0647
37135,4.6316
37137,4.0248
37139,2.9826
37141,3.7201
37143,6.7495
37145,2.5890
37147,4.2467
37149,0.3845
37151,2.5327
37153,3.9209
37155,3.4173
37157,3.0996
37159,3.0463
37161,4.3652
37163,3.4526
37165,3.3414
37167,3.8832
37169,0.2861
37171,3.5843
37173,3.5331
37175,8.1788
37177,6.8638
37179,2.8606
37181,3.2108
37183,3.3238
37185,2.8011
37187,4.6388
37189,0.7568
37191,3.2609
37193,2.9855
37195,4.5830
37197,2.4564
37199,8.5446
38005,8.4432
38015,-0.7854
38017,4.8275
38021,8.9969
38035,2.6507
38037,10.5155
38045,10.5869
38051,20.7857
38057,10.4316
38089,-1.7922
38099,9.9142
38101,0.6033
38103,-0.7823
39003,4.7158
39005,-1.1513
39007,3.2568
39009,0.4934
39011,7.6343
39013,1.9924
39015,2.9172
39017,2.5540
39019,5.2958
39021,2.8692
39023,2.7662
39025,1.7069
39027,1.3800
39029,1.1250
39031,-1.3571
39033,-0.1210
39035,4.7357
39037,1.0422
39039,0.6422
39041,2.1697
39043,3.6030
39045,-0.4698
39047,1.3809
39049,4.1785
39051,2.4910
39053,5.2642
39055,4.5043
39057,3.0215
39059,2.9011
39061,4.9426
39063,3.3799
39065,1.3952
39067,2.9919
39069,-1.1150
39071,6.4717
39073,-0.5996
39077,3.2947
39079,0.7411
39081,3.2027
39083,5.9145
39085,4.0215
39087,0.3676
39089,2.1565
39091,1.9565
39093,4.8045
39095,5.0730
39097,6.1907
39099,4.8464
39101,2.0012
39103,6.6356
39105,5.6531
39107,5.1639
39109,1.7324
39113,3.6311
39115,2.2385
39117,3.8949
39119,2.2467
39123,1.7444
39125,3.0795
39129,-0.7132
39131,-0.9222
39133,1.8555
39135,9.8300
39137,10.1764
39139,2.4307
39141,0.7178
39143,1.3082
39145,5.1156
39147,8.0037
39149,0.0596
39151,4.6413
39153,4.0743
39155,3.9197
39157,1.9721
39159,-1.5794
39161,6.4893
39165,1.2574
39167,4.7007
39169,6.6119
39171,-1.0497
39173,3.3982
40001,5.3335
40003,-0.9622
40005,6.5851
40009,0.8148
40011,0.9675
40013,2.1097
40015,1.1214
40017,2.6666
40019,3.4994
40021,6.0648
40023,4.5380
40027,1.3782
40031,2.6469
40033,7.3563
40035,2.9755
40037,5.5898
40039,3.9025
40041,3.9477
40047,-0.1959
40049,3.6689
40051,1.8506
40057,2.0961
40061,0.8820
40063,3.2847
40065,3.2700
40067,-3.4816
40069,-3.7789
40071,1.7573
40073,7.8304
40075,5.9789
40079,-0.2694
40081,1.0045
40083,2.3656
40085,5.5827
40089,3.7029
40091,1.5327
40095,-0.6531
40097,3.1958
40099,0.2648
40101,2.9229
40105,2.3921
40107,-0.1448
40109,3.6045
40111,2.2225
40113,0.4609
40115,4.0180
40119,2.3020
40121,3.5381
40123,3.6274
40125,4.2233
40129,-0.8139
40131,3.8993
40133,2.0413
40135,0.3596
40137,4.3604
40139,-1.1469
40141,8.4237
40143,4.3346
40145,3.2918
40147,4.7836
40149,-0.4232
40151,9.9915
41001,-2.4277
41003,5.7263
41005,3.3561
41007,-0.4632
41009,-1.1672
41011,7.4188
41017,1.2796
41019,0.0728
41025,-2.8813
41027,-1.6482
41029,0.2155
41031,4.2211
41033,6.7634
41035,-1.2747
41039,-1.1396
41041,-3.6675
41043,2.4534
41045,2.2381
41047,3.0666
41051,4.7566
41053,-1.4177
41057,1.6067
41059,-1.0116
41061,-3.1995
41065,1.4702
41067,1.6940
41071,-2.6646
42001,3.3385
42003,4.5711
42005,2.5187
42007,4.8202
42009,-1.2899
42011,2.9565
42013,5.0930
42015,1.6334
42017,3.7786
42019,0.9544
42021,4.2637
42023,-0.2567
42025,-0.8014
42027,4.3836
42029,3.3922
42031,2.1368
42033,-0.1285
42035,-1.6666
42037,5.3430
42039,3.5143
42041,1.9033
42043,4.3208
42045,4.1461
42049,4.2718
42051,3.8655
42055,1.9071
42057,7.5969
42059,-1.7459
42061,5.4932
42063,2.6103
42065,-1.0418
42067,-0.2785
42069,5.7965
42071,3.9151
42073,4.1143
42075,1.5591
42077,3.1919
42079,4.9610
42081,3.3736
42083,4.0693
42085,3.1090
42087,3.7795
42089,0.8028
42091,2.8840
42093,-3.0069
42095,1.9763
42097,3.5694
42099,-1.1685
42101,3.5078
42103,3.8319
42105,0.5959
42107,4.7782
42109,1.4901
42115,3.2119
42117,5.4817
42119,4.0372
42121,5.6786
42123,-0.2280
42125,3.5883
42127,-1.4938
42129,4.4511
42131,-0.3110
42133,2.6246
44003,0.9451
44005,2.4360
44007,2.7900
44009,3.4254
45001,3.6018
45003,3.3147
45005,7.7827
45007,3.9871
45009,5.3048
45011,4.9894
45013,4.1363
45015,2.3449
45017,2.4842
45019,4.8465
45021,3.2169
45023,3.0249
45025,4.6327
45027,2.5924
45029,2.9499
45031,3.2922
45033,4.0917
45035,3.1807
45037,3.6941
45039,2.0763
45041,4.4843
45043,3.8155
45045,4.0687
45047,4.6886
45049,2.3379
45051,4.1292
45053,0.7614
45055,2.6185
45057,3.2625
45059,3.2511
45061,4.0121
45063,3.2021
45065,6.1227
45067,4.1643
45069,3.4190
45071,4.1469
45073,3.3959
45075,3.1289
45077,1.9093
45079,3.8361
45081,4.3863
45083,3.5098
45087,1.7314
45089,4.1984
45091,3.4768
46005,-0.7581
46009,0.7131
46011,-1.9814
46019,-1.3918
46023,13.8938
46031,5.5864
46035,1.5854
46053,0.1902
46057,0.9887
46065,6.9512
46067,-2.1616
46079,-1.1185
46083,2.8165
46099,5.2402
46103,1.0199
46109,2.1142
46115,8.0446
46127,-1.6057
46135,-0.2620
46137,10.4598
47001,3.0220
47003,4.8619
47005,2.6983
47009,2.4536
47011,3.3070
47013,-2.9973
47017,4.0617
47019,2.2091
47021,1.3128
47023,5.4181
47025,3.4650
47029,4.0457
47031,1.1219
47033,3.1692
47035,0.3905
47037,3.3951
47039,6.0080
47041,-1.3414
47043,4.5278
47045,4.1315
47047,2.3183
47051,3.1874
47053,5.3671
47055,2.0935
47059,3.6757
47061,-4.4618
47063,2.2120
47065,4.5708
47069,3.9267
47071,1.4736
47073,8.2934
47075,1.3570
47077,1.9393
47079,3.8253
47081,8.5244
47083,5.4881
47085,5.2629
47089,0.4220
47091,-3.4275
47093,3.9497
47095,1.8105
47097,5.3921
47099,1.6751
47101,5.9777
47103,3.1766
47105,3.7369
47107,0.1207
47109,2.2786
47111,7.4431
47113,4.5537
47115,1.8118
47117,4.6791
47119,2.8034
47123,2.9571
47125,2.0794
47127,3.4522
47131,3.1385
47133,10.7634
47135,0.8654
47141,1.6962
47143,-1.4167
47145,4.9778
47147,5.8569
47149,2.2267
47155,2.3566
47157,4.7137
47159,0.0941
47161,4.5480
47163,2.2048
47165,1.7832
47167,4.6633
47169,4.2964
47171,-3.4286
47175,-3.5175
47177,-0.8862
47179,3.0499
47181,0.7313
47183,5.2284
47185,0.5337
47187,2.3835
47189,1.1209
48001,2.9009
48003,2.5619
48005,3.2381
48007,3.4953
48009,-1.8554
48011,-0.7073
48013,-1.6193
48015,3.9453
48017,-0.6759
48019,-2.5116
48021,1.2986
48025,0.3390
48027,1.5096
48029,2.8774
48031,6.2960
48035,5.4910
48037,3.4743
48039,1.1063
48041,5.2152
48043,-1.0724
48045,6.8752
48049,3.0150
48051,2.7713
48053,1.1342
48055,4.4798
48057,-0.9241
48059,-1.6438
48061,0.1898
48063,3.5548
48067,3.4360
48069,-0.0459
48071,3.2572
48073,3.5225
48075,7.6403
48077,7.6908
48079,0.3342
48085,1.8799
48087,7.6510
48089,3.8032
48091,2.2530
48093,-2.0911
48097,1.9750
48099,1.3566
48101,2.0957
48103,9.3639
48107,1.1419
48111,-1.1094
48113,3.3626
48115,1.4921
48117,4.8186
48119,3.8949
48121,1.8475
48123,1.5155
48125,-1.2536
48129,8.3621
48133,4.2094
48135,3.8162
48139,3.5885
48141,0.8803
48143,-1.6131
48145,3.2699
48147,4.8651
48149,3.1260
48151,6.0773
48153,0.6180
48157,1.6123
48159,8.0051
48161,2.4146
48163,8.0885
48165,-1.3401
48167,3.4176
48171,4.8709
48173,0.6924
48175,1.8340
48177,4.8212
48179,1.0200
48181,1.9599
48183,3.3695
48185,5.5418
48187,2.1529
48189,2.8828
48191,3.2153
48195,-0.3392
48199,2.6915
48201,4.1179
48203,3.5104
48207,3.8481
48209,1.8732
48213,1.0660
48215,1.3309
48217,2.8423
48219,0.4748
48223,2.6919
48225,4.6204
48227,0.6305
48231,4.4948
48233,2.5916
48239,5.5099
48241,3.5943
48245,3.7283
48249,5.0169
48251,2.3280
48253,6.2102
48255,5.5097
48257,0.9756
48259,2.7359
48265,-1.3013
48267,-0.9096
48273,1.6361
48275,12.5081
48277,3.3796
48279,4.9799
48281,-0.9749
48285,4.5964
48287,1.8003
48289,5.5866
48291,2.4857
48293,3.2433
48295,-0.9966
48299,-2.0482
48303,4.4154
48305,3.0907
48307,-1.1335
48309,3.7890
48313,3.8110
48315,4.1317
48321,4.9477
48323,9.0561
48325,0.7333
48329,2.8911
48331,4.5739
48335,8.6127
48339,2.1100
48341,3.2268
48343,4.1567
48347,5.3052
48349,3.1584
48351,4.8062
48353,7.2606
48355,2.7030
48357,-0.6368
48361,3.7920
48363,1.2390
48365,2.5630
48367,1.8957
48371,-0.7568
48373,1.6532
48375,3.3636
48379,3.4711
48381,-0.0559
48383,-0.2966
48387,3.0530
48389,3.1387
48391,0.4815
48395,4.8581
48397,1.3041
48401,2.1691
48403,3.3777
48405,0.4592
48407,2.0255
48409,1.6599
48415,2.4433
48419,5.2162
48423,4.6219
48425,-0.1637
48429,8.8204
48437,0.4562
48439,3.1663
48441,4.1423
48445,9.5155
48449,4.7833
48451,3.6518
48453,4.5517
48455,4.6267
48457,4.8375
48459,2.9586
48461,-2.5640
48463,3.6241
48465,5.9977
48467,1.7684
48469,3.0166
48471,3.9560
48473,3.9462
48475,-1.0562
48477,4.4663
48479,3.7352
48481,4.6128
48483,3.9440
48485,2.8624
48487,6.0301
48489,-2.8882
48491,2.4465
48493,0.9786
48497,-0.6141
48499,0.9129
48503,-1.8745
49003,-2.2610
49005,1.7111
49007,-2.1970
49011,1.4756
49021,1.9410
49023,1.4856
49027,5.5635
49035,3.0123
49039,4.6035
49041,-1.2831
49043,0.9306
49045,-1.2149
49049,2.1164
49053,1.8138
49057,1.0169
50001,5.6630
50003,-1.0260
50005,1.9278
50007,3.7302
50009,8.8340
50011,4.2212
50013,-3.0992
50015,3.4930
50017,1.3017
50019,-2.3860
50021,-1.3454
50023,-0.5259
50025,-1.9057
50027,1.7422
51001,3.2517
51005,0.5494
51007,2.1923
51009,1.7662
51011,2.3068
51013,3.6141
51015,0.3974
51023,0.6121
51025,3.2044
51027,4.3135
51029,0.7270
51031,1.7836
51033,0.9545
51035,-1.6368
51036,2.5491
51037,4.0659
51041,1.4461
51043,0.5854
51047,1.7669
51049,3.7698
51051,-2.7584
51053,0.8712
51057,2.2746
51059,2.7511
51061,2.7760
51063,10.4317
51065,2.8244
51067,1.9494
51071,2.3448
51073,1.7364
51075,1.3206
51077,-0.5857
51079,-0.2159
51083,3.4488
51085,1.0100
51087,3.0385
51089,2.1240
51093,2.5664
51097,1.5474
51099,1.3201
51101,2.0112
51103,4.4454
51105,8.3817
51107,1.4456
51109,1.8205
51111,0.0347
51113,-0.6626
51115,1.1210
51117,3.7627
51119,1.3653
51121,6.2251
51125,2.2392
51127,1.2758
51131,2.9986
51133,3.1949
51135,2.2159
51137,3.5330
51139,1.4409
51141,2.9098
51143,2.6655
51145,0.9361
51147,3.7949
51149,1.5983
51153,1.5311
51155,1.4457
51157,-1.0097
51159,0.7729
51161,2.5892
51163,0.3901
51167,-1.2623
51169,-2.6384
51171,0.0836
51173,1.4394
51175,2.9904
51177,1.3469
51179,0.7588
51181,-0.6246
51183,2.7800
51185,3.4590
51187,1.5650
51191,2.8292
51193,0.9468
51195,2.5531
51197,3.5063
51199,1.0649
51510,3.7646
51520,2.7277
51530,2.8869
51540,3.9133
51550,2.0650
51570,3.2358
51580,1.9224
51590,5.1091
51595,1.4639
51610,1.7223
51620,7.2098
51630,2.8051
51640,3.7549
51650,2.4491
51660,2.1158
51670,1.9773
51680,4.2696
51683,0.8025
51685,1.2056
51690,3.2692
51700,3.2640
51710,3.8983
51720,-1.7037
51730,2.8957
51740,3.4142
51750,1.3959
51760,4.6515
51770,3.0001
51775,4.3389
51790,4.7727
51800,2.7695
51810,1.6924
51820,2.4214
51840,2.2428
53005,1.6611
53007,1.4638
53009,2.1976
53011,3.1073
53015,8.0669
53017,0.5179
53021,2.0138
53025,5.7079
53027,0.5293
53029,1.5645
53031,-0.6985
53033,3.8934
53035,3.1011
53037,7.3646
53041,1.7898
53043,17.1051
53045,-2.0013
53047,-1.8628
53049,0.3660
53053,2.4665
53055,2.4359
53057,0.2745
53061,1.6146
53063,4.5926
53067,1.2952
53071,0.8158
53073,0.0334
53075,1.1164
53077,0.4304
54001,-0.6232
54003,1.5338
54005,-2.0206
54007,0.4116
54009,2.5038
54011,3.0900
54019,1.6309
54021,-2.2579
54025,3.1275
54027,8.4455
54029,3.4093
54031,9.4683
54033,4.0300
54037,0.1859
54039,3.3378
54041,-2.6764
54045,2.4253
54047,1.5615
54049,2.2278
54051,2.1699
54053,-3.0109
54055,1.4357
54057,1.9620
54059,2.7060
54061,2.8957
54063,-1.0317
54065,7.4551
54069,6.4319
54073,8.6095
54079,5.6099
54081,3.3802
54089,-2.6571
54091,-0.6171
54095,4.5910
54097,-1.2801
54107,4.0045
54109,1.8379
55001,2.9888
55003,6.0610
55005,6.4720
55007,-1.5504
55009,5.3919
55013,-2.9936
55015,11.7012
55017,6.3825
55019,6.3755
55021,-0.9005
55023,-2.1959
55025,6.0599
55027,-0.9472
55029,1.0542
55031,-1.0664
55033,4.4806
55035,8.3915
55039,6.7362
55041,9.4341
55043,-1.3310
55045,1.8004
55047,5.1898
55049,1.7963
55053,1.0752
55055,0.4360
55057,2.9105
55059,2.4367
55061,-0.8115
55063,3.4002
55065,10.0017
55067,2.3537
55071,6.1508
55073,2.4887
55075,1.1204
55077,-3.8334
55079,5.1404
55081,0.2408
55083,0.8924
55085,3.9439
55087,6.5984
55089,0.1599
55091,0.3221
55093,-1.0474
55095,-0.7540
55097,-1.9161
55099,2.8911
55101,5.4005
55103,-3.8044
55105,5.9815
55107,-1.5250
55109,0.9595
55111,1.9310
55113,-1.9458
55115,-1.7921
55117,1.9181
55121,12.8944
55123,-0.2436
55125,3.0787
55127,1.4047
55129,3.8853
55131,2.2185
55133,1.9911
55135,-1.7308
55137,2.9172
55139,3.9004
55141,2.3835
56001,1.2085
56005,10.6469
56013,5.1789
56021,5.3331
56025,1.3398
